time_local_15m,ahu_2_air_damper_mode_sp,ahu_2_air_discharge_enable_cmd,ahu_2_air_discharge_enable_sensor,ahu_2_air_discharge_mode_sp,ahu_2_air_discharge_temp_sensor,ahu_2_air_discharge_temp_sensor_cooling,ahu_2_air_discharge_temp_sensor_heating,ahu_2_air_discharge_temp_sp_cooling,ahu_2_air_discharge_temp_sp_heating,ahu_2_air_discharge_temp_sp_high,ahu_2_air_discharge_temp_sp_low,ahu_2_air_return_temp_sp_cooling,ahu_2_air_return_temp_sp_heating,ahu_2_chilled_water_valve_sp_percent,ahu_2_enable_cmd,ahu_2_fan_air_discharge_delta_pressure_sensor,ahu_2_fan_air_discharge_flow_sensor_percent,ahu_2_fan_air_discharge_pressure_sensor,ahu_2_fan_air_discharge_pressure_sp_high,ahu_2_fan_air_discharge_pressure_sp_low,ahu_2_hot_water_valve_sp_percent,ahu_2_outside_air_damper_cmd,ahu_2_outside_air_temp_sensor,weather_outside_air_temp
2026-08-03 10:45:00,2,0,0,2,26.224349975586,26.5,26.3849992752075,23,21,30,10,26.8699989318848,26.8749990463257,0,1,4.12386131286621,0,150,150,150,0,0,25.6587657928467,25.5175
2026-08-03 11:00:00,2,0,0,2,26.3426113128662,26.5,26.3699989318848,23,21,30,10,26.8699989318848,26.8499984741211,0,1,4.1213264465332,0,150,150,150,0,0,25.5826320648193,26.22
2026-08-03 11:15:00,2,0,0,2,26.3370304107667,26.4849996566773,26.3249998092652,23,21,30,10,26.8449993133545,26.8149995803833,0,1,4.12466049194336,0,150,150,150,0,0,25.5267724990845,26.9225
2026-08-03 11:30:00,2,0,0,2,26.3004131317139,26.4699993133545,26.2999992370605,23,21,30,10,26.8299999237061,26.7899990081787,0,1,4.12339496612549,0,150,150,150,0,0,25.4909191131592,27.625
2026-08-03 11:45:00,2,0,0,2,26.211353302002,26.4699993133545,26.2849988937378,23,21,30,10,26.8199996948243,26.7699995040894,0,1,3.61307013034821,0,150,150,150,0,0,25.491515159607,28.3275
2026-08-03 12:00:00,2,0,0,2,26.1694030761719,26.4499988555908,26.269998550415,23,21,30,10,26.7999992370605,26.75,0,1,4.12428140640259,0,150,150,150,0,0,25.4661235809326,29.03
2026-08-03 12:15:00,2,0,0,2,26.1160459518433,26.439998626709,26.2550001144409,23,21,30,10,26.7549991607666,26.7249994277954,0,1,4.12565302848816,0,132,132,132,0,0,25.4641780853272,28.6675
2026-08-03 12:30:00,2,0,0,2,26.0752582550049,26.4499988555908,26.25,23,21,30,10,26.6299991607666,26.6999988555908,0,1,4.13002920150757,0,132,132,132,0,0,25.4660663604736,28.305
2026-08-03 12:45:00,2,0,0,2,25.9857683181763,26.439998626709,26.2399997711182,23,21,30,10,26.4649991989136,26.7149991989136,0,1,1.59629195928574,0,50,50,50,0,0,25.5644483566284,27.9425
2026-08-03 13:00:00,2,0,0,2,25.9516296386719,26.4200000762939,26.2299995422363,23,21,30,10,26.2600002288818,26.7099990844727,0,1,1.48079800605774,0,50,50,50,0,0,25.614933013916,27.58
2026-08-03 13:15:00,2,0,0,2,25.9224872589112,26.359998703003,26.2399997711182,23,21,30,10,26.1149997711182,26.7099990844727,0,1,2.093705534935,0,50,50,50,0,0,25.7026128768921,27.215
2026-08-03 13:30:00,2,0,0,2,25.9225082397461,26.3099994659424,26.25,23,21,30,10,26.0799999237061,26.7099990844727,0,1,1.48292875289917,0,50,50,50,0,0,25.7422332763672,26.85
2026-08-03 13:45:00,2,0,0,2,25.9728202819824,26.2549991607666,26.2349996566773,23,21,30,10,25.8649988174439,26.6949987411499,0,1,4.12330555915833,0,138,138,138,0,0,25.6674852371216,26.485
2026-08-03 14:00:00,2,0,0,2,25.9888820648193,26.1999988555908,26.2299995422363,23,21,30,10,25.7600002288818,26.6800003051758,0,1,4.1226806640625,0,138,138,138,0,0,25.6143608093262,26.12
2026-08-03 14:15:00,2,0,0,2,25.9810295104981,26.1549997329712,26.2299995422363,23,21,30,10,25.6149997711182,26.6599998474121,0,1,4.12273383140564,0,144,144,144,0,0,25.5781202316284,25.7575
2026-08-03 14:30:00,2,0,0,2,25.9704170227051,26.1099987030029,26.2199993133545,23,21,30,10,25.4099998474121,26.6499996185303,0,1,4.12400388717651,0,144,144,144,0,0,25.5523509979248,25.395
2026-08-03 14:45:00,2,0,0,2,25.8484249114991,26.0599994659424,26.2249994277955,23,21,30,10,25.3299989700317,26.664999961853,0,0,1.476189494133,0,144,144,144,0,0,25.8741464614868,25.0325
2026-08-03 15:00:00,2,0,0,2,25.8136425018311,26.0100002288818,26.2399997711182,23,21,30,10,25.2899990081787,26.6800003051758,0,0,1.47680151462555,0,144,144,144,0,0,26.2103424072266,24.67
2026-08-03 15:15:00,2,0,0,2,25.8244352340699,25.9799995422364,26.2600002288818,23,21,30,10,25.1699991226197,26.7249994277955,0,0,1.47952514886856,0,150,150,150,0,0,26.3300561904907,24.835
2026-08-03 15:30:00,2,0,0,2,25.8238182067871,25.9599990844727,26.269998550415,23,21,30,10,25.1000003814697,26.769998550415,0,0,1.47671175003052,0,150,150,150,0,0,26.3949432373047,25
2026-08-03 15:45:00,2,0,0,2,25.8295440673828,25.9049987792969,26.2600002288818,23,21,30,10,25.1099996566773,26.7849988937378,0,0,1.47681212425232,0,150,150,150,0,0,26.4605379104615,25.165
2026-08-03 16:00:00,2,0,0,2,25.8394794464111,25.8599987030029,26.2999992370605,23,21,30,10,25.1299991607666,26.7999992370605,0,0,1.4780809879303,0,150,150,150,0,0,26.4998092651367,25.33
2026-08-03 16:15:00,2,0,0,2,25.8265638351441,25.8999996185303,26.2849988937378,23,21,30,10,25.1099996566773,26.7999992370605,0,0,1.47841060161591,0,150,150,150,0,0,26.5597496032715,25.4975
2026-08-03 16:30:00,2,0,0,2,25.8253402709961,25.8199996948242,26.2899990081787,23,21,30,10,25.1099987030029,26.8099994659424,0,0,1.48022282123566,0,150,150,150,0,0,26.5841751098633,25.665
2026-08-03 16:45:00,2,0,0,2,25.8763685226441,25.859998703003,26.2999992370605,23,21,30,10,25.0649995803833,26.8249998092652,0,0,1.47742050886155,0,138,138,138,0,0,26.4631633758545,25.8325
2026-08-03 17:00:00,2,0,0,2,25.8973598480225,25.8199996948242,26.3099994659424,23,21,30,10,25.0299987792969,26.8199996948242,0,0,1.47822046279907,0,138,138,138,0,0,26.399019241333,26
2026-08-03 17:15:00,2,0,0,2,25.9082365036011,25.8199996948243,26.3099994659424,23,21,30,10,25.1199989318848,26.8299999237061,0,0,1.7454794049263,0,138,138,138,0,0,26.3371829986572,26.165
2026-08-03 17:30:00,2,0,0,2,25.9141845703125,25.7899990081787,26.3199996948242,23,21,30,10,25.1199989318848,26.8400001525879,0,0,1.47752571105957,0,138,138,138,0,0,26.2868022918701,26.33
2026-08-03 17:45:00,2,0,0,2,25.9279794692993,25.7599992752075,26.3149995803833,23,21,30,10,25.1249990463257,26.8449993133545,0,0,1.47800391912461,0,114,114,114,0,0,26.2307147979737,26.495
2026-08-03 18:00:00,2,0,0,2,25.930908203125,25.7099990844727,26.3199996948242,23,21,30,10,25.1499996185303,26.8499984741211,0,0,1.97269582748413,0,114,114,114,0,0,26.1901168823242,26.66
2026-08-03 18:15:00,2,0,0,2,25.9786777496338,25.7649993896484,26.3199996948242,23,21,30,10,25.164999961853,26.8399991989136,0,0,1.51036626100541,0,114,114,114,0,0,26.0808172225953,26.62
2026-08-03 18:30:00,2,0,0,2,26.0022144317627,25.7600002288818,26.3199996948242,23,21,30,10,25.2299995422363,26.8499984741211,0,0,1.58723211288452,0,114,114,114,0,0,26.0085792541504,26.58
2026-08-03 18:45:00,2,0,0,2,26.0515480041504,25.7349996566773,26.3299999237061,23,21,30,10,25.1799993515015,26.854998588562,0,0,1.49587523937226,0,50,50,50,0,0,25.9214897155762,26.54
2026-08-03 19:00:00,2,0,0,2,26.0753574371338,25.769998550415,26.3199996948242,23,21,30,10,25.2099990844727,26.8499984741211,0,0,1.49212241172791,0,50,50,50,0,0,25.8509750366211,26.5
2026-08-03 19:15:00,2,0,0,2,26.1153135299683,25.6849994659424,26.3199996948242,23,21,30,10,25.2399997711182,26.8499984741211,0,0,1.4841474890709,0,50,50,50,0,0,25.8094167709351,26.46
2026-08-03 19:30:00,2,0,0,2,26.1657123565674,25.6800003051758,26.3199996948242,23,21,30,10,25.25,26.8599987030029,0,0,1.47742319107056,0,50,50,50,0,0,25.7404117584229,26.42
2026-08-03 19:45:00,2,0,0,2,26.1934671401978,25.6849994659424,26.3249998092652,23,21,30,10,25.2899990081787,26.8599987030029,0,0,1.48168605566025,0,50,50,50,0,0,25.7041997909546,26.38
2026-08-03 20:00:00,2,0,0,2,26.2106132507324,25.7399997711182,26.3299999237061,23,21,30,10,25.2999992370605,26.8499984741211,0,0,1.48048567771912,0,50,50,50,0,0,25.6838722229004,26.34
2026-08-03 20:15:00,2,0,0,2,26.2261390686035,25.6949996948243,26.3299999237061,23,21,30,10,25.3399991989136,26.8499984741211,0,0,1.48131853342057,0,50,50,50,0,0,25.6565885543823,26.3
2026-08-03 20:30:00,2,0,0,2,26.2530326843262,25.7299995422363,26.3400001525879,23,21,30,10,25.3500003814697,26.8699989318848,0,0,1.48051774501801,0,50,50,50,0,0,25.6270427703857,26.26
2026-08-03 20:45:00,2,0,0,2,26.2627038955689,25.7049989700318,26.3399991989136,23,21,30,10,25.3899993896485,26.8699989318848,0,0,1.47789657115937,0,50,50,50,0,0,25.607177734375,26.22
2026-08-03 21:00:00,2,0,0,2,26.2622566223145,25.6700000762939,26.3499984741211,23,21,30,10,25.4699993133545,26.8699989318848,0,0,1.47889995574951,0,50,50,50,0,0,25.6098823547363,26.18
2026-08-03 21:15:00,2,0,0,2,26.250506401062,25.7249994277954,26.354998588562,23,21,30,10,25.4149990081787,26.8699989318848,0,0,1.48298460245133,0,50,50,50,0,0,25.6081895828247,25.995
2026-08-03 21:30:00,2,0,0,2,26.2440071105957,25.7299995422363,26.3599987030029,23,21,30,10,25.4799995422363,26.8699989318848,0,0,1.47518277168274,0,50,50,50,0,0,25.6114387512207,25.81
2026-08-03 21:45:00,2,0,0,2,26.2322864532471,25.7199993133545,26.359998703003,23,21,30,10,25.5100002288818,26.8749990463257,0,0,1.47797536849976,0,50,50,50,0,0,25.6150779724121,25.625
2026-08-03 22:00:00,2,0,0,2,26.2348670959473,25.7399997711182,26.3599987030029,23,21,30,10,25.5299987792969,26.8699989318848,0,0,1.47691524028778,0,50,50,50,0,0,25.6219367980957,25.44
2026-08-03 22:15:00,2,0,0,2,26.245436668396,25.7549991607666,26.3599987030029,23,21,30,10,25.5649995803833,26.8799991607666,0,0,1.48000687360764,0,50,50,50,0,0,25.6196460723877,25.255
2026-08-03 22:30:00,2,0,0,2,26.2613925933838,25.7399997711182,26.3699989318848,23,21,30,10,25.519998550415,26.8799991607666,0,0,1.48106050491333,0,50,50,50,0,0,25.6118278503418,25.07
2026-08-03 22:45:00,2,0,0,2,26.2927036285401,25.7649993896485,26.3649988174439,23,21,30,10,25.6049995422364,26.8799991607666,0,0,1.47786718606949,0,50,50,50,0,0,25.6079845428467,24.885
2026-08-03 23:00:00,2,0,0,2,26.3244190216064,25.75,26.3799991607666,23,21,30,10,25.6399993896484,26.8899993896484,0,0,1.47931182384491,0,50,50,50,0,0,25.581600189209,24.7
2026-08-03 23:15:00,2,0,0,2,26.3426952362061,25.7449998855591,26.3849992752075,23,21,30,10,25.6399993896484,26.8849992752075,0,0,1.47594970464707,0,50,50,50,0,0,25.5680942535401,24.515
2026-08-03 23:30:00,2,0,0,2,26.3554992675781,25.769998550415,26.3699989318848,23,21,30,10,25.6599998474121,26.8899993896484,0,0,1.47781181335449,0,50,50,50,0,0,25.5615921020508,24.33
2026-08-03 23:45:00,2,0,0,2,26.3698701858521,25.7599992752076,26.3749990463257,23,21,30,10,25.6799993515015,26.8799991607666,0,0,1.47558903694153,0,50,50,50,0,0,25.5596923828125,24.145
2026-08-04 00:00:00,2,0,0,2,26.3812561035156,25.7899990081787,26.3899993896484,23,21,30,10,25.7299995422363,26.8899993896484,0,0,1.4816620349884,0,50,50,50,0,0,25.5597591400146,22.1
2026-08-04 00:15:00,2,0,0,2,26.377727508545,25.7699995040894,26.3899993896484,23,21,30,10,25.7449998855591,26.8899993896484,0,0,1.47777891159058,0,50,50,50,0,0,25.5662612915039,21.9725
2026-08-04 00:30:00,2,0,0,2,26.36474609375,25.7899990081787,26.3899993896484,23,21,30,10,25.7600002288818,26.8899993896484,0,0,1.47684383392334,0,50,50,50,0,0,25.5731067657471,21.845
2026-08-04 00:45:00,2,0,0,2,26.3677129745484,25.7849988937378,26.3799991607666,23,21,30,10,25.7799987792969,26.8949995040894,0,0,1.47804844379425,0,50,50,50,0,0,25.5786714553833,21.7175
2026-08-04 01:00:00,2,0,0,2,26.378101348877,25.8099994659424,26.3999996185303,23,21,30,10,25.7899990081787,26.8999996185303,0,0,1.48009586334229,0,50,50,50,0,0,25.5712261199951,21.59
2026-08-04 01:15:00,2,0,0,2,26.375883102417,25.7949991226196,26.3949995040894,23,21,30,10,25.7999992370606,26.8999996185303,0,0,1.47846478223801,0,50,50,50,0,0,25.5766439437866,21.4625
2026-08-04 01:30:00,2,0,0,2,26.356466293335,25.8099994659424,26.3999996185303,23,21,30,10,25.8400001525879,26.8999996185303,0,0,1.47895848751068,0,50,50,50,0,0,25.586540222168,21.335
2026-08-04 01:45:00,2,0,0,2,26.3643245697022,25.8199996948243,26.3899993896484,23,21,30,10,25.8699989318848,26.8999996185303,0,0,1.47998839616776,0,50,50,50,0,0,25.5889987945557,21.2075
2026-08-04 02:00:00,2,0,0,2,26.3440418243408,25.8099994659424,26.3999996185303,23,21,30,10,25.8899993896484,26.9099998474121,0,0,1.48024833202362,0,50,50,50,0,0,25.595552444458,21.08
2026-08-04 02:15:00,2,0,0,2,26.3606100082398,25.8249998092652,26.4049997329712,23,21,30,10,25.8899993896484,26.9049997329712,0,0,1.48101234436036,0,50,50,50,0,0,25.5927000045777,20.9525
2026-08-04 02:30:00,2,0,0,2,26.3798007965088,25.8299999237061,26.3999996185303,23,21,30,10,25.9200000762939,26.8999996185303,0,0,1.48126697540283,0,50,50,50,0,0,25.5899829864502,20.825
2026-08-04 02:45:00,2,0,0,2,26.3953037261963,25.859998703003,26.4049997329712,23,21,30,10,25.920000076294,26.8999996185303,0,0,1.47701090574265,0,50,50,50,0,0,25.5894184112549,20.6975
2026-08-04 03:00:00,2,0,0,2,26.4213466644287,25.8400001525879,26.4099998474121,23,21,30,10,25.9599990844727,26.8999996185303,0,0,1.47722458839417,0,50,50,50,0,0,25.5862121582031,20.57
2026-08-04 03:15:00,2,0,0,2,26.4355583190918,25.8749990463257,26.4049997329712,23,21,30,10,25.9599990844727,26.9099998474121,0,0,1.4809627532959,0,50,50,50,0,0,25.5844974517823,20.5525
2026-08-04 03:30:00,2,0,0,2,26.4413223266602,25.8699989318848,26.3999996185303,23,21,30,10,25.9899997711182,26.9099998474121,0,0,1.47993862628937,0,50,50,50,0,0,25.5855541229248,20.535
2026-08-04 03:45:00,2,0,0,2,26.4480667114258,25.8849992752076,26.414999961853,23,21,30,10,26.0099992752076,26.9099998474121,0,0,1.47995913028718,0,50,50,50,0,0,25.5886402130127,20.5175
2026-08-04 04:00:00,2,0,0,2,26.453860282898,25.9049997329712,26.4250001907349,23,21,30,10,26.0299987792969,26.9099998474121,0,0,1.48092889785767,0,50,50,50,0,0,25.5918321609497,20.5
2026-08-04 04:15:00,2,0,0,2,26.4556903839111,25.9200000762939,26.4300003051758,23,21,30,10,26.0399990081787,26.9099998474121,0,0,1.47936284542084,0,50,50,50,0,0,25.5924911499023,20.4825
2026-08-04 04:30:00,2,0,0,2,26.4639434814454,25.9200000762939,26.4200000762939,23,21,30,10,26.0499992370605,26.9200000762939,0,0,1.48142385482788,0,50,50,50,0,0,25.5939512252808,20.465
2026-08-04 04:45:00,2,0,0,2,26.4696102142334,25.9200000762939,26.4300003051758,23,21,30,10,26.0699996948242,26.9200000762939,0,0,1.48120498657227,0,50,50,50,0,0,25.5948963165283,20.4475
2026-08-04 05:00:00,2,0,0,2,26.4770212173462,25.9399995803833,26.4250001907349,23,21,30,10,26.085000038147,26.9200000762939,0,0,1.47883754968644,0,50,50,50,0,0,25.5973205566407,20.43
2026-08-04 05:15:00,2,0,0,2,26.4783153533936,25.939998626709,26.439998626709,23,21,30,10,26.1299991607666,26.9300003051758,0,0,1.478968501091,0,50,50,50,0,0,25.5992221832275,20.4125
2026-08-04 05:30:00,2,0,0,2,26.4823083877564,25.9599990844727,26.4399995803833,23,21,30,10,26.1299991607666,26.9200000762939,0,0,1.47912782430649,0,50,50,50,0,0,25.6008319854737,20.395
2026-08-04 05:45:00,2,0,0,2,26.48801612854,25.9799995422363,26.4499988555908,23,21,30,10,26.1299991607666,26.9300003051758,0,0,1.4803227186203,0,50,50,50,0,0,25.6017532348633,20.3775
2026-08-04 06:00:00,2,0,0,2,26.4933767318726,25.9849996566773,26.4499988555909,23,21,30,10,26.164999961853,26.9300003051758,0,0,1.48107874393463,0,50,50,50,0,0,25.5960884094238,20.36
2026-08-04 06:15:00,2,0,0,2,26.5058364868164,25.9699993133545,26.4499988555908,23,21,30,10,26.1700000762939,26.9300003051758,0,0,1.4793666601181,0,50,50,50,0,0,25.5909538269043,20.445
2026-08-04 06:30:00,2,0,0,2,26.5158700942993,25.9899997711182,26.4499988555908,23,21,30,10,26.1800003051758,26.9300003051758,0,0,1.47990220785141,0,50,50,50,0,0,25.5962038040162,20.53
2026-08-04 06:45:00,2,0,0,2,26.5217666625977,26,26.4599990844727,23,21,30,10,26.2099990844727,26.939998626709,0,0,1.48369216918945,0,50,50,50,0,0,25.6007442474365,20.615
2026-08-04 07:00:00,2,0,0,2,26.5244884490967,26.0100002288818,26.4699993133545,23,21,30,10,26.2149991989136,26.9349994659424,0,0,1.48137348890305,0,50,50,50,0,0,25.6012735366822,20.7
2026-08-04 07:15:00,2,0,0,2,26.5280017852783,26.019998550415,26.4599990844727,23,21,30,10,26.2299995422363,26.939998626709,0,0,1.48139369487762,0,50,50,50,0,0,25.6014919281006,20.785
2026-08-04 07:30:00,2,0,0,2,26.5249862670899,26.0349988937378,26.4649991989136,23,21,30,10,26.2449998855591,26.9499988555908,0,1,3.10916924476624,0,73.5,73.5,73.5,0,0,25.6105947494507,20.87
2026-08-04 07:45:00,2,0,0,2,26.5144271850586,26.0399990081787,26.439998626709,23,21,30,10,26.25,26.9499988555908,0,1,4.12056255340576,0,97,97,97,0,0,25.6133670806885,20.955
2026-08-04 08:00:00,2,0,0,2,26.4792423248291,26.0399990081787,26.414999961853,23,21,30,10,26.269998550415,26.9300003051758,0,1,4.1207537651062,0,105,105,105,0,0,25.6030397415161,21.04
2026-08-04 08:15:00,2,0,0,2,26.436056137085,26.0299987792969,26.3999996185303,23,21,30,10,26.2199993133545,26.9099998474121,0,1,4.12481117248535,0,108,108,108,0,0,25.5928058624268,21.1225
2026-08-04 08:30:00,2,0,0,2,26.3915719985962,26.0349988937378,26.3699989318848,23,21,30,10,26.1299991607666,26.8999996185303,0,1,3.59849750995636,0,117,117,117,0,0,25.580735206604,21.205
2026-08-04 08:45:00,2,0,0,2,26.3126678466797,26.019998550415,26.3499984741211,23,21,30,10,25.9200000762939,26.8599987030029,0,1,2.11203122138977,0,120,120,120,0,0,25.5836009979248,21.2875
2026-08-04 09:00:00,2,0,0,2,26.26406955719,26.0099992752075,26.3249998092652,23,21,30,10,25.6249990463257,26.8499984741211,0,1,3.07507598400116,0,129,129,129,0,0,25.5731973648072,21.37
2026-08-04 09:15:00,2,0,0,2,26.2164459228516,25.9899997711182,26.2999992370605,23,21,30,10,25.5299987792969,26.8299999237061,0,1,3.07865285873413,0,132,132,132,0,0,25.5676803588867,21.6375
2026-08-04 09:30:00,2,0,0,2,26.1819534301758,25.9549989700318,26.2849988937378,23,21,30,10,25.3149995803833,26.8049993515015,0,1,2.59365582466126,0,138,138,138,0,0,25.5414009094238,21.905
2026-08-04 09:45:00,2,0,0,2,26.1480808258057,25.8999996185303,26.2899990081787,23,21,30,10,25.1999988555908,26.7799987792969,0,1,3.07833099365234,0,138,138,138,0,0,25.5163707733154,22.1725
2026-08-04 10:00:00,2,0,0,2,26.1179513931275,25.8849992752076,26.2699995040894,23,21,30,10,24.960000038147,26.7649993896484,0,1,2.59353029727936,0,147,147,147,0,0,25.5005569458008,22.44
2026-08-04 10:15:00,2,0,0,2,26.081995010376,25.8400001525879,26.25,23,21,30,10,24.8999996185303,26.75,0,1,3.07503151893616,0,150,150,150,0,0,25.4874458312988,22.705
2026-08-04 10:30:00,2,0,0,2,26.0456495285034,25.8149995803833,26.2449998855591,23,21,30,10,24.7499990463257,26.7349996566773,0,1,2.59079682826996,0,150,150,150,0,0,25.4693403244019,22.97
2026-08-04 10:45:00,2,0,0,2,26.0181922912598,25.75,26.2199993133545,23,21,30,10,24.5699996948242,26.7099990844727,0,1,2.11951851844788,0,150,150,150,0,0,25.4510555267334,23.235
2026-08-04 11:00:00,2,0,0,2,25.9910659790039,25.7349996566773,26.2199993133545,23,21,30,10,24.4999990463257,26.689998626709,0,1,2.10748982429505,0,150,150,150,0,0,25.4414043426514,23.5
2026-08-04 11:15:00,2,0,0,2,25.9646797180176,25.6099987030029,26.2199993133545,23,21,30,10,24.5,26.6800003051758,0,1,2.95109343528748,0,150,150,150,0,0,25.4366512298584,23.765
2026-08-04 11:30:00,2,0,0,2,25.9422798156738,25.6699991226197,26.1999988555908,23,21,30,10,24.3449993133545,26.6750001907349,0,1,2.59079039096833,0,150,150,150,0,0,25.4319744110108,24.03
2026-08-04 11:45:00,2,0,0,2,25.9245834350586,25.5799999237061,26.1999988555908,23,21,30,10,24.3799991607666,26.6700000762939,0,1,3.07533144950867,0,150,150,150,0,0,25.4261951446533,24.295
2026-08-04 12:00:00,2,0,0,2,25.9090461730957,25.5799989700318,26.189998626709,23,21,30,10,24.2749996185303,26.6549997329712,0,1,2.10596704483033,0,141,141,141,0,0,25.4174280166626,24.56
2026-08-04 12:15:00,2,0,0,2,25.8973236083984,25.5100002288818,26.189998626709,23,21,30,10,24.2099990844727,26.6499996185303,0,1,2.10221552848816,0,132,132,132,0,0,25.4121704101562,24.925
2026-08-04 12:30:00,2,0,0,2,25.8886241912842,25.5799999237061,26.189998626709,23,21,30,10,24.229998588562,26.6549997329712,0,1,1.8565439581871,0,91,91,91,0,0,25.407473564148,25.29
2026-08-04 12:45:00,2,0,0,2,25.8794956207275,25.5499992370605,26.189998626709,23,21,30,10,24.0499992370605,26.6399993896484,0,1,1.47290945053101,0,50,50,50,0,0,25.4169731140137,25.655
2026-08-04 13:00:00,2,0,0,2,25.8791599273682,25.5199995040894,26.2049989700318,23,21,30,10,24.0900001525879,26.6599998474121,0,1,1.47915267944336,0,50,50,50,0,0,25.4224643707276,26.02
2026-08-04 13:15:00,2,0,0,2,25.8752708435059,25.519998550415,26.1999988555908,23,21,30,10,24.0699996948242,26.6599998474121,0,1,1.48233699798584,0,50,50,50,0,0,25.4279479980469,26.3875
2026-08-04 13:30:00,2,0,0,2,25.8781614303589,25.4549989700318,26.2099990844727,23,21,30,10,24.0799989700317,26.6750001907349,0,1,2.28227669000626,0,94,94,94,0,0,25.4336814880371,26.755
2026-08-04 13:45:00,2,0,0,2,25.8925495147705,25.4300003051758,26.2099990844727,23,21,30,10,23.9899997711182,26.689998626709,0,1,3.08180999755859,0,138,138,138,0,0,25.4382076263428,27.1225
2026-08-04 14:00:00,2,0,0,2,25.889030456543,25.4299993515015,26.2099990844727,23,21,30,10,24.085000038147,26.6849994659424,0,1,3.19502270221711,0,141,141,141,0,0,25.4320030212403,27.49
2026-08-04 14:15:00,2,0,0,2,25.8798141479492,25.3899993896484,26.1999988555908,23,21,30,10,23.9099998474121,26.6800003051758,0,1,3.07756066322327,0,144,144,144,0,0,25.4259834289551,27.855
2026-08-04 14:30:00,2,0,0,2,25.8598575592041,25.4549989700318,26.1949987411499,23,21,30,10,23.9899997711182,26.6949987411499,0,0.5,2.28130978345871,0,144,144,144,0,0,25.4330835342408,28.22
2026-08-04 14:45:00,2,0,0,2,25.8330116271973,25.3999996185303,26.1999988555908,23,21,30,10,23.9200000762939,26.7099990844727,0,0,1.47528958320618,0,144,144,144,0,0,25.5564422607422,28.585
2026-08-04 15:00:00,2,0,0,2,25.8373641967774,25.4249992370606,26.2399997711182,23,21,30,10,23.9249992370606,26.7399997711182,0,0,1.47774469852448,0,147,147,147,0,0,25.6537561416626,28.95
2026-08-04 15:15:00,2,0,0,2,25.8618679046631,25.4799995422363,26.25,23,21,30,10,23.9699993133545,26.7600002288818,0,0,1.47662603855133,0,150,150,150,0,0,25.6854877471924,29.01
2026-08-04 15:30:00,2,0,0,2,25.8887538909912,25.4099998474121,26.2649993896484,23,21,30,10,23.9449996948242,26.7699995040894,0,0,1.47865509986878,0,150,150,150,0,0,25.6662073135376,29.07
2026-08-04 15:45:00,2,0,0,2,25.9063148498535,25.4099998474121,26.2799987792969,23,21,30,10,23.8999996185303,26.7899990081787,0,0,1.47574436664581,0,150,150,150,0,0,25.6907386779785,29.13
2026-08-04 16:00:00,2,0,0,2,25.883828163147,25.3899993896484,26.2849988937378,23,21,30,10,23.9499998092652,26.7899990081787,0,0,1.47914928197861,0,150,150,150,0,0,25.8066329956055,29.19
2026-08-04 16:15:00,2,0,0,2,25.8847618103027,25.2999992370605,26.2999992370605,23,21,30,10,23.9799995422363,26.7899990081787,0,0,1.47928535938263,0,150,150,150,0,0,25.879056930542,29.2525
2026-08-04 16:30:00,2,0,0,2,25.8852910995484,25.3199987411499,26.2849988937378,23,21,30,10,24.0599994659424,26.8099994659424,0,0,1.47940504550934,0,144,144,144,0,0,25.9253063201905,29.315
2026-08-04 16:45:00,2,0,0,2,25.9702472686768,25.3599987030029,26.3099994659424,23,21,30,10,24.0399990081787,26.8099994659424,0,0,1.48536729812622,0,138,138,138,0,0,25.8236351013184,29.3775
2026-08-04 17:00:00,2,0,0,2,26.0013427734375,25.289999961853,26.3199996948242,23,21,30,10,24.164999961853,26.8149995803833,0,0,1.47705972194672,0,138,138,138,0,0,25.7980604171753,29.44
2026-08-04 17:15:00,2,0,0,2,26.0139865875244,25.3999996185303,26.3299999237061,23,21,30,10,24.2399997711182,26.8400001525879,0,0,1.48055613040924,0,138,138,138,0,0,25.7885684967041,29.5
2026-08-04 17:30:00,2,0,0,2,26.0218887329102,25.3649997711182,26.3399991989136,23,21,30,10,24.2599992752075,26.8499984741211,0,0,1.48013466596604,0,126,126,126,0,0,25.7875986099243,29.56
2026-08-04 17:45:00,2,0,0,2,26.0378227233887,25.3699989318848,26.3499984741211,23,21,30,10,24.3199996948242,26.8599987030029,0,0,1.47611224651337,0,114,114,114,0,0,25.7758884429932,29.62
2026-08-04 18:00:00,2,0,0,2,26.0698165893555,25.3349990844727,26.3549995422364,23,21,30,10,24.3500003814697,26.8599987030029,0,0,1.47780054807663,0,114,114,114,0,0,25.7549753189087,29.68
2026-08-04 18:15:00,2,0,0,2,26.0595188140869,25.3099994659424,26.3699989318848,23,21,30,10,24.3999996185303,26.8699989318848,0,0,1.47889196872711,0,114,114,114,0,0,25.7655811309814,29.18
2026-08-04 18:30:00,2,0,0,2,26.0840530395508,25.2449998855591,26.3749990463257,23,21,30,10,24.4949998855591,26.8799991607666,0,0,1.47823518514634,0,82,82,82,0,0,25.7506093978882,28.68
2026-08-04 18:45:00,2,0,0,2,26.0955924987793,25.3799991607666,26.3699989318848,23,21,30,10,24.519998550415,26.8799991607666,0,0,1.48057627677917,0,50,50,50,0,0,25.7409400939941,28.18
2026-08-04 19:00:00,2,0,0,2,26.0884304046631,25.2550001144409,26.3899993896485,23,21,30,10,24.5399990081787,26.8899993896484,0,0,1.47765469551087,0,50,50,50,0,0,25.7528810501099,27.68
2026-08-04 19:15:00,2,0,0,2,26.0934238433838,25.3899993896484,26.3899993896484,23,21,30,10,24.5799999237061,26.8999996185303,0,0,1.47838079929352,0,50,50,50,0,0,25.7523384094238,27.18
2026-08-04 19:30:00,2,0,0,2,26.1058034896851,25.3699998855591,26.3999996185303,23,21,30,10,24.6599998474121,26.8999996185303,0,0,1.48080587387085,0,50,50,50,0,0,25.7537145614624,26.68
2026-08-04 19:45:00,2,0,0,2,26.1497859954834,25.3199996948242,26.3899993896484,23,21,30,10,24.7299995422363,26.8999996185303,0,0,1.47994780540466,0,50,50,50,0,0,25.7307815551758,26.18
2026-08-04 20:00:00,2,0,0,2,26.1263933181763,25.3499994277954,26.4099998474121,23,21,30,10,24.7949991226196,26.9099998474121,0,0,1.47506850957871,0,50,50,50,0,0,25.7464246749878,25.68
2026-08-04 20:15:00,2,0,0,2,26.14182472229,25.3099994659424,26.4099998474121,23,21,30,10,24.7899990081787,26.9200000762939,0,0,2.04206490516663,0,50,50,50,0,0,25.744457244873,25.1825
2026-08-04 20:30:00,2,0,0,2,26.1744804382324,25.3299989700318,26.4099998474121,23,21,30,10,24.8349990844727,26.914999961853,0,0,1.47773003578187,0,50,50,50,0,0,25.7299299240113,24.685
2026-08-04 20:45:00,2,0,0,2,26.194938659668,25.3999996185303,26.4099998474121,23,21,30,10,24.8799991607666,26.9099998474121,0,0,1.47543096542358,0,50,50,50,0,0,25.7189083099365,24.1875
2026-08-04 21:00:00,2,0,0,2,26.173602104187,25.3949995040894,26.414999961853,23,21,30,10,24.920000076294,26.9099998474121,0,0,1.47710049152375,0,50,50,50,0,0,25.732500076294,23.69
2026-08-04 21:15:00,2,0,0,2,26.2185230255127,25.4099998474121,26.4200000762939,23,21,30,10,24.9499988555908,26.9099998474121,0,0,1.47688019275665,0,50,50,50,0,0,25.7067203521729,23.635
2026-08-04 21:30:00,2,0,0,2,26.2326555252076,25.3949995040894,26.414999961853,23,21,30,10,24.9899997711182,26.9049997329712,0,0,1.477141559124,0,50,50,50,0,0,25.7095565795899,23.58
2026-08-04 21:45:00,2,0,0,2,26.2558822631836,25.3599987030029,26.4200000762939,23,21,30,10,25.0399990081787,26.9200000762939,0,0,1.47604465484619,0,50,50,50,0,0,25.7042789459229,23.525
2026-08-04 22:00:00,2,0,0,2,26.2764921188355,25.4049997329712,26.4200000762939,23,21,30,10,25.0549993515015,26.9099998474121,0,0,1.47714066505433,0,50,50,50,0,0,25.69287109375,23.47
2026-08-04 22:15:00,2,0,0,2,26.2885608673096,25.3899993896484,26.4300003051758,23,21,30,10,25.0799999237061,26.9099998474121,0,0,1.47778522968292,0,50,50,50,0,0,25.6880359649658,23.4175
2026-08-04 22:30:00,2,0,0,2,26.301869392395,25.4299993515015,26.4300003051758,23,21,30,10,25.1549997329712,26.9200000762939,0,0,1.47762286663056,0,50,50,50,0,0,25.6821098327637,23.365
2026-08-04 22:45:00,2,0,0,2,26.3139724731445,25.439998626709,26.4300003051758,23,21,30,10,25.1599998474121,26.9200000762939,0,0,1.47649621963501,0,50,50,50,0,0,25.6789169311523,23.3125
2026-08-04 23:00:00,2,0,0,2,26.3291444778442,25.4650001525879,26.4349994659424,23,21,30,10,25.2399997711182,26.914999961853,0,0,1.47631072998047,0,50,50,50,0,0,25.6749525070191,23.26
2026-08-04 23:15:00,2,0,0,2,26.3397045135498,25.4200000762939,26.4499988555908,23,21,30,10,25.2299995422363,26.9099998474121,0,0,1.47923123836517,0,50,50,50,0,0,25.6718006134033,23.2075
2026-08-04 23:30:00,2,0,0,2,26.3556604385376,25.420000076294,26.4349994659424,23,21,30,10,25.2599992752075,26.9200000762939,0,0,1.47893798351288,0,50,50,50,0,0,25.6594276428223,23.155
2026-08-04 23:45:00,2,0,0,2,26.3641586303711,25.4300003051758,26.4499988555908,23,21,30,10,25.3599987030029,26.9200000762939,0,0,1.48159909248352,0,50,50,50,0,0,25.6577434539795,23.1025
2026-08-05 00:00:00,2,0,0,2,26.377182006836,25.414999961853,26.4499988555908,23,21,30,10,25.3699989318848,26.9250001907349,0,0,1.4788687825203,0,50,50,50,0,0,25.6530818939209,23.1
2026-08-05 00:15:00,2,0,0,2,26.3877868652344,25.4499988555908,26.4499988555908,23,21,30,10,25.3899993896484,26.9200000762939,0,0,1.47439062595367,0,50,50,50,0,0,25.6473560333252,22.9075
2026-08-05 00:30:00,2,0,0,2,26.3951597213745,25.5050001144409,26.4599990844727,23,21,30,10,25.3949995040894,26.9200000762939,0,0,1.48056471347809,0,50,50,50,0,0,25.6475248336792,22.715
2026-08-05 00:45:00,2,0,0,2,26.4001064300537,25.5100002288818,26.4599990844727,23,21,30,10,25.4099998474121,26.9300003051758,0,0,1.47878241539001,0,50,50,50,0,0,25.6468048095703,22.5225
2026-08-05 01:00:00,2,0,0,2,26.4077348709107,25.5349988937378,26.4749994277954,23,21,30,10,25.4599990844727,26.9250001907349,0,0,1.47909247875214,0,50,50,50,0,0,25.6465377807618,22.33
2026-08-05 01:15:00,2,0,0,2,26.4119415283203,25.5399990081787,26.4699993133545,23,21,30,10,25.4899997711182,26.9200000762939,0,0,1.47651958465576,0,50,50,50,0,0,25.6429233551025,22.1375
2026-08-05 01:30:00,2,0,0,2,26.4143934249878,25.5749998092652,26.4799995422364,23,21,30,10,25.5149993896484,26.9300003051758,0,0,1.47999858856202,0,50,50,50,0,0,25.6451711654664,21.945
2026-08-05 01:45:00,2,0,0,2,26.4252300262451,25.5499992370605,26.4699993133545,23,21,30,10,25.5999984741211,26.939998626709,0,0,1.4787769317627,0,50,50,50,0,0,25.6400012969971,21.7525
2026-08-05 02:00:00,2,0,0,2,26.4326648712159,25.5849990844727,26.4599990844727,23,21,30,10,25.5899991989136,26.9300003051758,0,0,1.47867232561112,0,50,50,50,0,0,25.6365594863892,21.56
2026-08-05 02:15:00,2,0,0,2,26.4361534118652,25.5999984741211,26.4799995422363,23,21,30,10,25.6199989318848,26.9300003051758,0,0,1.47799074649811,0,50,50,50,0,0,25.6359004974365,21.3675
2026-08-05 02:30:00,2,0,0,2,26.4419193267823,25.5699996948242,26.4799995422363,23,21,30,10,25.6499996185303,26.9349994659424,0,0,1.47840374708176,0,50,50,50,0,0,25.6330499649048,21.175
2026-08-05 02:45:00,2,0,0,2,26.447639465332,25.5900001525879,26.4699993133545,23,21,30,10,25.6599998474121,26.939998626709,0,0,1.47958242893219,0,50,50,50,0,0,25.6324501037598,20.9825
2026-08-05 03:00:00,2,0,0,2,26.4543266296387,25.6349992752075,26.4849996566773,23,21,30,10,25.664999961853,26.939998626709,0,0,1.47964429855347,0,50,50,50,0,0,25.6309394836426,20.79
2026-08-05 03:15:00,2,0,0,2,26.4579849243164,25.6399993896484,26.4899997711182,23,21,30,10,25.6999988555908,26.9300003051758,0,0,1.47664570808411,0,50,50,50,0,0,25.6341552734375,20.685
2026-08-05 03:30:00,2,0,0,2,26.4649724960327,25.625,26.4799995422364,23,21,30,10,25.7399997711182,26.939998626709,0,0,1.47927492856979,0,50,50,50,0,0,25.6322832107544,20.58
2026-08-05 03:45:00,2,0,0,2,26.4666557312012,25.6299991607666,26.4799995422363,23,21,30,10,25.7399997711182,26.9300003051758,0,0,1.48104298114777,0,50,50,50,0,0,25.6362895965576,20.475
2026-08-05 04:00:00,2,0,0,2,26.4701051712036,25.6499996185303,26.4849996566773,23,21,30,10,25.7699995040894,26.939998626709,0,0,1.48221868276596,0,50,50,50,0,0,25.6392393112183,20.37
2026-08-05 04:15:00,2,0,0,2,26.4719829559326,25.6599998474121,26.5,23,21,30,10,25.8199996948242,26.939998626709,0,0,1.48092842102051,0,50,50,50,0,0,25.6423492431641,20.2675
2026-08-05 04:30:00,2,0,0,2,26.4765043258667,25.6599998474121,26.4949998855591,23,21,30,10,25.8249998092652,26.9349994659424,0,0,1.4830659031868,0,50,50,50,0,0,25.6428079605103,20.165
2026-08-05 04:45:00,2,0,0,2,26.4792385101318,25.6800003051758,26.5,23,21,30,10,25.8899993896484,26.9300003051758,0,0,1.48212385177612,0,50,50,50,0,0,25.6428890228271,20.0625
2026-08-05 05:00:00,2,0,0,2,26.4817628860474,25.6799993515015,26.4849996566773,23,21,30,10,25.8849992752075,26.9449987411499,0,0,1.48227089643479,0,50,50,50,0,0,25.6425085067749,19.96
2026-08-05 05:15:00,2,0,0,2,26.4747200012207,25.7099990844727,26.4799995422363,23,21,30,10,25.8899993896484,26.9499988555908,0,0,1.47925090789795,0,50,50,50,0,0,25.6471881866455,19.855
2026-08-05 05:30:00,2,0,0,2,26.4782934188843,25.7299995422364,26.4949998855591,23,21,30,10,25.9200000762939,26.939998626709,0,0,1.48054254055023,0,50,50,50,0,0,25.6454162597656,19.75
2026-08-05 05:45:00,2,0,0,2,26.4798831939697,25.7299995422363,26.4899997711182,23,21,30,10,25.9300003051758,26.939998626709,0,0,1.48103559017181,0,50,50,50,0,0,25.6453056335449,19.645
2026-08-05 06:00:00,2,0,0,2,26.4854955673218,25.7599992752075,26.5050001144409,23,21,30,10,25.9599990844727,26.9499988555908,0,0,1.47886425256729,0,50,50,50,0,0,25.6471128463746,19.54
2026-08-05 06:15:00,2,0,0,2,26.5004177093506,25.7799987792969,26.5100002288818,23,21,30,10,25.9899997711182,26.9499988555908,0,0,1.48066437244415,0,50,50,50,0,0,25.648738861084,19.6175
2026-08-05 06:30:00,2,0,0,2,26.5071830749512,25.7599992752076,26.5050001144409,23,21,30,10,26.0050001144409,26.939998626709,0,0,1.47865396738053,0,50,50,50,0,0,25.6452732086182,19.695
2026-08-05 06:45:00,2,0,0,2,26.5100841522217,25.7600002288818,26.5,23,21,30,10,26.0299987792969,26.9599990844727,0,0,1.47816359996796,0,50,50,50,0,0,25.6447067260742,19.7725
2026-08-05 07:00:00,2,0,0,2,26.5111865997315,25.7799987792969,26.4949998855591,23,21,30,10,26.0349988937378,26.9449987411499,0,0,1.48228257894516,0,50,50,50,0,0,25.6415710449219,19.85
2026-08-05 07:15:00,2,0,0,2,26.514928817749,25.7899990081787,26.5100002288818,23,21,30,10,26.0399990081787,26.9499988555908,0,0,1.47792863845825,0,50,50,50,0,0,25.6348724365234,19.93
2026-08-05 07:30:00,2,0,0,2,26.5158624649048,25.8049993515015,26.4899997711182,23,21,30,10,26.0499992370606,26.9549989700318,0,0,2.10107815265656,0,67.5,67.5,67.5,0,0,25.6307706832886,20.01
2026-08-05 07:45:00,2,0,0,2,26.5085563659668,25.8099994659424,26.4599990844727,23,21,30,10,26.0699996948242,26.9499988555908,0,0,2.7200083732605,0,85,85,85,0,0,25.6281280517578,20.09
2026-08-05 08:00:00,2,0,0,2,26.4659433364869,25.8049993515015,26.4349994659424,23,21,30,10,26.0699996948242,26.9349994659424,0,0,2.60712742805481,0,94,94,94,0,0,25.6130590438843,20.17
2026-08-05 08:15:00,2,0,0,2,26.4112415313721,25.8400001525879,26.4099998474121,23,21,30,10,26.0699996948242,26.9200000762939,0,0,3.07667016983032,0,97,97,97,0,0,25.6031608581543,20.25
2026-08-05 08:30:00,2,0,0,2,26.3527984619141,25.8249998092652,26.3749990463257,23,21,30,10,25.880000114441,26.8949995040894,0,0,2.98884582519532,0,105,105,105,0,0,25.5860872268677,20.33
2026-08-05 08:45:00,2,0,0,2,26.2461109161377,25.8299999237061,26.3499984741211,23,21,30,10,25.7199993133545,26.8599987030029,0,0,2.1060106754303,0,108,108,108,0,0,25.5856151580811,20.41
2026-08-05 09:00:00,2,0,0,2,26.1743268966675,25.7999992370606,26.3149995803833,23,21,30,10,25.5949993133545,26.8199996948243,0,0,1.48526430130005,0,117,117,117,0,0,25.5313291549683,20.49
2026-08-05 09:15:00,2,0,0,2,26.1222095489502,25.7899990081787,26.2899990081787,23,21,30,10,25.3999996185303,26.7899990081787,0,0,1.48899435997009,0,120,120,120,0,0,25.4925479888916,20.8225
2026-08-05 09:30:00,2,0,0,2,26.0845756530762,25.7599992752075,26.269998550415,23,21,30,10,25.2199993133545,26.7699995040894,0,0,1.74836605787278,0,126,126,126,0,0,25.4534511566162,21.155
2026-08-05 09:45:00,2,0,0,2,26.0855503082275,25.7099990844727,26.2600002288818,23,21,30,10,24.8999996185303,26.75,0,0,3.07672452926636,0,126,126,126,0,0,25.4587860107422,21.4875
2026-08-05 10:00:00,2,0,0,2,26.061635017395,25.7049999237061,26.25,23,21,30,10,24.8549995422364,26.7199993133545,0,0,2.28186184167862,0,135,135,135,0,0,25.4441061019898,21.82
2026-08-05 10:15:00,2,0,0,2,26.0313282012939,25.689998626709,26.2299995422363,23,21,30,10,24.6999988555908,26.6999988555908,0,0,2.10450077056885,0,138,138,138,0,0,25.4310455322266,22.155
2026-08-05 10:30:00,2,0,0,2,26.0015983581543,25.6599998474121,26.2299995422363,23,21,30,10,24.5549993515015,26.6800003051758,0,0,2.59080410003663,0,138,138,138,0,0,25.4265995025635,22.49
2026-08-05 10:45:00,2,0,0,2,25.9710597991943,25.5799999237061,26.2199993133545,23,21,30,10,24.5299987792969,26.6599998474121,0,0,2.11309719085693,0,138,138,138,0,0,25.4305267333984,22.825
2026-08-05 11:00:00,2,0,0,2,25.9483213424683,25.6149988174439,26.2049989700318,23,21,30,10,24.4449996948243,26.6549997329712,0,0,2.94219827651978,0,138,138,138,0,0,25.4185295104981,23.16
2026-08-05 11:15:00,2,0,0,2,25.920804977417,25.5999984741211,26.1999988555908,23,21,30,10,24.3400001525879,26.6399993896484,0,0,3.07339262962341,0,138,138,138,0,0,25.4168395996094,23.4925
2026-08-05 11:30:00,2,0,0,2,25.8958940505982,25.4649991989136,26.1799993515015,23,21,30,10,24.2599992752076,26.6199989318848,0,0,3.59617936611176,0,138,138,138,0,0,25.4107007980347,23.825
2026-08-05 11:45:00,2,0,0,2,25.8778533935547,25.5100002288818,26.1599998474121,23,21,30,10,24.1499996185303,26.6199989318848,0,0,3.07694053649902,0,138,138,138,0,0,25.4063587188721,24.1575
2026-08-05 12:00:00,2,0,0,2,25.8597354888916,25.484998703003,26.1599998474121,23,21,30,10,24.0799999237061,26.5949993133545,0,0,2.59125804901123,0,129,129,129,0,0,25.3978128433228,24.49
2026-08-05 12:15:00,2,0,0,2,25.8373794555664,25.4899997711182,26.1499996185303,23,21,30,10,24.0499992370605,26.5699996948242,0,0,3.32778525352478,0,120,120,120,0,0,25.3944702148438,24.7175
2026-08-05 12:30:00,2,0,0,2,25.8246917724609,25.4249992370606,26.1549997329712,23,21,30,10,24.0049991607666,26.5649995803833,0,0,2.27549254894257,0,85,85,85,0,0,25.387680053711,24.945
2026-08-05 12:45:00,2,0,0,2,25.8099250793457,25.3999996185303,26.1499996185303,23,21,30,10,23.9699993133545,26.5900001525879,0,0,2.09593272209167,0,50,50,50,0,0,25.4091396331787,25.1725
2026-08-05 13:00:00,2,0,0,2,25.7993202209473,25.4099998474121,26.1549997329712,23,21,30,10,23.9899997711182,26.5949993133545,0,0,1.79000926017761,0,50,50,50,0,0,25.4124431610108,25.4
2026-08-05 13:15:00,2,0,0,2,25.7979297637939,25.3999996185303,26.1599998474121,23,21,30,10,23.8799991607666,26.5999984741211,0,0,1.46668612957001,0,50,50,50,0,0,25.4139251708984,25.6275
2026-08-05 13:30:00,2,0,0,2,25.7941389083863,25.3699998855591,26.1599998474121,23,21,30,10,23.8799991607666,26.6149988174439,0,0,1.82154381275177,0,88,88,88,0,0,25.4334926605225,25.855
2026-08-05 13:45:00,2,0,0,2,25.794849395752,25.3500003814697,26.1599998474121,23,21,30,10,23.9200000762939,26.5999984741211,0,0,2.45674848556519,0,126,126,126,0,0,25.4325199127197,26.0825
2026-08-05 14:00:00,2,0,0,2,25.7868347167969,25.3549995422363,26.1449995040894,23,21,30,10,23.8349990844727,26.5949993133545,0,0,1.96014934778214,0,129,129,129,0,0,25.4258584976196,26.31
2026-08-05 14:15:00,2,0,0,2,25.779541015625,25.25,26.1399993896484,23,21,30,10,23.8999996185303,26.5999984741211,0,0,3.07353329658508,0,132,132,132,0,0,25.4292945861816,26.5375
2026-08-05 14:30:00,2,0,0,2,25.7726917266846,25.2949991226196,26.1399993896484,23,21,30,10,23.7849988937378,26.5699996948242,0,0,1.77072477340698,0,132,132,132,0,0,25.4294795989991,26.765
2026-08-05 14:45:00,2,0,0,2,25.7600994110107,25.2600002288818,26.1399993896484,23,21,30,10,23.8599987030029,26.5799999237061,0,0,1.47340869903564,0,132,132,132,0,0,25.4599628448486,26.9925
2026-08-05 15:00:00,2,0,0,2,25.7672214508057,25.2449989318848,26.1549997329712,23,21,30,10,23.7449998855591,26.6199989318848,0,0,1.47333419322968,0,135,135,135,0,0,25.5511074066163,27.22
2026-08-05 15:15:00,2,0,0,2,25.7837371826172,25.269998550415,26.1700000762939,23,21,30,10,23.7600002288818,26.6299991607666,0,0,1.47575545310974,0,138,138,138,0,0,25.6008338928223,26.9575
2026-08-05 15:30:00,2,0,0,2,25.8042182922363,25.2150001525879,26.1800003051758,23,21,30,10,23.7599992752075,26.6449995040894,0,0,1.47622948884964,0,138,138,138,0,0,25.5559864044189,26.695
2026-08-05 15:45:00,2,0,0,2,25.8243541717529,25.2899990081787,26.189998626709,23,21,30,10,23.75,26.6499996185303,0,0,1.4796941280365,0,138,138,138,0,0,25.5506477355957,26.4325
2026-08-05 16:00:00,2,0,0,2,25.8224859237671,25.2449989318848,26.1999988555909,23,21,30,10,23.7449989318848,26.6599998474121,0,0,1.47794717550278,0,138,138,138,0,0,25.6001768112183,26.17
2026-08-05 16:15:00,2,0,0,2,25.8328857421875,25.2999992370605,26.2199993133545,23,21,30,10,23.9300003051758,26.689998626709,0,0,1.47798526287079,0,138,138,138,0,0,25.6009769439697,25.9075
2026-08-05 16:30:00,2,0,0,2,25.8315353393555,25.2949991226196,26.2199993133545,23,21,30,10,23.8649997711182,26.6949987411499,0,0,1.47663480043412,0,138,138,138,0,0,25.6301021575928,25.645
2026-08-05 16:45:00,2,0,0,2,25.8721599578857,25.2600002288818,26.2099990844727,23,21,30,10,23.7999992370605,26.7099990844727,0,0,1.47751951217651,0,138,138,138,0,0,25.5906162261963,25.3825
2026-08-05 17:00:00,2,0,0,2,25.9064636230469,25.2049999237061,26.2349996566773,23,21,30,10,23.7999992370605,26.7249994277954,0,0,1.47923988103867,0,138,138,138,0,0,25.5473575592041,25.12
2026-08-05 17:15:00,2,0,0,2,25.9285583496094,25.2600002288818,26.2299995422363,23,21,30,10,23.8699989318848,26.7299995422363,0,0,1.47781360149384,0,138,138,138,0,0,25.5379257202148,24.8575
2026-08-05 17:30:00,2,0,0,2,25.9496030807495,25.2599992752075,26.2550001144409,23,21,30,10,23.8549995422363,26.7399997711182,0,0,1.47791683673859,0,126,126,126,0,0,25.5258207321167,24.595
2026-08-05 17:45:00,2,0,0,2,25.9716529846191,25.2600002288818,26.2600002288818,23,21,30,10,23.939998626709,26.75,0,0,1.47580790519714,0,114,114,114,0,0,25.5204181671143,24.3325
2026-08-05 18:00:00,2,0,0,2,25.992546081543,25.210000038147,26.2600002288818,23,21,30,10,23.8899993896484,26.7550001144409,0,0,1.47720664739609,0,114,114,114,0,0,25.520357131958,24.07
2026-08-05 18:15:00,2,0,0,2,26.0140361785889,25.269998550415,26.269998550415,23,21,30,10,23.9799995422363,26.769998550415,0,0,1.47838389873505,0,114,114,114,0,0,25.5181293487549,23.8025
2026-08-05 18:30:00,2,0,0,2,26.0377321243286,25.210000038147,26.2799987792969,23,21,30,10,24.0099992752075,26.769998550415,0,0,1.47759050130844,0,82,82,82,0,0,25.5170059204102,23.535
2026-08-05 18:45:00,2,0,0,2,26.0580863952637,25.1299991607666,26.2999992370605,23,21,30,10,23.9799995422363,26.769998550415,0,0,1.4778448343277,0,50,50,50,0,0,25.5257759094238,23.2675
2026-08-05 19:00:00,2,0,0,2,26.0803995132447,25.1849994659424,26.2999992370605,23,21,30,10,24.0749998092652,26.7799987792969,0,0,1.48010981082916,0,50,50,50,0,0,25.5274791717529,23
2026-08-05 19:15:00,2,0,0,2,26.0946750640869,25.2600002288818,26.3099994659424,23,21,30,10,24.1499996185303,26.7799987792969,0,0,1.4766993522644,0,50,50,50,0,0,25.533016204834,22.73
2026-08-05 19:30:00,2,0,0,2,26.1131410598755,25.2249994277954,26.3099994659424,23,21,30,10,24.1349992752075,26.7799987792969,0,0,1.47831505537033,0,50,50,50,0,0,25.537070274353,22.46
2026-08-05 19:45:00,2,0,0,2,26.1312007904053,25.3199996948242,26.3299999237061,23,21,30,10,24.1599998474121,26.7799987792969,0,0,1.48020255565643,0,50,50,50,0,0,25.5418224334717,22.19
2026-08-05 20:00:00,2,0,0,2,26.1468954086304,25.2999992370606,26.3299999237061,23,21,30,10,24.2599992752076,26.7799987792969,0,0,1.47812724113465,0,50,50,50,0,0,25.5454502105713,21.92
2026-08-05 20:15:00,2,0,0,2,26.1623058319092,25.2600002288818,26.3299999237061,23,21,30,10,24.269998550415,26.8099994659424,0,0,1.48055267333984,0,50,50,50,0,0,25.5515880584717,21.6525
2026-08-05 20:30:00,2,0,0,2,26.1781749725342,25.2799997329712,26.3449993133545,23,21,30,10,24.2699995040894,26.8099994659424,0,0,1.47665148973465,0,50,50,50,0,0,25.5524320602417,21.385
2026-08-05 20:45:00,2,0,0,2,26.1929035186768,25.3099994659424,26.3400001525879,23,21,30,10,24.3299999237061,26.8099994659424,0,0,1.47949242591858,0,50,50,50,0,0,25.5547428131104,21.1175
2026-08-05 21:00:00,2,0,0,2,26.2092447280884,25.3000001907349,26.354998588562,23,21,30,10,24.3849992752076,26.8149995803833,0,0,1.47735893726349,0,50,50,50,0,0,25.5551643371582,20.85
2026-08-05 21:15:00,2,0,0,2,26.2240791320801,25.2999992370605,26.3699989318848,23,21,30,10,24.3699989318848,26.8199996948242,0,0,1.48132121562958,0,50,50,50,0,0,25.5571403503418,20.63
2026-08-05 21:30:00,2,0,0,2,26.2330961227417,25.335000038147,26.3599987030029,23,21,30,10,24.5199995040894,26.8199996948242,0,0,1.47832250595093,0,50,50,50,0,0,25.5562648773193,20.41
2026-08-05 21:45:00,2,0,0,2,26.2412929534912,25.3400001525879,26.3599987030029,23,21,30,10,24.4699993133545,26.8099994659424,0,0,1.48052036762238,0,50,50,50,0,0,25.5579147338867,20.19
2026-08-05 22:00:00,2,0,0,2,26.2495431900024,25.3049993515015,26.3449993133545,23,21,30,10,24.5699996948242,26.8249998092652,0,0,1.47626912593842,0,50,50,50,0,0,25.5481948852539,19.97
2026-08-05 22:15:00,2,0,0,2,26.2542724609375,25.3599987030029,26.3499984741211,23,21,30,10,24.5499992370605,26.8299999237061,0,0,1.48059296607971,0,50,50,50,0,0,25.5492191314697,19.7475
2026-08-05 22:30:00,2,0,0,2,26.2557029724121,25.3499994277955,26.3449993133545,23,21,30,10,24.585000038147,26.8199996948243,0,0,1.47760218381882,0,50,50,50,0,0,25.5464010238648,19.525
2026-08-05 22:45:00,2,0,0,2,26.2625560760498,25.3500003814697,26.3400001525879,23,21,30,10,24.6499996185303,26.8099994659424,0,0,1.47822332382202,0,50,50,50,0,0,25.5419731140137,19.3025
2026-08-05 23:00:00,2,0,0,2,26.2666749954224,25.3749990463257,26.3399991989136,23,21,30,10,24.6849994659424,26.8099994659424,0,0,1.47499287128449,0,50,50,50,0,0,25.5402956008911,19.08
2026-08-05 23:15:00,2,0,0,2,26.2667999267578,25.3599987030029,26.3299999237061,23,21,30,10,24.6700000762939,26.8199996948242,0,0,1.47683906555176,0,50,50,50,0,0,25.5391254425049,18.8575
2026-08-05 23:30:00,2,0,0,2,26.272686958313,25.3949995040894,26.3449993133545,23,21,30,10,24.7499990463257,26.8099994659424,0,0,1.47894430160523,0,50,50,50,0,0,25.5349245071411,18.635
2026-08-05 23:45:00,2,0,0,2,26.2814311981201,25.4200000762939,26.3400001525879,23,21,30,10,24.75,26.8099994659424,0,0,1.47364926338196,0,50,50,50,0,0,25.5292358398438,18.4125
2026-08-06 00:00:00,2,0,0,2,26.2819423675537,25.4049987792969,26.3400001525879,23,21,30,10,24.835000038147,26.8049993515015,0,0,1.47885674238205,0,50,50,50,0,0,25.5312013626099,17.34
2026-08-06 00:15:00,2,0,0,2,26.2834796905518,25.439998626709,26.3400001525879,23,21,30,10,24.8099994659424,26.7999992370605,0,0,1.47549021244049,0,50,50,50,0,0,25.529203414917,17.2425
2026-08-06 00:30:00,2,0,0,2,26.2893466949463,25.4349994659424,26.335000038147,23,21,30,10,24.875,26.8099994659424,0,0,1.47616225481034,0,50,50,50,0,0,25.5216989517212,17.145
2026-08-06 00:45:00,2,0,0,2,26.2909965515137,25.3899993896484,26.3400001525879,23,21,30,10,24.8799991607666,26.8099994659424,0,0,1.47643566131592,0,50,50,50,0,0,25.522777557373,17.0475
2026-08-06 01:00:00,2,0,0,2,26.2935266494751,25.4049997329712,26.3400001525879,23,21,30,10,24.9249992370606,26.8099994659424,0,0,1.47859454154968,0,50,50,50,0,0,25.5206871032715,16.95
2026-08-06 01:15:00,2,0,0,2,26.2969093322754,25.4499988555908,26.3299999237061,23,21,30,10,24.9499988555908,26.8199996948242,0,0,1.47491955757141,0,50,50,50,0,0,25.5205974578857,16.855
2026-08-06 01:30:00,2,0,0,2,26.2983303070069,25.4799995422364,26.335000038147,23,21,30,10,25.0249996185303,26.8149995803833,0,0,1.47697567939758,0,50,50,50,0,0,25.5192251205445,16.76
2026-08-06 01:45:00,2,0,0,2,26.2879886627197,25.5299987792969,26.3499984741211,23,21,30,10,25.0100002288818,26.8099994659424,0,0,1.47652673721313,0,50,50,50,0,0,25.5284442901611,16.665
2026-08-06 02:00:00,2,0,0,2,26.2657680511475,25.5050001144409,26.335000038147,23,21,30,10,25.0749998092651,26.8099994659424,0,0,1.47803556919098,0,50,50,50,0,0,25.543384552002,16.57
2026-08-06 02:15:00,2,0,0,2,26.2622261047363,25.4799995422363,26.3499984741211,23,21,30,10,25.0799999237061,26.8099994659424,0,0,1.47669017314911,0,50,50,50,0,0,25.5388374328613,16.4725
2026-08-06 02:30:00,2,0,0,2,26.2701110839844,25.5199995040894,26.3299999237061,23,21,30,10,25.0950002670288,26.8149995803833,0,0,1.48003762960434,0,50,50,50,0,0,25.5347375869751,16.375
2026-08-06 02:45:00,2,0,0,2,26.2714424133301,25.5699996948242,26.3400001525879,23,21,30,10,25.1700000762939,26.8199996948242,0,0,1.47458946704865,0,50,50,50,0,0,25.5306720733643,16.2775
2026-08-06 03:00:00,2,0,0,2,26.2666416168213,25.524998664856,26.3299999237061,23,21,30,10,25.1349992752075,26.8149995803833,0,0,1.48030871152878,0,50,50,50,0,0,25.5368347167969,16.18
2026-08-06 03:15:00,2,0,0,2,26.2665843963623,25.5399990081787,26.3199996948242,23,21,30,10,25.2299995422363,26.8199996948242,0,0,1.47545671463013,0,50,50,50,0,0,25.5405426025391,16.1025
2026-08-06 03:30:00,2,0,0,2,26.2653856277466,25.5699996948242,26.335000038147,23,21,30,10,25.2349996566773,26.8199996948242,0,0,1.48048281669617,0,50,50,50,0,0,25.5404272079468,16.025
2026-08-06 03:45:00,2,0,0,2,26.264669418335,25.5799999237061,26.3299999237061,23,21,30,10,25.269998550415,26.8099994659424,0,0,1.47927820682526,0,50,50,50,0,0,25.5424461364746,15.9475
2026-08-06 04:00:00,2,0,0,2,26.2871475219727,25.524998664856,26.3400001525879,23,21,30,10,25.2399997711182,26.8049993515015,0,0,1.47757422924042,0,50,50,50,0,0,25.5324602127076,15.87
2026-08-06 04:15:00,2,0,0,2,26.3095045089722,25.5599994659424,26.3400001525879,23,21,30,10,25.3249998092651,26.8149995803833,0,0,1.48033130168915,0,50,50,50,0,0,25.5258502960205,15.79
2026-08-06 04:30:00,2,0,0,2,26.3151378631592,25.6099987030029,26.3199996948242,23,21,30,10,25.2799987792969,26.8099994659424,0,0,1.47877895832062,0,50,50,50,0,0,25.5246868133545,15.71
2026-08-06 04:45:00,2,0,0,2,26.3161640167236,25.609998703003,26.3400001525879,23,21,30,10,25.3450002670288,26.8199996948242,0,0,1.47994089126587,0,50,50,50,0,0,25.5245819091797,15.63
2026-08-06 05:00:00,2,0,0,2,26.3210964202881,25.5999984741211,26.3299999237061,23,21,30,10,25.3899993896484,26.8299999237061,0,0,1.4768875837326,0,50,50,50,0,0,25.5150489807129,15.55
2026-08-06 05:15:00,2,0,0,2,26.2888803482056,25.6249990463257,26.3299999237061,23,21,30,10,25.3799991607666,26.8299999237061,0,0,1.47773861885071,0,50,50,50,0,0,25.5366706848145,15.4725
2026-08-06 05:30:00,2,0,0,2,26.2839775085449,25.6499996185303,26.3299999237061,23,21,30,10,25.4300003051758,26.8099994659424,0,0,1.47939193248749,0,50,50,50,0,0,25.5290851593018,15.395
2026-08-06 05:45:00,2,0,0,2,26.3074617385865,25.6249990463257,26.335000038147,23,21,30,10,25.4249992370606,26.8199996948243,0,0,1.47950184345245,0,50,50,50,0,0,25.524432182312,15.3175
2026-08-06 06:00:00,2,0,0,2,26.3061466217041,25.6599998474121,26.3299999237061,23,21,30,10,25.5,26.8099994659424,0,0,1.48154151439667,0,50,50,50,0,0,25.5252456665039,15.24
2026-08-06 06:15:00,2,0,0,2,26.3183250427246,25.670000076294,26.335000038147,23,21,30,10,25.5149993896484,26.8149995803833,0,0,1.47778391838074,0,50,50,50,0,0,25.5224657058716,15.3175
2026-08-06 06:30:00,2,0,0,2,26.3194999694824,25.6700000762939,26.3400001525879,23,21,30,10,25.5299987792969,26.8099994659424,0,0,1.47738409042358,0,50,50,50,0,0,25.5242156982422,15.395
2026-08-06 06:45:00,2,0,0,2,26.3322219848633,25.6649999618531,26.335000038147,23,21,30,10,25.5399990081787,26.8099994659424,0,0,1.47927850484848,0,50,50,50,0,0,25.5189361572266,15.4725
2026-08-06 07:00:00,2,0,0,2,26.3378314971924,25.6599998474121,26.3400001525879,23,21,30,10,25.5499992370605,26.8099994659424,0,0,1.47933661937714,0,50,50,50,0,0,25.517858505249,15.55
2026-08-06 07:15:00,2,0,0,2,26.3392877578736,25.6899995803833,26.335000038147,23,21,30,10,25.5999984741211,26.8099994659424,0,0,1.47920566797257,0,50,50,50,0,0,25.5057744979859,15.6275
2026-08-06 07:30:00,2,0,0,2,26.3201332092285,25.7099990844727,26.3199996948242,23,21,30,10,25.5799999237061,26.8099994659424,0,0,1.47385346889496,0,50,50,50,0,0,25.5199909210205,15.705
2026-08-06 07:45:00,2,0,0,2,26.2234268188477,25.7099990844727,26.3149995803833,23,21,30,10,25.6099996566773,26.8049993515015,0,0,2.59024012088776,0,99.5,99.5,99.5,0,0,25.4474620819092,15.7825
2026-08-06 08:00:00,2,0,0,2,26.1088180541992,25.7299995422363,26.2799987792969,23,21,30,10,25.6499996185303,26.7799987792969,0,0,4.1202507019043,0,102,102,102,0,0,25.2934646606445,15.86
2026-08-06 08:15:00,2,0,0,2,26.0695533752441,25.6999988555909,26.269998550415,23,21,30,10,25.6599998474121,26.7749996185303,0,0,3.07605707645417,0,111,111,111,0,0,25.1763706207276,15.935
2026-08-06 08:30:00,2,0,0,2,26.0630340576172,25.7399997711182,26.269998550415,23,21,30,10,25.6599998474121,26.75,0,0,3.07254505157471,0,114,114,114,0,0,25.1268882751465,16.01
2026-08-06 08:45:00,2,0,0,2,26.0165958404541,25.7199993133545,26.25,23,21,30,10,25.6649999618531,26.7199993133545,0,0,1.78921550512314,0,123,123,123,0,0,25.0560569763184,16.085
2026-08-06 09:00:00,2,0,0,2,25.9864463806152,25.7199993133545,26.2299995422363,23,21,30,10,25.6599998474121,26.6999988555908,0,0,1.47425997257233,0,126,126,126,0,0,25.0175952911377,16.16
2026-08-06 09:15:00,2,0,0,2,26.0137977600098,25.7399997711182,26.2249994277954,23,21,30,10,25.6800003051758,26.6949987411499,0,0,1.47602301836014,0,135,135,135,0,0,25.0507335662842,16.545
2026-08-06 09:30:00,2,0,0,2,26.0525932312012,25.7199993133545,26.2199993133545,23,21,30,10,25.6999988555908,26.6599998474121,0,0,1.47058534622192,0,138,138,138,0,0,25.1071968078613,16.93
2026-08-06 09:45:00,2,0,0,2,26.0369081497192,25.7399997711182,26.2099990844727,23,21,30,10,25.7249994277955,26.664999961853,0,0,1.47805851697922,0,141,141,141,0,0,25.0933485031128,17.315
2026-08-06 10:00:00,2,0,0,2,25.9950733184814,25.7399997711182,26.2099990844727,23,21,30,10,25.769998550415,26.6599998474121,0,0,1.48087310791016,0,144,144,144,0,0,25.0630264282227,17.7
2026-08-06 10:15:00,2,0,0,2,25.9708118438721,25.75,26.1999988555909,23,21,30,10,25.7550001144409,26.6549997329712,0,0,1.4827721118927,0,150,150,150,0,0,25.032042503357,18.0875
2026-08-06 10:30:00,2,0,0,2,25.97802734375,25.75,26.1599998474121,23,21,30,10,25.769998550415,26.6299991607666,0,0,1.47998297214508,0,150,150,150,0,0,25.0598678588867,18.475
2026-08-06 10:45:00,2,0,0,2,25.9827585220337,25.75,26.1349992752075,23,21,30,10,25.7899990081787,26.5949993133545,0,0,1.47677791118622,0,150,150,150,0,0,25.1258392333984,18.8625
2026-08-06 11:00:00,2,0,0,2,25.9484004974365,25.7600002288818,26.1099987030029,23,21,30,10,25.7999992370605,26.5900001525879,0,0,1.47475588321686,0,150,150,150,0,0,25.1585845947266,19.25
2026-08-06 11:15:00,2,0,0,2,25.8967227935791,25.7399997711182,26.0900001525879,23,21,30,10,25.7949991226197,26.5549993515015,0,0,1.47706556320191,0,150,150,150,0,0,25.1544208526611,19.635
2026-08-06 11:30:00,2,0,0,2,25.8521537780762,25.7399997711182,26.0699996948242,23,21,30,10,25.6700000762939,26.5399990081787,0,0,1.47496974468231,0,150,150,150,0,0,25.148811340332,20.02
2026-08-06 11:45:00,2,0,0,2,25.8084974288941,25.7399997711182,26.0449991226197,23,21,30,10,25.5449991226196,26.5299987792969,0,0,1.47666561603546,0,150,150,150,0,0,25.1392793655396,20.405
2026-08-06 12:00:00,2,0,0,2,25.7753887176514,25.6999988555908,26.0299987792969,23,21,30,10,25.2799987792969,26.519998550415,0,0,1.48271083831787,0,150,150,150,0,0,25.1431446075439,20.79
2026-08-06 12:15:00,2,0,0,2,25.7605533599854,25.7049989700318,26.0149993896484,23,21,30,10,25.1649990081787,26.5050001144409,0,0,1.47831112146378,0,132,132,132,0,0,25.1693305969239,21.0475
2026-08-06 12:30:00,2,0,0,2,25.7317047119141,25.6800003051758,26.019998550415,23,21,30,10,25,26.4899997711182,0,0,1.47903740406036,0,132,132,132,0,0,25.1744365692139,21.305
2026-08-06 12:45:00,2,0,0,2,25.7135200500488,25.6449995040894,26,23,21,30,10,24.8349990844727,26.4949998855591,0,0,1.4762699007988,0,50,50,50,0,0,25.1866540908814,21.5625
2026-08-06 13:00:00,2,0,0,2,25.6975593566895,25.6099987030029,26.0100002288818,23,21,30,10,24.6599998474121,26.4799995422363,0,0,1.47568345069885,0,50,50,50,0,0,25.2011623382568,21.82
2026-08-06 13:15:00,2,0,0,2,25.6864976882935,25.5799989700317,26.0050001144409,23,21,30,10,24.5449991226196,26.4899997711182,0,0,1.4774775505066,0,50,50,50,0,0,25.207631111145,22.0775
2026-08-06 13:30:00,2,0,0,2,25.6795425415039,25.5399990081787,26,23,21,30,10,24.3799991607666,26.4799995422363,0,0,1.47618544101715,0,50,50,50,0,0,25.2186985015869,22.335
2026-08-06 13:45:00,2,0,0,2,25.6725540161133,25.4699993133545,25.9949998855591,23,21,30,10,24.2999992370606,26.4849996566773,0,0,2.03883302211762,0,138,138,138,0,0,25.2186079025269,22.5925
2026-08-06 14:00:00,2,0,0,2,25.6613082885742,25.4599990844727,25.9899997711182,23,21,30,10,24.25,26.4799995422363,0,0,1.48689377307892,0,138,138,138,0,0,25.2185592651367,22.85
2026-08-06 14:15:00,2,0,0,2,25.6508626937867,25.4449987411499,25.9799995422363,23,21,30,10,24.0749998092652,26.4699993133545,0,0,2.40481895208359,0,144,144,144,0,0,25.2204751968384,23.1075
2026-08-06 14:30:00,2,0,0,2,25.6391277313232,25.4300003051758,25.9699993133545,23,21,30,10,24.1399993896484,26.4499988555908,0,0,4.05253410339355,0,144,144,144,0,0,25.2121391296387,23.365
2026-08-06 14:45:00,2,0,0,2,25.6198682785034,25.4249992370606,25.9749994277954,23,21,30,10,23.9949989318848,26.4499988555908,0,0,1.47610419988632,0,144,144,144,0,0,25.2412576675415,23.6225
2026-08-06 15:00:00,2,0,0,2,25.6236572265625,25.3799991607666,25.9899997711182,23,21,30,10,23.9699993133545,26.4499988555908,0,0,1.47674787044525,0,144,144,144,0,0,25.2524471282959,23.88
2026-08-06 15:15:00,2,0,0,2,25.6352424621582,25.3849992752076,26.0050001144409,23,21,30,10,23.8149995803833,26.4649991989136,0,0,1.47484683990479,0,150,150,150,0,0,25.2575330734253,23.8275
2026-08-06 15:30:00,2,0,0,2,25.6493339538574,25.3599987030029,26.0100002288818,23,21,30,10,23.8699989318848,26.4699993133545,0,0,1.47644948959351,0,150,150,150,0,0,25.2562370300293,23.775
2026-08-06 15:45:00,2,0,0,2,25.6586360931397,25.2999992370606,26.0100002288818,23,21,30,10,23.7949991226196,26.4799995422363,0,0,1.47777020931244,0,150,150,150,0,0,25.2945775985718,23.7225
2026-08-06 16:00:00,2,0,0,2,25.6676197052002,25.25,26.019998550415,23,21,30,10,23.8799991607666,26.4899997711182,0,0,1.47851514816284,0,150,150,150,0,0,25.3153762817383,23.67
2026-08-06 16:15:00,2,0,0,2,25.6695985794068,25.2299995422364,26.0399990081787,23,21,30,10,23.8049993515015,26.4899997711182,0,0,1.47571831941605,0,150,150,150,0,0,25.3522062301636,23.6175
2026-08-06 16:30:00,2,0,0,2,25.672061920166,25.2799987792969,26.0399990081787,23,21,30,10,23.8299999237061,26.4899997711182,0,0,1.47929680347443,0,150,150,150,0,0,25.3816471099854,23.565
2026-08-06 16:45:00,2,0,0,2,25.7165956497193,25.269998550415,26.0499992370605,23,21,30,10,23.769998550415,26.5,0,0,1.47672206163407,0,138,138,138,0,0,25.3484134674072,23.5125
2026-08-06 17:00:00,2,0,0,2,25.7564716339111,25.2299995422363,26.0499992370605,23,21,30,10,23.8599987030029,26.5100002288818,0,0,1.47869157791138,0,138,138,138,0,0,25.3253555297852,23.46
2026-08-06 17:15:00,2,0,0,2,25.7790641784668,25.1799993515015,26.0599994659424,23,21,30,10,23.8099994659424,26.5050001144409,0,0,1.47856062650681,0,138,138,138,0,0,25.3214025497437,23.405
2026-08-06 17:30:00,2,0,0,2,25.7993068695068,25.2600002288818,26.0799999237061,23,21,30,10,23.7799987792969,26.5100002288818,0,0,1.47844994068146,0,138,138,138,0,0,25.3211460113525,23.35
2026-08-06 17:45:00,2,0,0,2,25.8184480667115,25.2049989700318,26.085000038147,23,21,30,10,23.8149995803833,26.519998550415,0,0,1.47940760850907,0,114,114,114,0,0,25.3258924484253,23.295
2026-08-06 18:00:00,2,0,0,2,25.8363456726074,25.2399997711182,26.0799999237061,23,21,30,10,23.8299999237061,26.519998550415,0,0,1.4741142988205,0,114,114,114,0,0,25.3377323150635,23.24
2026-08-06 18:15:00,2,0,0,2,25.8535060882569,25.2149991989136,26.0899991989136,23,21,30,10,23.914999961853,26.5299987792969,0,0,1.47712725400925,0,114,114,114,0,0,25.3440246582031,22.845
2026-08-06 18:30:00,2,0,0,2,25.8685626983643,25.2399997711182,26.0999984741211,23,21,30,10,23.8699989318848,26.5299987792969,0,0,1.47865617275238,0,114,114,114,0,0,25.3453121185303,22.45
2026-08-06 18:45:00,2,0,0,2,25.8841180801392,25.1449995040894,26.104998588562,23,21,30,10,23.8999996185303,26.5399990081787,0,0,1.47562366724015,0,50,50,50,0,0,25.3483190536499,22.055
2026-08-06 19:00:00,2,0,0,2,25.9033508300781,25.1099987030029,26.0999984741211,23,21,30,10,23.8899993896484,26.5499992370605,0,0,1.47973227500916,0,50,50,50,0,0,25.3490428924561,21.66
2026-08-06 19:15:00,2,0,0,2,25.9178457260132,25.2249994277954,26.1099987030029,23,21,30,10,23.920000076294,26.5549993515015,0,0,1.47651195526123,0,50,50,50,0,0,25.3537216186524,21.265
2026-08-06 19:30:00,2,0,0,2,25.9225196838379,25.269998550415,26.1199989318848,23,21,30,10,24.019998550415,26.5599994659424,0,0,1.4774911403656,0,50,50,50,0,0,25.3656616210938,20.87
2026-08-06 19:45:00,2,0,0,2,25.9382295608521,25.1799993515015,26.104998588562,23,21,30,10,24,26.5749998092652,0,0,1.47801065444947,0,50,50,50,0,0,25.3687477111817,20.475
2026-08-06 20:00:00,2,0,0,2,25.950984954834,25.1700000762939,26.1099987030029,23,21,30,10,24,26.5799999237061,0,0,1.48072278499603,0,50,50,50,0,0,25.3704700469971,20.08
2026-08-06 20:15:00,2,0,0,2,25.9612274169922,25.1549997329712,26.1199989318848,23,21,30,10,24.0699996948242,26.5799999237061,0,0,1.47708553075791,0,50,50,50,0,0,25.3771076202393,19.6825
2026-08-06 20:30:00,2,0,0,2,25.9671802520752,25.1800003051758,26.1299991607666,23,21,30,10,24.1000003814697,26.5999984741211,0,0,1.47480356693268,0,50,50,50,0,0,25.379846572876,19.285
2026-08-06 20:45:00,2,0,0,2,25.9820833206177,25.1799993515015,26.1349992752075,23,21,30,10,24.1350002288819,26.5900001525879,0,0,1.47749602794647,0,50,50,50,0,0,25.3835010528565,18.8875
2026-08-06 21:00:00,2,0,0,2,25.9846744537354,25.2099990844727,26.1299991607666,23,21,30,10,24.2399997711182,26.5999984741211,0,0,1.47908270359039,0,50,50,50,0,0,25.3843593597412,18.49
2026-08-06 21:15:00,2,0,0,2,26.0024614334107,25.2449998855591,26.1399993896484,23,21,30,10,24.1999998092651,26.5999984741211,0,0,1.47858971357346,0,50,50,50,0,0,25.3837909698487,18.245
2026-08-06 21:30:00,2,0,0,2,26.0097370147705,25.2299995422363,26.1399993896484,23,21,30,10,24.3299999237061,26.6099987030029,0,0,1.47735023498535,0,50,50,50,0,0,25.3839359283447,18
2026-08-06 21:45:00,2,0,0,2,26.0251436233521,25.1749992370606,26.1349992752075,23,21,30,10,24.3199996948242,26.6099987030029,0,0,1.47862541675568,0,50,50,50,0,0,25.3812532424927,17.755
2026-08-06 22:00:00,2,0,0,2,26.0302047729492,25.269998550415,26.1399993896484,23,21,30,10,24.2999992370605,26.6099987030029,0,0,1.47779762744904,0,50,50,50,0,0,25.3840179443359,17.51
2026-08-06 22:15:00,2,0,0,2,26.0438957214356,25.2599992752076,26.1449995040894,23,21,30,10,24.289999961853,26.6099987030029,0,0,1.47704702615738,0,50,50,50,0,0,25.3845119476319,17.265
2026-08-06 22:30:00,2,0,0,2,26.0475387573242,25.1999988555908,26.1499996185303,23,21,30,10,24.3400001525879,26.6099987030029,0,0,1.4802041053772,0,50,50,50,0,0,25.3917560577393,17.02
2026-08-06 22:45:00,2,0,0,2,26.0490798950195,25.2799997329712,26.1399993896484,23,21,30,10,24.335000038147,26.609998703003,0,0,1.47797900438309,0,50,50,50,0,0,25.3914194107056,16.775
2026-08-06 23:00:00,2,0,0,2,26.0555877685547,25.269998550415,26.1399993896484,23,21,30,10,24.4099998474121,26.6199989318848,0,0,1.478142619133,0,50,50,50,0,0,25.3943042755127,16.53
2026-08-06 23:15:00,2,0,0,2,26.061897277832,25.2599992752075,26.1449995040894,23,21,30,10,24.4250001907349,26.6149988174439,0,0,1.4781721830368,0,50,50,50,0,0,25.3912801742554,16.285
2026-08-06 23:30:00,2,0,0,2,26.0638732910156,25.2799987792969,26.1599998474121,23,21,30,10,24.5100002288818,26.6199989318848,0,0,1.47830128669739,0,50,50,50,0,0,25.3892974853516,16.04
2026-08-06 23:45:00,2,0,0,2,26.0741758346558,25.2849998474121,26.1499996185303,23,21,30,10,24.4749994277955,26.6099987030029,0,0,1.47520560026169,0,50,50,50,0,0,25.3861141204834,15.795
2026-08-07 00:00:00,2,0,0,2,26.0796737670898,25.3099994659424,26.1499996185303,23,21,30,10,24.5499992370605,26.6199989318848,0,0,1.47994863986969,0,50,50,50,0,0,25.3874607086182,14.55
2026-08-07 00:15:00,2,0,0,2,26.0794591903687,25.2799987792969,26.1449995040894,23,21,30,10,24.5549993515015,26.6199989318848,0,0,1.47560852766037,0,50,50,50,0,0,25.3867053985596,14.395
2026-08-07 00:30:00,2,0,0,2,26.0784854888916,25.3199996948242,26.1399993896484,23,21,30,10,24.6099987030029,26.6099987030029,0,0,1.47830009460449,0,50,50,50,0,0,25.385856628418,14.24
2026-08-07 00:45:00,2,0,0,2,26.078182220459,25.2699995040894,26.1399993896484,23,21,30,10,24.625,26.6149988174439,0,0,1.4774786233902,0,50,50,50,0,0,25.3884057998657,14.085
2026-08-07 01:00:00,2,0,0,2,26.0791664123535,25.2799987792969,26.1499996185303,23,21,30,10,24.6199989318848,26.6199989318848,0,0,1.47696185112,0,50,50,50,0,0,25.3889255523682,13.93
2026-08-07 01:15:00,2,0,0,2,26.0825414657593,25.3299999237061,26.1549997329712,23,21,30,10,24.6399993896485,26.6199989318848,0,0,1.47706145048142,0,50,50,50,0,0,25.3862857818604,13.7775
2026-08-07 01:30:00,2,0,0,2,26.0901985168457,25.3500003814697,26.1499996185303,23,21,30,10,24.7299995422363,26.6099987030029,0,0,1.4774249792099,0,50,50,50,0,0,25.385591506958,13.625
2026-08-07 01:45:00,2,0,0,2,26.087628364563,25.3749990463257,26.1499996185303,23,21,30,10,24.6999988555908,26.6099987030029,0,0,1.47728282213211,0,50,50,50,0,0,25.3859539031983,13.4725
2026-08-07 02:00:00,2,0,0,2,26.0886859893799,25.3799991607666,26.1499996185303,23,21,30,10,24.769998550415,26.6299991607666,0,0,1.48097860813141,0,50,50,50,0,0,25.3840579986572,13.32
2026-08-07 02:15:00,2,0,0,2,26.0911550521851,25.3799991607666,26.1499996185303,23,21,30,10,24.7749996185303,26.6149988174439,0,0,1.47931581735611,0,50,50,50,0,0,25.3820400238037,13.1675
2026-08-07 02:30:00,2,0,0,2,26.0940628051758,25.3699989318848,26.1399993896484,23,21,30,10,24.7199993133545,26.6199989318848,0,0,1.47786891460419,0,50,50,50,0,0,25.3807334899902,13.015
2026-08-07 02:45:00,2,0,0,2,26.0980958938599,25.3599996566773,26.1499996185303,23,21,30,10,24.8099994659424,26.6199989318848,0,0,1.47916924953461,0,50,50,50,0,0,25.3773746490479,12.8625
2026-08-07 03:00:00,2,0,0,2,26.0955600738525,25.3599987030029,26.1499996185303,23,21,30,10,24.8599987030029,26.6199989318848,0,0,1.48245286941528,0,50,50,50,0,0,25.3740978240967,12.71
2026-08-07 03:15:00,2,0,0,2,26.0901584625244,25.4049997329712,26.1349992752075,23,21,30,10,24.8649997711182,26.6099987030029,0,0,1.47836315631866,0,50,50,50,0,0,25.3737134933472,12.645
2026-08-07 03:30:00,2,0,0,2,26.0921268463135,25.4099998474121,26.1499996185303,23,21,30,10,24.9499988555908,26.6099987030029,0,0,1.47829961776733,0,50,50,50,0,0,25.3715724945068,12.58
2026-08-07 03:45:00,2,0,0,2,26.0909805297851,25.4066664377848,26.1399993896484,23,21,30,10,24.9266656239828,26.6133321126302,0,0,1.47959899902344,0,50,50,50,0,0,25.3689511617025,12.515
2026-08-07 04:00:00,2,0,0,2,26.0916938781738,25.4099998474121,26.1399993896484,23,21,30,10,24.9599990844727,26.5999984741211,0,0,1.47719240188599,0,50,50,50,0,0,25.3658580780029,12.45
2026-08-07 04:15:00,2,0,0,2,26.090916633606,25.4449987411499,26.1499996185303,23,21,30,10,24.9449987411499,26.6099987030029,0,0,1.4780867099762,0,50,50,50,0,0,25.3633766174317,12.385
2026-08-07 04:30:00,2,0,0,2,26.0897483825684,25.439998626709,26.1199989318848,23,21,30,10,24.9599990844727,26.6099987030029,0,0,1.4808429479599,0,50,50,50,0,0,25.3618812561035,12.32
2026-08-07 04:45:00,2,0,0,2,26.0886516571045,25.4449996948242,26.1349992752075,23,21,30,10,24.9849996566773,26.6099987030029,0,0,1.479736328125,0,50,50,50,0,0,25.3613252639771,12.255
2026-08-07 05:00:00,2,0,0,2,26.0836887359619,25.4899997711182,26.1399993896484,23,21,30,10,25.0699996948242,26.6099987030029,0,0,1.48315739631653,0,50,50,50,0,0,25.3617210388184,12.19
2026-08-07 05:15:00,2,0,0,2,26.0700788497925,25.4749994277955,26.1299991607666,23,21,30,10,25.0749988555908,26.5999984741211,0,0,1.4752289056778,0,50,50,50,0,0,25.3590097427368,12.1275
2026-08-07 05:30:00,2,0,0,2,26.0603828430176,25.4899997711182,26.1199989318848,23,21,30,10,25.0799999237061,26.5999984741211,0,0,1.48130285739899,0,50,50,50,0,0,25.3549480438232,12.065
2026-08-07 05:45:00,2,0,0,2,26.0562400817872,25.4949998855591,26.1199989318848,23,21,30,10,25.0900001525879,26.5999984741211,0,0,1.47786831855774,0,50,50,50,0,0,25.3530712127686,12.0025
2026-08-07 06:00:00,2,0,0,2,26.0603294372559,25.4499988555908,26.1199989318848,23,21,30,10,25.1299991607666,26.5999984741211,0,0,1.47884291410447,0,50,50,50,0,0,25.352560043335,11.94
2026-08-07 06:15:00,2,0,0,2,26.057713508606,25.4949998855591,26.1199989318848,23,21,30,10,25.1199989318848,26.585000038147,0,0,1.47811281681061,0,50,50,50,0,0,25.3509769439697,12.0675
2026-08-07 06:30:00,2,0,0,2,26.0641937255859,25.5100002288818,26.1299991607666,23,21,30,10,25.1299991607666,26.5999984741211,0,0,1.4769434928894,0,50,50,50,0,0,25.3503952026367,12.195
2026-08-07 06:45:00,2,0,0,2,26.0799121856689,25.5,26.1099987030029,23,21,30,10,25.1599998474121,26.5799999237061,0,0,1.48090147972107,0,50,50,50,0,0,25.3468208312988,12.3225
2026-08-07 07:00:00,2,0,0,2,26.0911550521851,25.519998550415,26.1099987030029,23,21,30,10,25.2049999237061,26.5799999237061,0,0,1.48196572065354,0,50,50,50,0,0,25.3443365097046,12.45
2026-08-07 07:15:00,2,0,0,2,26.0903120040894,25.5349988937378,26.1149988174439,23,21,30,10,25.1999998092652,26.5749998092652,0,0.5,1.47398096323014,0,50,50,50,0,0,25.3358144760132,12.58
2026-08-07 07:30:00,2,0,0,2,26.0446166992188,25.5399990081787,26.0999984741211,23,21,30,10,25.189998626709,26.5599994659424,0,1,1.47294652462006,0,50,50,50,0,0,25.3163547515869,12.71
2026-08-07 07:45:00,2,0,0,2,26.0310306549073,25.5399990081787,26.0799999237061,23,21,30,10,25.2149991989136,26.5399990081787,0,1,1.47847080230713,0,88,88,88,0,0,25.241961479187,12.84
2026-08-07 08:00:00,2,0,0,2,26.015007019043,25.5599994659424,26.0399990081787,23,21,30,10,25.2999992370605,26.519998550415,0,1,1.47712981700897,0,91,91,91,0,0,25.1890029907227,12.97
2026-08-07 08:15:00,2,0,0,2,25.9746036529541,25.5449991226196,25.9949998855591,23,21,30,10,25.2399997711182,26.4899997711182,0,1,1.47450184822083,0,99.5,97,97,0,0,25.1393489837647,13.0975
2026-08-07 08:30:00,2,0,0,2,25.9315814971924,25.5399990081787,25.9799995422363,23,21,30,10,25.2799987792969,26.4499988555908,0,1,1.47735202312469,0,102,102,102,0,0,25.1034374237061,13.225
2026-08-07 08:45:00,2,0,0,2,25.8259868621826,25.5649995803833,25.9549989700318,23,21,30,10,25.2899990081787,26.414999961853,0,1,1.47579765319825,0,106.5,106.5,106.5,0,0,24.9305067062378,13.3525
2026-08-07 09:00:00,2,0,0,2,25.785493850708,25.5499992370605,25.9300003051758,23,21,30,10,25.2899990081787,26.3799991607666,0,1,1.47598254680634,0,108,108,108,0,0,24.879695892334,13.48
2026-08-07 09:15:00,2,0,0,2,25.7648029327393,25.5499992370605,25.914999961853,23,21,30,10,25.3049993515015,26.3649988174439,0,1,1.47638309001923,0,112.5,112.5,112.5,0,0,24.8820123672486,14.0575
2026-08-07 09:30:00,2,0,0,2,25.732458114624,25.5599994659424,25.9099998474121,23,21,30,10,25.3099994659424,26.3599987030029,0,1,1.47731196880341,0,114,114,114,0,0,24.8536396026611,14.635
2026-08-07 09:45:00,2,0,0,2,25.7166786193848,25.5699996948243,25.9049997329712,23,21,30,10,25.3249998092652,26.3449993133545,0,1,1.48136687278748,0,115.5,114,114,0,0,24.8556795120239,15.2125
2026-08-07 10:00:00,2,0,0,2,25.6836185455322,25.5499992370605,25.8899993896484,23,21,30,10,25.3599987030029,26.3199996948242,0,1,1.48262196779251,0,117,117,117,0,0,24.8362693786621,15.79
2026-08-07 10:15:00,2,0,0,2,25.6654901504517,25.5449991226197,25.8899993896484,23,21,30,10,25.3799991607666,26.3099994659424,0,1,1.47810471057892,0,120,120,120,0,0,24.8209533691407,16.37
2026-08-07 10:30:00,2,0,0,2,25.6473846435547,25.5499992370605,25.8799991607666,23,21,30,10,25.3799991607666,26.2999992370605,0,1,1.47870683670044,0,120,120,120,0,0,24.8215065002441,16.95
2026-08-07 10:45:00,2,0,0,2,25.6139516830444,25.5499992370606,25.859998703003,23,21,30,10,25.4099998474121,26.2799987792969,0,1,1.48066473007202,0,120,120,120,0,0,24.8075428009034,17.53
2026-08-07 11:00:00,2,0,0,2,25.5789737701416,25.5399990081787,25.8400001525879,23,21,30,10,25.4300003051758,26.269998550415,0,1,1.47639286518097,0,120,120,120,0,0,24.8134059906006,18.11
2026-08-07 11:15:00,2,0,0,2,25.568736076355,25.5549993515015,25.8149995803833,23,21,30,10,25.4349994659424,26.25,0,1,1.48522788286209,0,120,120,120,0,0,24.8531312942505,18.6875
2026-08-07 11:30:00,2,0,0,2,25.552734375,25.5599994659424,25.7899990081787,23,21,30,10,25.439998626709,26.2399997711182,0,1,2.11230063438416,0,120,120,120,0,0,24.8904914855957,19.265
2026-08-07 11:45:00,2,0,0,2,25.5307540893555,25.5449991226196,25.7849988937378,23,21,30,10,25.3099994659424,26.2349996566773,0,1,1.4858592748642,0,120,120,120,0,0,24.9227085113526,19.8425
2026-08-07 12:00:00,2,0,0,2,25.4958992004395,25.5299987792969,25.769998550415,23,21,30,10,25.189998626709,26.2199993133545,0,1,2.10940194129944,0,120,120,120,0,0,24.9346580505371,20.42
2026-08-07 12:15:00,2,0,0,2,25.4810905456543,25.5050001144409,25.7550001144409,23,21,30,10,25.0049991607666,26.2199993133545,0,1,1.48363363742828,0,97,97,97,0,0,24.9501066207886,20.7575
2026-08-07 12:30:00,2,0,0,2,25.4610042572021,25.4799995422363,25.75,23,21,30,10,24.8799991607666,26.2199993133545,0,1,1.79608142375946,0,97,97,97,0,0,24.96923828125,21.095
2026-08-07 12:45:00,2,0,0,2,25.4461402893066,25.4599990844727,25.7449998855591,23,21,30,10,24.75,26.2099990844727,0,1,1.47278559207916,0,50,50,50,0,0,24.981369972229,21.4325
2026-08-07 13:00:00,2,0,0,2,25.4316902160645,25.4200000762939,25.7399997711182,23,21,30,10,24.5799999237061,26.1999988555908,0,1,1.48130470514298,0,50,50,50,0,0,25.0021324157715,21.77
2026-08-07 13:15:00,2,0,0,2,25.426272392273,25.399998664856,25.7299995422363,23,21,30,10,24.4499998092652,26.1949987411499,0,1,1.47808134555817,0,50,50,50,0,0,25.0031290054322,22.105
2026-08-07 13:30:00,2,0,0,2,25.4155406951904,25.3299999237061,25.7299995422363,23,21,30,10,24.25,26.1800003051758,0,1,1.47480666637421,0,50,50,50,0,0,25.0015697479248,22.44
2026-08-07 13:45:00,2,0,0,2,25.4065656661988,25.3199996948243,25.7249994277954,23,21,30,10,24.2499990463257,26.1800003051758,0,1,2.11648941040039,0,102,102,102,0,0,25.0105686187745,22.775
2026-08-07 14:00:00,2,0,0,2,25.3948574066162,25.3099994659424,25.7099990844727,23,21,30,10,24.1099987030029,26.1700000762939,0,1,2.11510920524597,0,102,102,102,0,0,25.0029048919678,23.11
2026-08-07 14:15:00,2,0,0,2,25.3785104751587,25.2949991226197,25.7049989700318,23,21,30,10,23.9899997711182,26.164999961853,0,1,2.12614786624909,0,108,108,108,0,0,25.0167303085328,23.445
2026-08-07 14:30:00,2,0,0,2,25.3729038238525,25.25,25.6999988555908,23,21,30,10,23.9899997711182,26.1499996185303,0,1,3.07889533042908,0,108,108,108,0,0,24.9952869415283,23.78
2026-08-07 14:45:00,2,0,0,2,25.3619117736817,25.25,25.6999988555908,23,21,30,10,23.8799991607666,26.1549997329712,0,0,1.48053455352784,0,108,108,108,0,0,25.0618743896485,24.115
2026-08-07 15:00:00,2,0,0,2,25.3617935180664,25.1700000762939,25.7099990844727,23,21,30,10,23.8099994659424,26.1599998474121,0,0,1.4762704372406,0,108,108,108,0,0,25.0848026275635,24.45
2026-08-07 15:15:00,2,0,0,2,25.3589458465576,25.1499996185303,25.7149991989136,23,21,30,10,23.8199996948242,26.164999961853,0,0,1.47881156206131,0,114,114,114,0,0,25.1428031921387,24.435
2026-08-07 15:30:00,2,0,0,2,25.3691120147705,25.1299991607666,25.7299995422363,23,21,30,10,23.8099994659424,26.1700000762939,0,0,1.47622084617615,0,114,114,114,0,0,25.1086521148682,24.42
2026-08-07 15:45:00,2,0,0,2,25.3734169006348,25.1149997711182,25.7299995422363,23,21,30,10,23.7499990463257,26.1750001907349,0,0,1.47724890708923,0,114,114,114,0,0,25.1117610931397,24.405
2026-08-07 16:00:00,2,0,0,2,25.3662700653076,25.1599998474121,25.7399997711182,23,21,30,10,23.6399993896484,26.189998626709,0,0,1.47622084617615,0,114,114,114,0,0,25.1514205932617,24.39
2026-08-07 16:15:00,2,0,0,2,25.3702726364136,25.0949993133545,25.7399997711182,23,21,30,10,23.6649999618531,26.1800003051758,0,0,1.47703671455384,0,114,114,114,0,0,25.1562786102295,24.375
2026-08-07 16:30:00,2,0,0,2,25.3699855804443,25.1299991607666,25.75,23,21,30,10,23.689998626709,26.1999988555908,0,0,1.47667586803436,0,114,114,114,0,0,25.169490814209,24.36
2026-08-07 16:45:00,2,0,0,2,25.4091453552247,25.0699996948242,25.7550001144409,23,21,30,10,23.7049999237061,26.1949987411499,0,0,1.48006194829941,0,97,97,97,0,0,25.13578414917,24.345
2026-08-07 17:00:00,2,0,0,2,25.4352836608887,25.0599994659424,25.7600002288818,23,21,30,10,23.7399997711182,26.189998626709,0,0,1.47617959976196,0,97,97,97,0,0,25.1175327301025,24.33
2026-08-07 17:15:00,2,0,0,2,25.4493932723999,25.0749988555909,25.7649993896484,23,21,30,10,23.7149991989136,26.1949987411499,0,0,1.47852301597595,0,97,97,97,0,0,25.1080112457276,24.315
2026-08-07 17:30:00,2,0,0,2,25.4485054016113,25.0499992370605,25.769998550415,23,21,30,10,23.7399997711182,26.1999988555908,0,0,1.47969722747803,0,97,97,97,0,0,25.1200923919678,24.3
2026-08-07 17:45:00,2,0,0,2,25.448127746582,25.0449991226197,25.774998664856,23,21,30,10,23.7449998855591,26.1999988555909,0,0,1.47641497850419,0,79,79,79,0,0,25.1393909454346,24.285
2026-08-07 18:00:00,2,0,0,2,25.45924949646,25.0499992370605,25.769998550415,23,21,30,10,23.7799987792969,26.2099990844727,0,0,1.47766828536987,0,79,79,79,0,0,25.1462802886963,24.27
2026-08-07 18:15:00,2,0,0,2,25.4779319763184,24.9999990463257,25.7799987792969,23,21,30,10,23.8099994659424,26.2149991989136,0,0,1.47712486982346,0,79,79,79,0,0,25.1390771865845,23.9575
2026-08-07 18:30:00,2,0,0,2,25.4791412353516,24.9899997711182,25.7899990081787,23,21,30,10,23.7999992370605,26.2199993133545,0,0,1.47776341438293,0,79,79,79,0,0,25.1467533111572,23.645
2026-08-07 18:45:00,2,0,0,2,25.4883165359497,25.0299987792969,25.7799987792969,23,21,30,10,23.8149995803833,26.2199993133545,0,0,1.47592055797577,0,50,50,50,0,0,25.1505708694458,23.3325
2026-08-07 19:00:00,2,0,0,2,25.4791660308838,25.0399990081787,25.7899990081787,23,21,30,10,23.9499988555908,26.2199993133545,0,0,1.47687888145447,0,50,50,50,0,0,25.1749153137207,23.02
2026-08-07 19:15:00,2,0,0,2,25.4831047058106,24.9899997711182,25.7999992370605,23,21,30,10,23.9399995803833,26.2299995422363,0,0,1.47581386566163,0,50,50,50,0,0,25.1840057373047,22.705
2026-08-07 19:30:00,2,0,0,2,25.4980926513672,25,25.7999992370605,23,21,30,10,23.9499988555908,26.2299995422363,0,0,1.47635877132416,0,50,50,50,0,0,25.1748695373535,22.39
2026-08-07 19:45:00,2,0,0,2,25.4924440383911,25.0149993896484,25.8049993515015,23,21,30,10,23.9449987411499,26.2299995422363,0,0,1.47422617673874,0,50,50,50,0,0,25.1965694427491,22.075
2026-08-07 20:00:00,2,0,0,2,25.4965801239014,25.0299987792969,25.8099994659424,23,21,30,10,24.019998550415,26.2299995422363,0,0,1.47438621520996,0,50,50,50,0,0,25.2047786712646,21.76
2026-08-07 20:15:00,2,0,0,2,25.4987020492554,25.0050001144409,25.8149995803833,23,21,30,10,24.0049991607666,26.2299995422363,0,0,1.476114153862,0,50,50,50,0,0,25.2092418670655,21.4475
2026-08-07 20:30:00,2,0,0,2,25.5142860412598,24.9699993133545,25.8199996948242,23,21,30,10,24.0699996948242,26.2299995422363,0,0,1.47793436050415,0,50,50,50,0,0,25.2040061950684,21.135
2026-08-07 20:45:00,2,0,0,2,25.5265121459961,25.024998664856,25.8249998092652,23,21,30,10,24.0999994277955,26.2349996566773,0,0,1.47530615329743,0,50,50,50,0,0,25.2002763748169,20.8225
2026-08-07 21:00:00,2,0,0,2,25.5298519134521,25.0399990081787,25.8199996948242,23,21,30,10,24.1099987030029,26.2399997711182,0,0,1.47559583187103,0,50,50,50,0,0,25.2040634155273,20.51
2026-08-07 21:15:00,2,0,0,2,25.5720291137695,25.0399999618531,25.8149995803833,23,21,30,10,24.1499996185303,26.2449998855591,0,0,1.47481417655945,0,50,50,50,0,0,25.1722478866577,20.2875
2026-08-07 21:30:00,2,0,0,2,25.5745944976807,25.0599994659424,25.8199996948242,23,21,30,10,24.189998626709,26.25,0,0,1.475024163723,0,50,50,50,0,0,25.1739463806152,20.065
2026-08-07 21:45:00,2,0,0,2,25.5644969940186,25.0699996948243,25.8249998092652,23,21,30,10,24.2199993133545,26.2449998855591,0,0,1.47759819030762,0,50,50,50,0,0,25.1849212646485,19.8425
2026-08-07 22:00:00,2,0,0,2,25.5685386657715,25.0699996948242,25.8199996948242,23,21,30,10,24.2099990844727,26.25,0,0,1.47833633422852,0,50,50,50,0,0,25.1915836334229,19.62
2026-08-07 22:15:00,2,0,0,2,25.5956153869629,25.085000038147,25.8299999237061,23,21,30,10,24.2999992370606,26.2600002288818,0,0,1.47440886497498,0,50,50,50,0,0,25.1809358596802,19.3975
2026-08-07 22:30:00,2,0,0,2,25.5977382659912,25.0299987792969,25.8299999237061,23,21,30,10,24.2999992370605,26.2600002288818,0,0,1.47509276866913,0,50,50,50,0,0,25.1846332550049,19.175
2026-08-07 22:45:00,2,0,0,2,25.6288070678711,25.0399990081787,25.835000038147,23,21,30,10,24.3400001525879,26.2649993896484,0,0,1.47495073080063,0,50,50,50,0,0,25.1732826232911,18.9525
2026-08-07 23:00:00,2,0,0,2,25.6163578033447,25.1299991607666,25.8400001525879,23,21,30,10,24.3500003814697,26.269998550415,0,0,1.47695004940033,0,50,50,50,0,0,25.1886539459229,18.73
2026-08-07 23:15:00,2,0,0,2,25.5716495513916,25.0900001525879,25.835000038147,23,21,30,10,24.439998626709,26.2649993896484,0,0,1.47621381282806,0,50,50,50,0,0,25.2133083343506,18.5075
2026-08-07 23:30:00,2,0,0,2,25.5353698730469,25.0599994659424,25.8400001525879,23,21,30,10,24.4300003051758,26.269998550415,0,0,1.47702795267105,0,50,50,50,0,0,25.2443008422852,18.285
2026-08-07 23:45:00,2,0,0,2,25.529751777649,25.1099996566773,25.8400001525879,23,21,30,10,24.4549989700318,26.274998664856,0,0,1.4743275642395,0,50,50,50,0,0,25.2524719238282,18.0625
2026-08-08 00:00:00,2,0,0,2,25.5175495147705,25.0699996948242,25.8400001525879,23,21,30,10,24.4699993133545,26.269998550415,0,0,1.47699749469757,0,50,50,50,0,0,25.2597332000732,17.2
2026-08-08 00:15:00,2,0,0,2,25.5425310134888,25.1049995422364,25.8299999237061,23,21,30,10,24.5299997329712,26.2649993896484,0,0,1.47546094655991,0,50,50,50,0,0,25.2482347488404,17.0425
2026-08-08 00:30:00,2,0,0,2,25.5682239532471,25.1000003814697,25.8499984741211,23,21,30,10,24.519998550415,26.269998550415,0,0,1.47428941726685,0,50,50,50,0,0,25.2323303222656,16.885
2026-08-08 00:45:00,2,0,0,2,25.5596723556519,25.1249990463257,25.8449993133545,23,21,30,10,24.5449991226196,26.2799987792969,0,0,1.47615998983384,0,50,50,50,0,0,25.2284851074219,16.7275
2026-08-08 01:00:00,2,0,0,2,25.5290584564209,25.1399993896484,25.8400001525879,23,21,30,10,24.5799999237061,26.2799987792969,0,0,1.47450792789459,0,50,50,50,0,0,25.2568187713623,16.57
2026-08-08 01:15:00,2,0,0,2,25.5517101287842,25.1349992752075,25.8400001525879,23,21,30,10,24.6449995040894,26.2899990081787,0,0,1.47733128070831,0,50,50,50,0,0,25.2456932067871,16.415
2026-08-08 01:30:00,2,0,0,2,25.5751094818115,25.1700000762939,25.8400001525879,23,21,30,10,24.7099990844727,26.2799987792969,0,0,1.47813594341278,0,50,50,50,0,0,25.2360038757324,16.26
2026-08-08 01:45:00,2,0,0,2,25.5830030441284,25.1449995040894,25.854998588562,23,21,30,10,24.7099990844727,26.2849988937378,0,0,1.47658002376556,0,50,50,50,0,0,25.2322387695313,16.105
2026-08-08 02:00:00,2,0,0,2,25.5907249450684,25.1399993896484,25.8499984741211,23,21,30,10,24.7199993133545,26.2899990081787,0,0,1.47877860069275,0,50,50,50,0,0,25.2286071777344,15.95
2026-08-08 02:15:00,2,0,0,2,25.6004524230957,25.1549997329712,25.8499984741211,23,21,30,10,24.7399997711182,26.2899990081787,0,0,1.47919523715973,0,50,50,50,0,0,25.2212734222413,15.7925
2026-08-08 02:30:00,2,0,0,2,25.6450271606445,25.1599998474121,25.8499984741211,23,21,30,10,24.7899990081787,26.2999992370605,0,0,1.47777652740479,0,50,50,50,0,0,25.1927547454834,15.635
2026-08-08 02:45:00,2,0,0,2,25.643051147461,25.1849994659424,25.8449993133545,23,21,30,10,24.7799997329712,26.2899990081787,0,0,1.47674012184143,0,50,50,50,0,0,25.1908941268921,15.4775
2026-08-08 03:00:00,2,0,0,2,25.6096706390381,25.2199993133545,25.8599987030029,23,21,30,10,24.7999992370605,26.2999992370605,0,0,1.47609341144562,0,50,50,50,0,0,25.2139492034912,15.32
2026-08-08 03:15:00,2,0,0,2,25.6213970184326,25.1799993515015,25.8499984741211,23,21,30,10,24.8549995422364,26.2999992370605,0,0,1.47781383991242,0,50,50,50,0,0,25.2120389938355,15.2275
2026-08-08 03:30:00,2,0,0,2,25.6059455871582,25.189998626709,25.8499984741211,23,21,30,10,24.8599987030029,26.2999992370605,0,0,1.47834277153015,0,50,50,50,0,0,25.2219543457031,15.135
2026-08-08 03:45:00,2,0,0,2,25.5832843780518,25.2249994277954,25.8499984741211,23,21,30,10,24.8799991607666,26.2999992370605,0,0,1.47658395767212,0,50,50,50,0,0,25.2465686798096,15.0425
2026-08-08 04:00:00,2,0,0,2,25.621374130249,25.2099990844727,25.8499984741211,23,21,30,10,24.8799991607666,26.2999992370605,0,0,1.47603929042816,0,50,50,50,0,0,25.2187461853027,14.95
2026-08-08 04:15:00,2,0,0,2,25.6705207824707,25.2249994277954,25.8599987030029,23,21,30,10,24.9449987411499,26.3049993515015,0,0,1.47763890028,0,50,50,50,0,0,25.1907434463501,14.8575
2026-08-08 04:30:00,2,0,0,2,25.7015838623047,25.1949996948243,25.8499994277954,23,21,30,10,24.9449996948242,26.3049993515015,0,0,1.47734612226486,0,50,50,50,0,0,25.1747283935547,14.765
2026-08-08 04:45:00,2,0,0,2,25.718334197998,25.25,25.8499984741211,23,21,30,10,25,26.3099994659424,0,0,1.48135530948639,0,50,50,50,0,0,25.1675853729248,14.6725
2026-08-08 05:00:00,2,0,0,2,25.7106151580811,25.269998550415,25.854998588562,23,21,30,10,24.9849987030029,26.3199996948242,0,0,1.47877341508865,0,50,50,50,0,0,25.1730756759644,14.58
2026-08-08 05:15:00,2,0,0,2,25.6479549407959,25.25,25.8599987030029,23,21,30,10,25.0100002288818,26.3099994659424,0,0,1.47599291801453,0,50,50,50,0,0,25.204948425293,14.49
2026-08-08 05:30:00,2,0,0,2,25.6067008972168,25.25,25.8649988174439,23,21,30,10,25.0449991226196,26.3099994659424,0,0,1.47911942005158,0,50,50,50,0,0,25.2316389083863,14.4
2026-08-08 05:45:00,2,0,0,2,25.6029453277588,25.269998550415,25.8599987030029,23,21,30,10,25.0699996948242,26.3299999237061,0,0,1.48222422599792,0,50,50,50,0,0,25.2377395629883,14.31
2026-08-08 06:00:00,2,0,0,2,25.6410427093506,25.2799987792969,25.8599987030029,23,21,30,10,25.0799999237061,26.3249998092652,0,0,1.48088485002518,0,50,50,50,0,0,25.2154941558838,14.22
2026-08-08 06:15:00,2,0,0,2,25.6437492370605,25.2899990081787,25.8599987030029,23,21,30,10,25.1199989318848,26.3199996948242,0,0,1.47975766658783,0,50,50,50,0,0,25.2148723602295,14.3275
2026-08-08 06:30:00,2,0,0,2,25.6218757629395,25.3049993515015,25.859998703003,23,21,30,10,25.1349992752076,26.3149995803833,0,0,1.47784954309464,0,50,50,50,0,0,25.2310638427735,14.435
2026-08-08 06:45:00,2,0,0,2,25.5996417999268,25.3099994659424,25.8699989318848,23,21,30,10,25.1199989318848,26.3299999237061,0,0,1.47956156730652,0,50,50,50,0,0,25.2416877746582,14.5425
2026-08-08 07:00:00,2,0,0,2,25.6539468765259,25.3299999237061,25.8599987030029,23,21,30,10,25.1549997329712,26.3199996948242,0,0,1.47698056697846,0,50,50,50,0,0,25.2059631347656,14.65
2026-08-08 07:15:00,2,0,0,2,25.6143016815186,25.3500003814697,25.8599987030029,23,21,30,10,25.1800003051758,26.3099994659424,0,0,1.47500491142273,0,50,50,50,0,0,25.2301082611084,14.76
2026-08-08 07:30:00,2,0,0,2,25.6062316894532,25.3400001525879,25.8499984741211,23,21,30,10,25.1849994659424,26.3149995803833,0,0,1.47765988111496,0,50,50,50,0,0,25.2282667160035,14.87
2026-08-08 07:45:00,2,0,0,2,25.5987377166748,25.3500003814697,25.8599987030029,23,21,30,10,25.2399997711182,26.3099994659424,0,0,1.47939836978912,0,50,50,50,0,0,25.2269554138184,14.98
2026-08-08 08:00:00,2,0,0,2,25.6061048507691,25.3400001525879,25.8599987030029,23,21,30,10,25.25,26.3299999237061,0,0,1.48000293970108,0,50,50,50,0,0,25.2183017730713,15.09
2026-08-08 08:15:00,2,0,0,2,25.6440887451172,25.3599987030029,25.8499984741211,23,21,30,10,25.2399997711182,26.3099994659424,0,0,1.47811877727509,0,50,50,50,0,0,25.199068069458,15.2
2026-08-08 08:30:00,2,0,0,2,25.6342344284058,25.3649988174439,25.8499984741211,23,21,30,10,25.2799987792969,26.3199996948242,0,0,1.4783610701561,0,50,50,50,0,0,25.1973447799683,15.31
2026-08-08 08:45:00,2,0,0,2,25.6458950042725,25.3999996185303,25.8499984741211,23,21,30,10,25.2999992370605,26.3099994659424,0,0,1.47641289234161,0,50,50,50,0,0,25.1887397766113,15.42
2026-08-08 09:00:00,2,0,0,2,25.6935253143311,25.3949995040894,25.854998588562,23,21,30,10,25.3149995803833,26.3099994659424,0,0,1.48037868738174,0,50,50,50,0,0,25.17262840271,15.53
2026-08-08 09:15:00,2,0,0,2,25.6923732757568,25.4099998474121,25.8599987030029,23,21,30,10,25.3299999237061,26.2999992370605,0,0,1.47821021080017,0,50,50,50,0,0,25.1732997894287,16.1025
2026-08-08 09:30:00,2,0,0,2,25.7157201766968,25.414999961853,25.8599987030029,23,21,30,10,25.3749990463257,26.3199996948242,0,0,1.47677481174469,0,50,50,50,0,0,25.1635904312134,16.675
2026-08-08 09:45:00,2,0,0,2,25.7214374542236,25.4200000762939,25.8599987030029,23,21,30,10,25.3599987030029,26.3299999237061,0,0,1.47895216941833,0,50,50,50,0,0,25.1621322631836,17.2475
2026-08-08 10:00:00,2,0,0,2,25.7202043533326,25.4300003051758,25.854998588562,23,21,30,10,25.3949995040894,26.3149995803833,0,0,1.47804772853852,0,50,50,50,0,0,25.1632852554322,17.82
2026-08-08 10:15:00,2,0,0,2,25.7138442993164,25.4300003051758,25.8499984741211,23,21,30,10,25.4099998474121,26.2999992370605,0,0,1.47650742530823,0,50,50,50,0,0,25.169095993042,18.395
2026-08-08 10:30:00,2,0,0,2,25.6804084777832,25.439998626709,25.8649988174439,23,21,30,10,25.414999961853,26.3149995803833,0,0,1.47676920890808,0,50,50,50,0,0,25.1852025985718,18.97
2026-08-08 10:45:00,2,0,0,2,25.6800804138184,25.4499988555908,25.8499984741211,23,21,30,10,25.4200000762939,26.3199996948242,0,0,1.48021900653839,0,50,50,50,0,0,25.1839199066162,19.545
2026-08-08 11:00:00,2,0,0,2,25.6985731124878,25.4499988555908,25.8649988174439,23,21,30,10,25.4349994659424,26.3099994659424,0,0,1.47587275505066,0,50,50,50,0,0,25.177906036377,20.12
2026-08-08 11:15:00,2,0,0,2,25.7137050628662,25.4499988555908,25.8599987030029,23,21,30,10,25.4499988555908,26.3199996948242,0,0,1.47638702392578,0,50,50,50,0,0,25.1754131317139,20.695
2026-08-08 11:30:00,2,0,0,2,25.7267360687256,25.4699993133545,25.8599987030029,23,21,30,10,25.4649991989136,26.3199996948242,0,0,1.47766017913818,0,50,50,50,0,0,25.1741161346436,21.27
2026-08-08 11:45:00,2,0,0,2,25.6945056915283,25.4799995422363,25.8599987030029,23,21,30,10,25.4899997711182,26.3299999237061,0,0,1.47753059864044,0,50,50,50,0,0,25.1885986328125,21.845
2026-08-08 12:00:00,2,0,0,2,25.7142276763916,25.4849996566773,25.8649988174439,23,21,30,10,25.5050001144409,26.3199996948243,0,0,1.4772070646286,0,50,50,50,0,0,25.1805534362793,22.42
2026-08-08 12:15:00,2,0,0,2,25.6885375976562,25.4899997711182,25.8699989318848,23,21,30,10,25.5299987792969,26.3199996948242,0,0,1.47596859931946,0,50,50,50,0,0,25.1926155090332,22.8625
2026-08-08 12:30:00,2,0,0,2,25.6937313079834,25.5050001144409,25.8649988174439,23,21,30,10,25.5349988937378,26.3249998092652,0,0,1.4762344956398,0,50,50,50,0,0,25.1963882446289,23.305
2026-08-08 12:45:00,2,0,0,2,25.658052444458,25.5100002288818,25.8799991607666,23,21,30,10,25.5399990081787,26.3199996948242,0,0,1.48066055774689,0,50,50,50,0,0,25.2144508361816,23.7475
2026-08-08 13:00:00,2,0,0,2,25.6445693969727,25.519998550415,25.8649988174439,23,21,30,10,25.5549993515015,26.3299999237061,0,0,1.47887086868286,0,50,50,50,0,0,25.2236871719361,24.19
2026-08-08 13:15:00,2,0,0,2,25.6053695678711,25.5399990081787,25.8799991607666,23,21,30,10,25.5499992370605,26.3299999237061,0,0,1.47878670692444,0,50,50,50,0,0,25.2533664703369,24.6325
2026-08-08 13:30:00,2,0,0,2,25.6470947265625,25.5399990081787,25.8649988174439,23,21,30,10,25.585000038147,26.3299999237061,0,0,1.47774255275727,0,50,50,50,0,0,25.2290964126587,25.075
2026-08-08 13:45:00,2,0,0,2,25.624683380127,25.5399990081787,25.8699989318848,23,21,30,10,25.5999984741211,26.3299999237061,0,0,1.47703909873962,0,50,50,50,0,0,25.2509860992432,25.5175
2026-08-08 14:00:00,2,0,0,2,25.6044282913208,25.5449991226196,25.8749990463257,23,21,30,10,25.6199989318848,26.3249998092652,0,0,1.47663742303848,0,50,50,50,0,0,25.2638940811157,25.96
2026-08-08 14:15:00,2,0,0,2,25.5949153900146,25.5599994659424,25.8799991607666,23,21,30,10,25.6299991607666,26.3299999237061,0,0,1.47467541694641,0,50,50,50,0,0,25.2731056213379,26.4025
2026-08-08 14:30:00,2,0,0,2,25.5956106185913,25.5549993515015,25.8699989318848,23,21,30,10,25.6249990463257,26.3249998092652,0,0,1.4773513674736,0,50,50,50,0,0,25.2701654434204,26.845
2026-08-08 14:45:00,2,0,0,2,25.572380065918,25.5499992370605,25.8699989318848,23,21,30,10,25.6499996185303,26.3299999237061,0,0,1.47692263126373,0,50,50,50,0,0,25.2901191711426,27.2875
2026-08-08 15:00:00,2,0,0,2,25.5800409317017,25.5749998092652,25.8749990463257,23,21,30,10,25.6750001907349,26.3299999237061,0,0,1.51759487390519,0,50,50,50,0,0,25.2855596542358,27.73
2026-08-08 15:15:00,2,0,0,2,25.5812473297119,25.5799999237061,25.8699989318848,23,21,30,10,25.6800003051758,26.3400001525879,0,0,1.53932201862335,0,50,50,50,0,0,25.2822113037109,27.83
2026-08-08 15:30:00,2,0,0,2,25.5652570724488,25.585000038147,25.8799991607666,23,21,30,10,25.6949987411499,26.3299999237061,0,0,1.53526467084885,0,50,50,50,0,0,25.2884778976441,27.93
2026-08-08 15:45:00,2,0,0,2,25.5831680297852,25.5999984741211,25.8699989318848,23,21,30,10,25.689998626709,26.3400001525879,0,0,1.53564381599426,0,50,50,50,0,0,25.2764511108398,28.03
2026-08-08 16:00:00,2,0,0,2,25.559983253479,25.585000038147,25.8649988174439,23,21,30,10,25.6999988555908,26.3299999237061,0,0,1.53804486989975,0,50,50,50,0,0,25.2886028289795,28.13
2026-08-08 16:15:00,2,0,0,2,25.5595893859863,25.5900001525879,25.8699989318848,23,21,30,10,25.7099990844727,26.3299999237061,0,0,1.53466844558716,0,50,50,50,0,0,25.2870273590088,28.2325
2026-08-08 16:30:00,2,0,0,2,25.5606517791748,25.5999984741211,25.8649988174439,23,21,30,10,25.6949987411499,26.335000038147,0,0,1.53568857908249,0,50,50,50,0,0,25.2839803695679,28.335
2026-08-08 16:45:00,2,0,0,2,25.5610694885254,25.6099987030029,25.8799991607666,23,21,30,10,25.7099990844727,26.3299999237061,0,0,1.53702676296234,0,50,50,50,0,0,25.2819385528564,28.4375
2026-08-08 17:00:00,2,0,0,2,25.5629806518555,25.604998588562,25.8649988174439,23,21,30,10,25.7149991989136,26.3299999237061,0,0,1.53702694177628,0,50,50,50,0,0,25.2806587219238,28.54
2026-08-08 17:15:00,2,0,0,2,25.5526256561279,25.6099987030029,25.8699989318848,23,21,30,10,25.7299995422363,26.3299999237061,0,0,1.53354167938232,0,50,50,50,0,0,25.2849502563477,28.64
2026-08-08 17:30:00,2,0,0,2,25.5374574661255,25.6249990463257,25.8649988174439,23,21,30,10,25.7449998855591,26.335000038147,0,0,1.53750866651535,0,50,50,50,0,0,25.2902431488037,28.74
2026-08-08 17:45:00,2,0,0,2,25.517614364624,25.6299991607666,25.8699989318848,23,21,30,10,25.7199993133545,26.3299999237061,0,0,1.46722865104675,0,50,50,50,0,0,25.3014621734619,28.84
2026-08-08 18:00:00,2,0,0,2,25.5072431564332,25.6449995040894,25.8699989318848,23,21,30,10,25.7449998855591,26.3249998092652,0,0,1.53958415985108,0,50,50,50,0,0,25.3025608062744,28.94
2026-08-08 18:15:00,2,0,0,2,25.5058860778809,25.6399993896484,25.8699989318848,23,21,30,10,25.75,26.3400001525879,0,0,1.54179072380066,0,50,50,50,0,0,25.3043975830078,28.575
2026-08-08 18:30:00,2,0,0,2,25.5205926895142,25.6449995040894,25.8699989318848,23,21,30,10,25.7649993896485,26.3299999237061,0,0,1.53492003679276,0,50,50,50,0,0,25.2992553710938,28.21
2026-08-08 18:45:00,2,0,0,2,25.5126056671143,25.6599998474121,25.8699989318848,23,21,30,10,25.769998550415,26.3199996948242,0,0,1.4686142206192,0,50,50,50,0,0,25.3025569915771,27.845
2026-08-08 19:00:00,2,0,0,2,25.5250072479248,25.6700000762939,25.8699989318848,23,21,30,10,25.8049993515015,26.3299999237061,0,0,1.54406446218491,0,50,50,50,0,0,25.2944927215577,27.48
2026-08-08 19:15:00,2,0,0,2,25.5382099151611,25.6800003051758,25.8699989318848,23,21,30,10,25.7999992370605,26.3299999237061,0,0,1.53715991973877,0,50,50,50,0,0,25.2905864715576,27.115
2026-08-08 19:30:00,2,0,0,2,25.5146684646607,25.6800003051758,25.8749990463257,23,21,30,10,25.7999992370605,26.335000038147,0,0,1.53554719686508,0,50,50,50,0,0,25.3026123046875,26.75
2026-08-08 19:45:00,2,0,0,2,25.5279598236084,25.6800003051758,25.8799991607666,23,21,30,10,25.7999992370605,26.3400001525879,0,0,1.53560531139374,0,50,50,50,0,0,25.302131652832,26.385
2026-08-08 20:00:00,2,0,0,2,25.5331172943116,25.6849994659424,25.8799991607666,23,21,30,10,25.8099994659424,26.3299999237061,0,0,1.53487747907639,0,50,50,50,0,0,25.3007574081421,26.02
2026-08-08 20:15:00,2,0,0,2,25.5344734191895,25.6800003051758,25.8799991607666,23,21,30,10,25.8299999237061,26.3299999237061,0,0,1.53361022472382,0,50,50,50,0,0,25.296968460083,25.6575
2026-08-08 20:30:00,2,0,0,2,25.5344114303589,25.6849994659424,25.8749990463257,23,21,30,10,25.8299999237061,26.3249998092652,0,0,1.53407341241837,0,50,50,50,0,0,25.2984437942505,25.295
2026-08-08 20:45:00,2,0,0,2,25.5099639892578,25.6999988555908,25.8899993896484,23,21,30,10,25.8499984741211,26.3199996948242,0,0,1.53413569927216,0,50,50,50,0,0,25.3079509735107,24.9325
2026-08-08 21:00:00,2,0,0,2,25.5177564620972,25.6849994659424,25.8749990463257,23,21,30,10,25.8649988174439,26.3299999237061,0,0,1.53557509183884,0,50,50,50,0,0,25.3061656951905,24.57
2026-08-08 21:15:00,2,0,0,2,25.5410709381104,25.7099990844727,25.8899993896484,23,21,30,10,25.8699989318848,26.3299999237061,0,0,1.53363406658173,0,50,50,50,0,0,25.2960796356201,24.2875
2026-08-08 21:30:00,2,0,0,2,25.5476388931275,25.6999988555908,25.8749990463257,23,21,30,10,25.8799991607666,26.3299999237061,0,0,1.53409749269485,0,50,50,50,0,0,25.2972660064697,24.005
2026-08-08 21:45:00,2,0,0,2,25.5560207366943,25.6999988555908,25.8799991607666,23,21,30,10,25.8899993896484,26.3400001525879,0,0,1.53611862659454,0,50,50,50,0,0,25.2996807098389,23.7225
2026-08-08 22:00:00,2,0,0,2,25.5693473815918,25.7049989700318,25.8799991607666,23,21,30,10,25.9049997329712,26.335000038147,0,0,1.53719478845596,0,50,50,50,0,0,25.2965021133423,23.44
2026-08-08 22:15:00,2,0,0,2,25.5704326629639,25.7099990844727,25.8799991607666,23,21,30,10,25.9300003051758,26.3400001525879,0,0,1.53639924526215,0,50,50,50,0,0,25.2974891662598,23.1575
2026-08-08 22:30:00,2,0,0,2,25.5891847610474,25.7199993133545,25.8949995040894,23,21,30,10,25.9250001907349,26.3400001525879,0,0,1.53655815124512,0,50,50,50,0,0,25.292610168457,22.875
2026-08-08 22:45:00,2,0,0,2,25.5971698760986,25.7399997711182,25.8799991607666,23,21,30,10,25.9300003051758,26.3400001525879,0,0,1.53508102893829,0,50,50,50,0,0,25.2923393249512,22.5925
2026-08-08 23:00:00,2,0,0,2,25.6191530227661,25.7299995422363,25.8899993896484,23,21,30,10,25.9349994659424,26.335000038147,0,0,1.53764092922211,0,50,50,50,0,0,25.2850503921509,22.31
2026-08-08 23:15:00,2,0,0,2,25.6310501098633,25.7299995422363,25.8899993896484,23,21,30,10,25.9599990844727,26.3400001525879,0,0,1.5342024564743,0,50,50,50,0,0,25.2813510894775,22.03
2026-08-08 23:30:00,2,0,0,2,25.6405658721924,25.7399997711182,25.8949995040894,23,21,30,10,25.9599990844727,26.3400001525879,0,0,1.53661888837814,0,50,50,50,0,0,25.2800836563111,21.75
2026-08-08 23:45:00,2,0,0,2,25.6438388824463,25.7299995422363,25.8999996185303,23,21,30,10,25.9499988555908,26.3400001525879,0,0,1.53512859344482,0,50,50,50,0,0,25.2821006774902,21.47
2026-08-09 00:00:00,2,0,0,2,25.672194480896,25.7550001144409,25.8949995040894,23,21,30,10,25.9849996566773,26.3400001525879,0,0,1.53430342674256,0,50,50,50,0,0,25.2738466262818,20.55
2026-08-09 00:15:00,2,0,0,2,25.7086067199707,25.7600002288818,25.9099998474121,23,21,30,10,25.9699993133545,26.3400001525879,0,0,1.53432023525238,0,50,50,50,0,0,25.2554893493652,20.44
2026-08-09 00:30:00,2,0,0,2,25.7085056304932,25.7649993896484,25.8899993896484,23,21,30,10,25.9799995422363,26.3400001525879,0,0,1.53723025321961,0,50,50,50,0,0,25.2485685348511,20.33
2026-08-09 00:45:00,2,0,0,2,25.6913471221924,25.7600002288818,25.9099998474121,23,21,30,10,26,26.3499984741211,0,0,1.53445553779602,0,50,50,50,0,0,25.2642593383789,20.22
2026-08-09 01:00:00,2,0,0,2,25.6828088760376,25.769998550415,25.9099998474121,23,21,30,10,26.0100002288818,26.3499984741211,0,0,1.54000496864319,0,50,50,50,0,0,25.2751922607422,20.11
2026-08-09 01:15:00,2,0,0,2,25.6708335876465,25.7799987792969,25.9099998474121,23,21,30,10,26.0299987792969,26.3499984741211,0,0,1.54124879837036,0,50,50,50,0,0,25.2774505615234,20
2026-08-09 01:30:00,2,0,0,2,25.6704368591309,25.7799987792969,25.914999961853,23,21,30,10,26.0449991226196,26.3499984741211,0,0,1.47945284843445,0,50,50,50,0,0,25.2809886932374,19.89
2026-08-09 01:45:00,2,0,0,2,25.7044982910156,25.7799987792969,25.8999996185303,23,21,30,10,26.0499992370605,26.3499984741211,0,0,1.47588264942169,0,50,50,50,0,0,25.2736930847168,19.78
2026-08-09 02:00:00,2,0,0,2,25.7144260406494,25.7799987792969,25.9099998474121,23,21,30,10,26.0549993515015,26.3599987030029,0,0,1.47818100452424,0,50,50,50,0,0,25.2667970657349,19.67
2026-08-09 02:15:00,2,0,0,2,25.7638874053955,25.7999992370605,25.9099998474121,23,21,30,10,26.0599994659424,26.3599987030029,0,0,1.47400796413422,0,50,50,50,0,0,25.2195301055908,19.5575
2026-08-09 02:30:00,2,0,0,2,25.7871236801148,25.8049993515015,25.914999961853,23,21,30,10,26.0549993515015,26.3599987030029,0,0,1.47725021839142,0,50,50,50,0,0,25.2101125717163,19.445
2026-08-09 02:45:00,2,0,0,2,25.7773170471191,25.8199996948242,25.8999996185303,23,21,30,10,26.0699996948242,26.3499984741211,0,0,1.47694897651672,0,50,50,50,0,0,25.2297496795654,19.3325
2026-08-09 03:00:00,2,0,0,2,25.7697238922119,25.8099994659424,25.914999961853,23,21,30,10,26.0699996948243,26.3599987030029,0,0,1.48120576143265,0,50,50,50,0,0,25.2344026565552,19.22
2026-08-09 03:15:00,2,0,0,2,25.7418937683105,25.8199996948242,25.9200000762939,23,21,30,10,26.0699996948242,26.3599987030029,0,0,1.47667014598846,0,50,50,50,0,0,25.2421016693115,19.2075
2026-08-09 03:30:00,2,0,0,2,25.6941289901734,25.8299999237061,25.9200000762939,23,21,30,10,26.085000038147,26.3599987030029,0,0,1.47633612155915,0,50,50,50,0,0,25.267788887024,19.195
2026-08-09 03:45:00,2,0,0,2,25.690357208252,25.8299999237061,25.9200000762939,23,21,30,10,26.0999984741211,26.3599987030029,0,0,1.47611939907074,0,50,50,50,0,0,25.2785892486572,19.1825
2026-08-09 04:00:00,2,0,0,2,25.6892824172974,25.835000038147,25.9250001907349,23,21,30,10,26.0949993133545,26.3649988174439,0,0,1.47796893119812,0,50,50,50,0,0,25.2820377349854,19.17
2026-08-09 04:15:00,2,0,0,2,25.6647033691406,25.8499984741211,25.9300003051758,23,21,30,10,26.0999984741211,26.3699989318848,0,0,1.48030829429626,0,50,50,50,0,0,25.2939929962158,19.1575
2026-08-09 04:30:00,2,0,0,2,25.7145223617554,25.8449993133545,25.9250001907349,23,21,30,10,26.1099987030029,26.3699989318848,0,0,1.47887951135636,0,50,50,50,0,0,25.2720718383789,19.145
2026-08-09 04:45:00,2,0,0,2,25.7190647125244,25.8400001525879,25.9200000762939,23,21,30,10,26.1299991607666,26.3699989318848,0,0,1.47614657878876,0,50,50,50,0,0,25.2624378204346,19.1325
2026-08-09 05:00:00,2,0,0,2,25.71448802948,25.854998588562,25.9300003051758,23,21,30,10,26.1249990463257,26.3699989318848,0,0,1.47862470149994,0,50,50,50,0,0,25.2751235961914,19.12
2026-08-09 05:15:00,2,0,0,2,25.726713180542,25.8699989318848,25.9200000762939,23,21,30,10,26.1299991607666,26.3699989318848,0,0,1.47722232341766,0,50,50,50,0,0,25.262243270874,19.1075
2026-08-09 05:30:00,2,0,0,2,25.759220123291,25.8599987030029,25.920000076294,23,21,30,10,26.1449995040894,26.3699989318848,0,0,1.4756145477295,0,50,50,50,0,0,25.2506818771362,19.095
2026-08-09 05:45:00,2,0,0,2,25.755615234375,25.8599987030029,25.9200000762939,23,21,30,10,26.1499996185303,26.3699989318848,0,0,1.47635197639465,0,50,50,50,0,0,25.2490501403809,19.0825
2026-08-09 06:00:00,2,0,0,2,25.7889366149902,25.8649988174439,25.9300003051758,23,21,30,10,26.1499996185303,26.3749990463257,0,0,1.47946095466614,0,50,50,50,0,0,25.2312297821045,19.07
2026-08-09 06:15:00,2,0,0,2,25.8025875091553,25.8699989318848,25.9200000762939,23,21,30,10,26.1700000762939,26.3699989318848,0,0,1.48097264766693,0,50,50,50,0,0,25.2293148040771,19.1875
2026-08-09 06:30:00,2,0,0,2,25.7756223678589,25.8849992752075,25.9349994659424,23,21,30,10,26.1750001907349,26.3699989318848,0,0,1.47941666841507,0,50,50,50,0,0,25.2463293075562,19.305
2026-08-09 06:45:00,2,0,0,2,25.7319526672363,25.8799991607666,25.9300003051758,23,21,30,10,26.189998626709,26.3699989318848,0,0,1.47515869140625,0,50,50,50,0,0,25.2770919799805,19.4225
2026-08-09 07:00:00,2,0,0,2,25.7403240203858,25.8949995040894,25.9349994659424,23,21,30,10,26.189998626709,26.3699989318848,0,0,1.47893804311753,0,50,50,50,0,0,25.2712659835816,19.54
2026-08-09 07:15:00,2,0,0,2,25.7963542938232,25.8899993896484,25.9200000762939,23,21,30,10,26.189998626709,26.3799991607666,0,0,1.50414073467255,0,50,50,50,0,0,25.2311401367188,19.6575
2026-08-09 07:30:00,2,0,0,2,25.8239011764527,25.8999996185303,25.9299993515015,23,21,30,10,26.1949987411499,26.3799991607666,0,0,1.48092770576477,0,50,50,50,0,0,25.2179050445557,19.775
2026-08-09 07:45:00,2,0,0,2,25.8390865325928,25.9099998474121,25.9300003051758,23,21,30,10,26.1999988555908,26.3899993896484,0,0,1.51108646392822,0,50,50,50,0,0,25.2036170959473,19.8925
2026-08-09 08:00:00,2,0,0,2,25.8547992706299,25.8999996185303,25.920000076294,23,21,30,10,26.1999988555908,26.3799991607666,0,0,1.49062776565552,0,50,50,50,0,0,25.1790771484375,20.01
2026-08-09 08:15:00,2,0,0,2,25.8473968505859,25.9099998474121,25.9300003051758,23,21,30,10,26.1999988555908,26.3699989318848,0,0,1.48150217533112,0,50,50,50,0,0,25.1996765136719,20.1275
2026-08-09 08:30:00,2,0,0,2,25.8263673782349,25.914999961853,25.9300003051758,23,21,30,10,26.2099990844727,26.3799991607666,0,0,1.47922015190125,0,50,50,50,0,0,25.2081422805786,20.245
2026-08-09 08:45:00,2,0,0,2,25.6765213012695,25.9099998474121,25.9300003051758,23,21,30,10,26.2099990844727,26.3699989318848,0,0,1.47961735725403,0,50,50,50,0,0,25.2753677368164,20.3625
2026-08-09 09:00:00,2,0,0,2,25.7028741836548,25.9250001907349,25.9300003051758,23,21,30,10,26.2099990844727,26.3749990463257,0,0,1.47834515571595,0,50,50,50,0,0,25.2722291946411,20.48
2026-08-09 09:15:00,2,0,0,2,25.7767868041992,25.9200000762939,25.9300003051758,23,21,30,10,26.2199993133545,26.3799991607666,0,0,1.47723889350891,0,50,50,50,0,0,25.2526054382324,20.8625
2026-08-09 09:30:00,2,0,0,2,25.7631874084473,25.920000076294,25.9349994659424,23,21,30,10,26.2199993133545,26.3749990463257,0,0,1.46806281805038,0,50,50,50,0,0,25.2522125244141,21.245
2026-08-09 09:45:00,2,0,0,2,25.7223339080811,25.9200000762939,25.939998626709,23,21,30,10,26.2299995422363,26.3799991607666,0,0,1.47792673110962,0,50,50,50,0,0,25.2679977416992,21.6275
2026-08-09 10:00:00,2,0,0,2,25.697006225586,25.9349994659424,25.9349994659424,23,21,30,10,26.2249994277954,26.3849992752075,0,0,1.47468543052674,0,50,50,50,0,0,25.2808933258057,22.01
2026-08-09 10:15:00,2,0,0,2,25.7359180450439,25.9300003051758,25.9200000762939,23,21,30,10,26.2199993133545,26.3799991607666,0,0,1.47814118862152,0,50,50,50,0,0,25.270471572876,22.39
2026-08-09 10:30:00,2,0,0,2,25.7893505096436,25.9349994659424,25.9449987411499,23,21,30,10,26.2349996566773,26.3749990463257,0,0,1.48108768463135,0,50,50,50,0,0,25.247540473938,22.77
2026-08-09 10:45:00,2,0,0,2,25.7880859375,25.939998626709,25.939998626709,23,21,30,10,26.2399997711182,26.3799991607666,0,0,1.47695052623749,0,50,50,50,0,0,25.2411880493164,23.15
2026-08-09 11:00:00,2,0,0,2,25.8313217163086,25.9499988555909,25.9449987411499,23,21,30,10,26.2449998855591,26.3799991607666,0,0,1.47649991512299,0,50,50,50,0,0,25.2343950271607,23.53
2026-08-09 11:15:00,2,0,0,2,25.8492164611816,25.9499988555908,25.9499988555908,23,21,30,10,26.25,26.3699989318848,0,0,1.47777783870697,0,50,50,50,0,0,25.2294788360596,23.9125
2026-08-09 11:30:00,2,0,0,2,25.8686714172364,25.9449987411499,25.9549989700318,23,21,30,10,26.2399997711182,26.3849992752075,0,0,1.47474306821823,0,50,50,50,0,0,25.2068214416504,24.295
2026-08-09 11:45:00,2,0,0,2,25.8505573272705,25.9499988555908,25.9599990844727,23,21,30,10,26.2600002288818,26.3899993896484,0,0,1.47939050197601,0,50,50,50,0,0,25.2297382354736,24.6775
2026-08-09 12:00:00,2,0,0,2,25.8127174377442,25.9449987411499,25.9549989700318,23,21,30,10,26.2600002288818,26.3799991607666,0,0,1.47906929254532,0,50,50,50,0,0,25.224910736084,25.06
2026-08-09 12:15:00,2,0,0,2,25.7975368499756,25.9599990844727,25.9499988555908,23,21,30,10,26.2600002288818,26.3899993896484,0,0,1.47622454166412,0,50,50,50,0,0,25.2472629547119,25.3325
2026-08-09 12:30:00,2,0,0,2,25.8042821884155,25.9599990844727,25.9549989700318,23,21,30,10,26.2600002288818,26.3799991607666,0,0,1.48002737760544,0,50,50,50,0,0,25.2535390853882,25.605
2026-08-09 12:45:00,2,0,0,2,25.8213844299316,25.9499988555908,25.9699993133545,23,21,30,10,26.269998550415,26.3799991607666,0,0,1.47520005702972,0,50,50,50,0,0,25.2559509277344,25.8775
2026-08-09 13:00:00,2,0,0,2,25.8344612121582,25.9649991989136,25.9649991989136,23,21,30,10,26.269998550415,26.3799991607666,0,0,1.47726678848267,0,50,50,50,0,0,25.2420301437378,26.15
2026-08-09 13:15:00,2,0,0,2,25.8312797546387,25.9599990844727,25.9699993133545,23,21,30,10,26.2799987792969,26.3799991607666,0,0,1.47678279876709,0,50,50,50,0,0,25.2343254089355,26.425
2026-08-09 13:30:00,2,0,0,2,25.8359594345093,25.9599990844727,25.9649991989136,23,21,30,10,26.2799987792969,26.3799991607666,0,0,1.47819805145264,0,50,50,50,0,0,25.2359991073609,26.7
2026-08-09 13:45:00,2,0,0,2,25.8137454986572,25.9699993133545,25.9699993133545,23,21,30,10,26.2799987792969,26.3799991607666,0,0,1.47614967823029,0,50,50,50,0,0,25.236364364624,26.975
2026-08-09 14:00:00,2,0,0,2,25.7304782867432,25.9699993133545,25.9599990844727,23,21,30,10,26.2899990081787,26.3899993896484,0,0,1.47672599554062,0,50,50,50,0,0,25.2727842330933,27.25
2026-08-09 14:15:00,2,0,0,2,25.672306060791,25.9799995422363,25.9699993133545,23,21,30,10,26.2999992370605,26.3899993896484,0,0,1.47825956344604,0,50,50,50,0,0,25.3183269500732,27.5225
2026-08-09 14:30:00,2,0,0,2,25.672963142395,25.9749994277954,25.9699993133545,23,21,30,10,26.2999992370605,26.3899993896484,0,0,1.47883516550064,0,50,50,50,0,0,25.3229322433472,27.795
2026-08-09 14:45:00,2,0,0,2,25.6861095428467,25.9799995422363,25.9599990844727,23,21,30,10,26.2999992370605,26.3899993896484,0,0,1.47607922554016,0,50,50,50,0,0,25.3192672729492,28.0675
2026-08-09 15:00:00,2,0,0,2,25.6613168716431,25.9849996566773,25.9799995422364,23,21,30,10,26.3099994659424,26.3849992752075,0,0,1.47814691066742,0,50,50,50,0,0,25.337929725647,28.34
2026-08-09 15:15:00,2,0,0,2,25.6518840789795,25.9799995422363,25.9799995422363,23,21,30,10,26.3099994659424,26.3799991607666,0,0,1.47826242446899,0,50,50,50,0,0,25.3471927642822,28.5225
2026-08-09 15:30:00,2,0,0,2,25.6511316299439,25.9899997711182,25.9749994277954,23,21,30,10,26.3099994659424,26.3849992752075,0,0,1.47946923971176,0,50,50,50,0,0,25.3536396026612,28.705
2026-08-09 15:45:00,2,0,0,2,25.6483631134033,25.9899997711182,25.9699993133545,23,21,30,10,26.3199996948242,26.3799991607666,0,0,1.47547745704651,0,50,50,50,0,0,25.3532009124756,28.8875
2026-08-09 16:00:00,2,0,0,2,25.6425027847291,25.9849996566773,25.9649991989136,23,21,30,10,26.3199996948242,26.3799991607666,0,0,1.47635179758072,0,50,50,50,0,0,25.3608722686768,29.07
2026-08-09 16:15:00,2,0,0,2,25.613805770874,25.9899997711182,25.9699993133545,23,21,30,10,26.3299999237061,26.3899993896484,0,0,1.47681784629822,0,50,50,50,0,0,25.3759689331055,29.25
2026-08-09 16:30:00,2,0,0,2,25.6079435348511,25.9899997711182,25.9699993133545,23,21,30,10,26.3299999237061,26.3849992752075,0,0,1.48008328676224,0,50,50,50,0,0,25.3845090866089,29.43
2026-08-09 16:45:00,2,0,0,2,25.6208610534668,26,25.9599990844727,23,21,30,10,26.3299999237061,26.3799991607666,0,0,1.47337508201599,0,50,50,50,0,0,25.3779582977295,29.61
2026-08-09 17:00:00,2,0,0,2,25.6221799850464,25.9949998855591,25.9699993133545,23,21,30,10,26.3299999237061,26.3749990463257,0,0,1.47684001922608,0,50,50,50,0,0,25.3792476654053,29.79
2026-08-09 17:15:00,2,0,0,2,25.616771697998,26.0100002288818,25.9699993133545,23,21,30,10,26.3400001525879,26.3899993896484,0,0,1.47824895381927,0,50,50,50,0,0,25.3829021453857,29.9725
2026-08-09 17:30:00,2,0,0,2,25.6015768051148,25.9899997711182,25.9699993133545,23,21,30,10,26.3400001525879,26.3849992752075,0,0,1.48081910610199,0,50,50,50,0,0,25.3924016952515,30.155
2026-08-09 17:45:00,2,0,0,2,25.5940170288086,26.0100002288818,25.9799995422363,23,21,30,10,26.3400001525879,26.3899993896484,0,0,1.47685933113098,0,50,50,50,0,0,25.3995933532715,30.3375
2026-08-09 18:00:00,2,0,0,2,25.5899028778077,25.9949998855591,25.9799995422363,23,21,30,10,26.3449993133545,26.3849992752075,0,0,1.48132938146591,0,50,50,50,0,0,25.4069519042969,30.52
2026-08-09 18:15:00,2,0,0,2,25.5808429718018,26.0100002288818,25.9799995422363,23,21,30,10,26.3400001525879,26.3899993896484,0,0,1.47596156597137,0,50,50,50,0,0,25.4163856506348,30.185
2026-08-09 18:30:00,2,0,0,2,25.5871057510376,26.0100002288818,25.9649991989136,23,21,30,10,26.3449993133545,26.3899993896484,0,0,1.47979980707169,0,50,50,50,0,0,25.415735244751,29.85
2026-08-09 18:45:00,2,0,0,2,25.5823974609375,26,25.9599990844727,23,21,30,10,26.3499984741211,26.3899993896484,0,0,1.47690081596375,0,50,50,50,0,0,25.4198188781738,29.515
2026-08-09 19:00:00,2,0,0,2,25.5882863998414,26,25.9649991989136,23,21,30,10,26.3449993133545,26.3799991607666,0,0,1.47764575481415,0,50,50,50,0,0,25.4171323776245,29.18
2026-08-09 19:15:00,2,0,0,2,25.5859870910645,26.019998550415,25.9699993133545,23,21,30,10,26.3400001525879,26.3899993896484,0,0,1.47726631164551,0,50,50,50,0,0,25.4180965423584,28.8475
2026-08-09 19:30:00,2,0,0,2,25.5903158187867,26.0149993896484,25.9649991989136,23,21,30,10,26.3399991989136,26.3799991607666,0,0,1.47839611768723,0,50,50,50,0,0,25.4186592102051,28.515
2026-08-09 19:45:00,2,0,0,2,25.5828685760498,26.019998550415,25.9599990844727,23,21,30,10,26.3400001525879,26.3799991607666,0,0,1.48072516918182,0,50,50,50,0,0,25.4220962524414,28.1825
2026-08-09 20:00:00,2,0,0,2,25.5843439102173,26.0099992752075,25.9749994277954,23,21,30,10,26.3449993133545,26.3799991607666,0,0,1.47979724407196,0,50,50,50,0,0,25.4222841262818,27.85
2026-08-09 20:15:00,2,0,0,2,25.5833911895752,26.0100002288818,25.9499988555908,23,21,30,10,26.3499984741211,26.3799991607666,0,0,1.47694933414459,0,50,50,50,0,0,25.4228420257568,27.515
2026-08-09 20:30:00,2,0,0,2,25.5842390060425,26.0050001144409,25.9749994277954,23,21,30,10,26.3449993133545,26.3749990463257,0,0,1.47611790895462,0,50,50,50,0,0,25.4215698242188,27.18
2026-08-09 20:45:00,2,0,0,2,25.583517074585,26.019998550415,25.9599990844727,23,21,30,10,26.3400001525879,26.3699989318848,0,0,1.47778367996216,0,50,50,50,0,0,25.4206562042236,26.845
2026-08-09 21:00:00,2,0,0,2,25.5824537277222,26.0100002288818,25.9649991989136,23,21,30,10,26.3499984741211,26.3799991607666,0,0,1.47835248708725,0,50,50,50,0,0,25.4204225540162,26.51
2026-08-09 21:15:00,2,0,0,2,25.5956764221191,26.019998550415,25.9699993133545,23,21,30,10,26.3400001525879,26.3799991607666,0,0,1.4753041267395,0,50,50,50,0,0,25.4142150878906,26.1575
2026-08-09 21:30:00,2,0,0,2,25.605375289917,26.0149993896484,25.9699993133545,23,21,30,10,26.354998588562,26.3699989318848,0,0,1.47613662481308,0,50,50,50,0,0,25.4074649810791,25.805
2026-08-09 21:45:00,2,0,0,2,25.6121826171875,26.019998550415,25.9699993133545,23,21,30,10,26.3499984741211,26.3799991607666,0,0,1.47503471374512,0,50,50,50,0,0,25.4004783630371,25.4525
2026-08-09 22:00:00,2,0,0,2,25.6229963302613,26.0149993896484,25.9649991989136,23,21,30,10,26.3499984741211,26.3799991607666,0,0,1.50108033418656,0,50,50,50,0,0,25.3947811126709,25.1
2026-08-09 22:15:00,2,0,0,2,25.6493701934814,26.0100002288818,25.9599990844727,23,21,30,10,26.3400001525879,26.3799991607666,0,0,1.47982680797577,0,50,50,50,0,0,25.3674335479736,24.7475
2026-08-09 22:30:00,2,0,0,2,25.6970138549805,26.019998550415,25.9699993133545,23,21,30,10,26.3499984741211,26.3799991607666,0,0,1.48025786876679,0,50,50,50,0,0,25.3279123306275,24.395
2026-08-09 22:45:00,2,0,0,2,25.7346725463867,26.019998550415,25.9699993133545,23,21,30,10,26.3499984741211,26.3799991607666,0,0,1.4786502122879,0,50,50,50,0,0,25.3025608062744,24.0425
2026-08-09 23:00:00,2,0,0,2,25.7350263595581,26.019998550415,25.9649991989136,23,21,30,10,26.3499984741211,26.3799991607666,0,0,1.47600412368775,0,50,50,50,0,0,25.2957448959351,23.69
2026-08-09 23:15:00,2,0,0,2,25.7715892791748,26.019998550415,25.9699993133545,23,21,30,10,26.3499984741211,26.3799991607666,0,0,1.47940337657928,0,50,50,50,0,0,25.2776985168457,23.3375
2026-08-09 23:30:00,2,0,0,2,25.7721900939942,26.019998550415,25.9649991989136,23,21,30,10,26.354998588562,26.3799991607666,0,0,1.47578179836274,0,50,50,50,0,0,25.2752599716187,22.985
2026-08-09 23:45:00,2,0,0,2,25.76784324646,26.019998550415,25.9699993133545,23,21,30,10,26.3599987030029,26.3799991607666,0,0,1.47813522815704,0,50,50,50,0,0,25.2732067108154,22.6325
2026-08-10 00:00:00,2,0,0,2,25.7648429870606,26.024998664856,25.9649991989136,23,21,30,10,26.354998588562,26.3849992752075,0,0,1.47752934694291,0,50,50,50,0,0,25.2716913223267,21.62
2026-08-10 00:15:00,2,0,0,2,25.7866802215576,26.0299987792969,25.9699993133545,23,21,30,10,26.3499984741211,26.3799991607666,0,0,1.47648084163666,0,50,50,50,0,0,25.2600784301758,21.425
2026-08-10 00:30:00,2,0,0,2,25.8098058700562,26.0299987792969,25.9649991989136,23,21,30,10,26.3599987030029,26.3749990463257,0,0,1.47960489988327,0,50,50,50,0,0,25.2435245513916,21.23
2026-08-10 00:45:00,2,0,0,2,25.8241767883301,26.019998550415,25.9699993133545,23,21,30,10,26.3599987030029,26.3899993896484,0,0,1.4791054725647,0,50,50,50,0,0,25.2349910736084,21.035
2026-08-10 01:00:00,2,0,0,2,25.8405027389527,26.019998550415,25.9649991989136,23,21,30,10,26.3599987030029,26.3849992752075,0,0,1.47517305612564,0,50,50,50,0,0,25.2261819839478,20.84
2026-08-10 01:15:00,2,0,0,2,25.8556022644043,26.0299987792969,25.9699993133545,23,21,30,10,26.3599987030029,26.3899993896484,0,0,1.48179805278778,0,50,50,50,0,0,25.2146415710449,20.645
2026-08-10 01:30:00,2,0,0,2,25.864520072937,26.0349988937378,25.9649991989136,23,21,30,10,26.3599987030029,26.3899993896484,0,0,1.47719115018845,0,50,50,50,0,0,25.2083406448365,20.45
2026-08-10 01:45:00,2,0,0,2,25.8620128631592,26.019998550415,25.9699993133545,23,21,30,10,26.3599987030029,26.3899993896484,0,0,1.47637927532196,0,50,50,50,0,0,25.2030162811279,20.255
2026-08-10 02:00:00,2,0,0,2,25.8739833831787,26.0299987792969,25.9649991989136,23,21,30,10,26.3599987030029,26.3849992752075,0,0,1.479347884655,0,50,50,50,0,0,25.1848392486573,20.06
2026-08-10 02:15:00,2,0,0,2,25.8896064758301,26.019998550415,25.9699993133545,23,21,30,10,26.3599987030029,26.3799991607666,0,0,1.48211681842804,0,50,50,50,0,0,25.1802997589111,19.8675
2026-08-10 02:30:00,2,0,0,2,25.8842525482178,26.0349988937378,25.9599990844727,23,21,30,10,26.3649988174439,26.3799991607666,0,0,1.48038041591645,0,50,50,50,0,0,25.1820478439332,19.675
2026-08-10 02:45:00,2,0,0,2,25.8974056243896,26.0299987792969,25.9499988555908,23,21,30,10,26.3599987030029,26.3899993896484,0,0,1.47744119167328,0,50,50,50,0,0,25.1806144714355,19.4825
2026-08-10 03:00:00,2,0,0,2,25.9073114395142,26.0399990081787,25.9599990844727,23,21,30,10,26.3649988174439,26.3849992752075,0,0,1.4793986082077,0,50,50,50,0,0,25.1746759414673,19.29
2026-08-10 03:15:00,2,0,0,2,25.9147319793701,26.0299987792969,25.9699993133545,23,21,30,10,26.3599987030029,26.3699989318848,0,0,1.47925281524658,0,50,50,50,0,0,25.1727848052979,19.1975
2026-08-10 03:30:00,2,0,0,2,25.9179630279541,26.0333321889242,25.9599990844727,23,21,30,10,26.3666655222575,26.3866659800212,0,0,1.47677048047383,0,50,50,50,0,0,25.1698290506999,19.105
2026-08-10 03:45:00,2,0,0,2,25.9259052276611,26.0299987792969,25.9599990844727,23,21,30,10,26.3699989318848,26.3799991607666,0,0,1.47762835025787,0,50,50,50,0,0,25.170690536499,19.0125
2026-08-10 04:00:00,2,0,0,2,25.9318675994873,26.0299987792969,25.9649991989136,23,21,30,10,26.3649988174439,26.3849992752075,0,0,1.47647684812546,0,50,50,50,0,0,25.1700344085694,18.92
2026-08-10 04:15:00,2,0,0,2,25.9490604400635,26.0399990081787,25.9699993133545,23,21,30,10,26.3699989318848,26.3899993896484,0,0,1.47990334033966,0,50,50,50,0,0,25.1658935546875,18.83
2026-08-10 04:30:00,2,0,0,2,25.949782371521,26.019998550415,25.9649991989136,23,21,30,10,26.3699989318848,26.3899993896484,0,0,1.47774094343185,0,50,50,50,0,0,25.1633625030518,18.74
2026-08-10 04:45:00,2,0,0,2,25.9497146606445,26.0399990081787,25.9699993133545,23,21,30,10,26.3699989318848,26.3799991607666,0,0,1.48031532764435,0,50,50,50,0,0,25.1590003967285,18.65
2026-08-10 05:00:00,2,0,0,2,25.942214012146,26.0349988937378,25.9649991989136,23,21,30,10,26.3699989318848,26.3899993896484,0,0,1.47669816017151,0,50,50,50,0,0,25.1600828170777,18.56
2026-08-10 05:15:00,2,0,0,2,25.9330348968506,26.0399990081787,25.9599990844727,23,21,30,10,26.3799991607666,26.3899993896484,0,0,1.47716307640076,0,50,50,50,0,0,25.1572036743164,18.4675
2026-08-10 05:30:00,2,0,0,2,25.9195747375489,26.0349988937378,25.9649991989136,23,21,30,10,26.3749990463257,26.3849992752075,0,0,1.4766783118248,0,50,50,50,0,0,25.1658334732056,18.375
2026-08-10 05:45:00,2,0,0,2,25.9143562316895,26.0299987792969,25.9799995422363,23,21,30,10,26.3799991607666,26.3899993896484,0,0,1.47943890094757,0,50,50,50,0,0,25.1671104431152,18.2825
2026-08-10 06:00:00,2,0,0,2,25.9556646347046,26.0399990081787,25.9549989700318,23,21,30,10,26.3699989318848,26.3849992752075,0,0,1.4783336520195,0,50,50,50,0,0,25.1566801071167,18.19
2026-08-10 06:15:00,2,0,0,2,25.9976959228516,26.0299987792969,25.9599990844727,23,21,30,10,26.3799991607666,26.3899993896484,0,0,1.4789822101593,0,50,50,50,0,0,25.1586208343506,18.2625
2026-08-10 06:30:00,2,0,0,2,26.0091857910157,26.0349988937378,25.9549989700318,23,21,30,10,26.3699989318848,26.3799991607666,0,0,1.47585260868073,0,50,50,50,0,0,25.1588506698609,18.335
2026-08-10 06:45:00,2,0,0,2,26.0137519836426,26.0399990081787,25.9499988555908,23,21,30,10,26.3599987030029,26.3899993896484,0,0,1.47681415081024,0,50,50,50,0,0,25.1543426513672,18.4075
2026-08-10 07:00:00,2,0,0,2,26.0120525360107,26.0449991226196,25.9649991989136,23,21,30,10,26.3699989318848,26.3899993896485,0,0,1.47845637798309,0,50,50,50,0,0,25.1473445892334,18.48
2026-08-10 07:15:00,2,0,0,2,26.0106239318848,26.0299987792969,25.9599990844727,23,21,30,10,26.3699989318848,26.3999996185303,0,0,1.47696506977081,0,50,50,50,0,0,25.1558704376221,18.5525
2026-08-10 07:30:00,2,0,0,2,25.982442855835,26.0349988937378,25.9449996948243,23,21,30,10,26.3799991607666,26.3899993896484,0,1,2.58581602573395,0,73.5,73.5,73.5,0,0,25.1611337661744,18.625
2026-08-10 07:45:00,2,0,0,2,25.9671325683594,26.0299987792969,25.9200000762939,23,21,30,10,26.3599987030029,26.3899993896484,0,1,3.07763314247131,0,97,97,97,0,0,25.1571712493896,18.6975
2026-08-10 08:00:00,2,0,0,2,25.9427499771118,26.019998550415,25.8849992752076,23,21,30,10,26.3599987030029,26.3749990463257,0,1,2.58957755565643,0,105,105,105,0,0,25.1392021179199,18.77
2026-08-10 08:15:00,2,0,0,2,25.9138069152832,26.0100002288818,25.8400001525879,23,21,30,10,26.3599987030029,26.3499984741211,0,1,3.07424879074097,0,108,108,108,0,0,25.1132354736328,18.8425
2026-08-10 08:30:00,2,0,0,2,25.8698358535767,26.0049991607666,25.8099994659424,23,21,30,10,26.3000001907349,26.3349990844727,0,1,3.07442176342011,0,117,117,117,0,0,25.0943384170533,18.915
2026-08-10 08:45:00,2,0,0,2,25.7761707305908,25.9899997711182,25.7799987792969,23,21,30,10,26.1700000762939,26.3099994659424,0,1,2.10671472549438,0,120,120,120,0,0,25.0895576477051,18.9875
2026-08-10 09:00:00,2,0,0,2,25.7388725280762,25.9899997711182,25.7649993896484,23,21,30,10,25.8899993896485,26.2799987792969,0,1,2.58741521835327,0,129,129,129,0,0,25.0645189285279,19.06
2026-08-10 09:15:00,2,0,0,2,25.7360038757324,25.9799995422363,25.75,23,21,30,10,25.6099987030029,26.269998550415,0,1,1.62309455871582,0,132,132,132,0,0,25.0467109680176,19.545
2026-08-10 09:30:00,2,0,0,2,25.7267045974732,25.9399995803833,25.7399997711182,23,21,30,10,25.4249992370606,26.25,0,1,1.79496800899506,0,138,138,138,0,0,25.0347652435303,20.03
2026-08-10 09:45:00,2,0,0,2,25.7035026550293,25.8699989318848,25.7299995422363,23,21,30,10,25.189998626709,26.2399997711182,0,1,2.10935115814209,0,138,138,138,0,0,25.0296478271484,20.515
2026-08-10 10:00:00,2,0,0,2,25.6949090957642,25.7949991226197,25.7199993133545,23,21,30,10,25.0399990081788,26.2399997711182,0,1,1.79926240444183,0,147,147,147,0,0,25.0197229385376,21
2026-08-10 10:15:00,2,0,0,2,25.6822853088379,25.75,25.7099990844727,23,21,30,10,24.7899990081787,26.2299995422363,0,1,2.10648369789124,0,150,150,150,0,0,25.015661239624,21.485
2026-08-10 10:30:00,2,0,0,2,25.6609792709351,25.7099990844727,25.7149991989136,23,21,30,10,24.7749996185303,26.2299995422363,0,1,2.59065985679627,0,150,150,150,0,0,25.0201358795166,21.97
2026-08-10 10:45:00,2,0,0,2,25.635082244873,25.6700000762939,25.7199993133545,23,21,30,10,24.5100002288818,26.2199993133545,0,1,3.07628226280212,0,150,150,150,0,0,25.02219581604,22.455
2026-08-10 11:00:00,2,0,0,2,25.6132049560547,25.5999994277954,25.7049989700318,23,21,30,10,24.4249992370606,26.2099990844727,0,1,3.08093965053559,0,150,150,150,0,0,25.0247421264649,22.94
2026-08-10 11:15:00,2,0,0,2,25.5835990905762,25.5399990081787,25.6999988555908,23,21,30,10,24.25,26.1800003051758,0,1,2.69363141059875,0,150,150,150,0,0,25.0251560211182,23.425
2026-08-10 11:30:00,2,0,0,2,25.5631589889526,25.5,25.6949987411499,23,21,30,10,24.3049993515015,26.170000076294,0,1,3.07675862312317,0,150,150,150,0,0,25.0220861434937,23.91
2026-08-10 11:45:00,2,0,0,2,25.5445518493652,25.439998626709,25.6800003051758,23,21,30,10,24.2199993133545,26.1499996185303,0,1,4.12352418899536,0,150,150,150,0,0,25.015453338623,24.395
2026-08-10 12:00:00,2,0,0,2,25.5190858840942,25.3799991607666,25.6849994659424,23,21,30,10,24.0899991989136,26.1449995040894,0,1,2.28583282232285,0,141,141,141,0,0,25.011570930481,24.88
2026-08-10 12:15:00,2,0,0,2,25.4991436004639,25.3400001525879,25.689998626709,23,21,30,10,24.0799999237061,26.1499996185303,0,1,3.0772762298584,0,132,132,132,0,0,25.004524230957,25.26
2026-08-10 12:30:00,2,0,0,2,25.4852771759033,25.3450002670288,25.6899995803833,23,21,30,10,23.9349994659424,26.1499996185303,0,1,2.59393608570099,0,91,91,91,0,0,25.0032186508179,25.64
2026-08-10 12:45:00,2,0,0,2,25.4690990447998,25.3199996948242,25.6999988555908,23,21,30,10,23.8799991607666,26.1499996185303,0,1,2.10470151901245,0,50,50,50,0,0,25.0081310272217,26.02
2026-08-10 13:00:00,2,0,0,2,25.4556818008423,25.3099994659424,25.689998626709,23,21,30,10,23.8549995422364,26.1599998474121,0,1,1.48439699411392,0,50,50,50,0,0,25.0149211883545,26.4
2026-08-10 13:15:00,2,0,0,2,25.4483280181885,25.2799987792969,25.7099990844727,23,21,30,10,23.7999992370605,26.1800003051758,0,1,1.47746682167053,0,50,50,50,0,0,25.0224380493164,26.78
2026-08-10 13:30:00,2,0,0,2,25.4249029159546,25.164999961853,25.6999988555909,23,21,30,10,23.7849988937378,26.1899995803833,0,1,2.27633941173554,0,94,94,94,0,0,25.0466442108155,27.16
2026-08-10 13:45:00,2,0,0,2,25.4299755096436,25.2099990844727,25.6999988555908,23,21,30,10,23.75,26.1800003051758,0,1,3.0755672454834,0,138,138,138,0,0,25.0443916320801,27.54
2026-08-10 14:00:00,2,0,0,2,25.4277229309082,25.2199993133545,25.6949987411499,23,21,30,10,23.6849994659424,26.164999961853,0,1,3.99703192710877,0,141,141,141,0,0,25.03200340271,27.92
2026-08-10 14:15:00,2,0,0,2,25.4217357635498,25.1599998474121,25.6800003051758,23,21,30,10,23.6800003051758,26.1599998474121,0,1,4.1280632019043,0,144,144,144,0,0,25.0301628112793,28.3
2026-08-10 14:30:00,2,0,0,2,25.4020223617554,25.1149997711182,25.6800003051758,23,21,30,10,23.6349992752076,26.1599998474121,0,0.5,2.27639251947403,0,144,144,144,0,0,25.0373983383179,28.68
2026-08-10 14:45:00,2,0,0,2,25.3563575744629,25.0399990081787,25.689998626709,23,21,30,10,23.6299991607666,26.1700000762939,0,0,1.47432148456573,0,144,144,144,0,0,25.1920623779297,29.06
2026-08-10 15:00:00,2,0,0,2,25.3436555862427,25.0950002670288,25.6999988555908,23,21,30,10,23.5549993515015,26.1999988555909,0,0,1.47113913297653,0,147,147,147,0,0,25.3901119232178,29.44
2026-08-10 15:15:00,2,0,0,2,25.3599433898926,25.0900001525879,25.7099990844727,23,21,30,10,23.5699996948242,26.2099990844727,0,0,1.47713148593903,0,150,150,150,0,0,25.4050636291504,29.385
2026-08-10 15:30:00,2,0,0,2,25.3608655929566,25.0499992370606,25.7149991989136,23,21,30,10,23.5899991989136,26.2149991989136,0,0,1.47872698307038,0,150,150,150,0,0,25.4496154785156,29.33
2026-08-10 15:45:00,2,0,0,2,25.354175567627,25.0299987792969,25.7199993133545,23,21,30,10,23.6299991607666,26.2399997711182,0,0,1.47607171535492,0,150,150,150,0,0,25.5000286102295,29.275
2026-08-10 16:00:00,2,0,0,2,25.3583211898804,25.0500001907349,25.7099990844727,23,21,30,10,23.5449991226196,26.2399997711182,0,0,1.47867792844773,0,150,150,150,0,0,25.524338722229,29.22
2026-08-10 16:15:00,2,0,0,2,25.3593444824219,24.9300003051758,25.7199993133545,23,21,30,10,23.5299987792969,26.2399997711182,0,0,1.47891092300415,0,150,150,150,0,0,25.5384426116943,29.165
2026-08-10 16:30:00,2,0,0,2,25.3514099121094,25.0449991226196,25.7249994277954,23,21,30,10,23.6049995422364,26.2299995422363,0,0,1.48095470666886,0,144,144,144,0,0,25.571457862854,29.11
2026-08-10 16:45:00,2,0,0,2,25.3819351196289,24.9599990844727,25.7299995422363,23,21,30,10,23.519998550415,26.2399997711182,0,0,1.47630989551544,0,138,138,138,0,0,25.4948348999023,29.055
2026-08-10 17:00:00,2,0,0,2,25.4152870178223,25.0099992752075,25.7349996566773,23,21,30,10,23.5449991226196,26.2349996566773,0,0,1.48035937547684,0,138,138,138,0,0,25.4016447067261,29
2026-08-10 17:15:00,2,0,0,2,25.418514251709,24.9300003051758,25.7299995422363,23,21,30,10,23.5599994659424,26.2399997711182,0,0,1.48233938217163,0,138,138,138,0,0,25.3712787628174,28.945
2026-08-10 17:30:00,2,0,0,2,25.4124631881714,24.9599990844727,25.7449998855591,23,21,30,10,23.6849994659424,26.2249994277954,0,0,1.79054969549179,0,126,126,126,0,0,25.3647336959839,28.89
2026-08-10 17:45:00,2,0,0,2,25.4045486450195,25,25.75,23,21,30,10,23.6599998474121,26.2299995422363,0,0,1.48015689849854,0,114,114,114,0,0,25.3730506896973,28.835
2026-08-10 18:00:00,2,0,0,2,25.4135427474976,24.9449987411499,25.7399997711182,23,21,30,10,23.6799993515015,26.2249994277954,0,0,1.48097425699234,0,114,114,114,0,0,25.357533454895,28.78
2026-08-10 18:15:00,2,0,0,2,25.4117240905762,24.9200000762939,25.75,23,21,30,10,23.6800003051758,26.2299995422363,0,0,1.47510671615601,0,114,114,114,0,0,25.3516006469727,28.4325
2026-08-10 18:30:00,2,0,0,2,25.4137077331543,24.9349994659424,25.7550001144409,23,21,30,10,23.6799993515015,26.2299995422363,0,0,1.47902381420136,0,82,82,82,0,0,25.3499393463135,28.085
2026-08-10 18:45:00,2,0,0,2,25.4173946380615,24.939998626709,25.75,23,21,30,10,23.769998550415,26.2299995422363,0,0,1.477463722229,0,50,50,50,0,0,25.337818145752,27.7375
2026-08-10 19:00:00,2,0,0,2,25.422685623169,24.9949998855591,25.7649993896484,23,21,30,10,23.7499990463257,26.2299995422363,0,0,1.4774426817894,0,50,50,50,0,0,25.331729888916,27.39
2026-08-10 19:15:00,2,0,0,2,25.4262847900391,24.9599990844727,25.769998550415,23,21,30,10,23.8500003814697,26.2299995422363,0,0,1.47825622558594,0,50,50,50,0,0,25.3298988342285,27.0425
2026-08-10 19:30:00,2,0,0,2,25.4272966384888,24.9499988555909,25.7649993896484,23,21,30,10,23.8449993133545,26.2299995422363,0,0,1.47595709562302,0,50,50,50,0,0,25.3293151855469,26.695
2026-08-10 19:45:00,2,0,0,2,25.4470062255859,24.939998626709,25.769998550415,23,21,30,10,23.7999992370605,26.2299995422363,0,0,1.47965323925018,0,50,50,50,0,0,25.3015575408936,26.3475
2026-08-10 20:00:00,2,0,0,2,25.4403190612793,24.9449996948242,25.769998550415,23,21,30,10,23.9199991226197,26.2299995422363,0,0,1.47815436124802,0,50,50,50,0,0,25.3082332611084,26
2026-08-10 20:15:00,2,0,0,2,25.4485645294189,24.8799991607666,25.769998550415,23,21,30,10,23.9200000762939,26.2299995422363,0,0,1.48011040687561,0,50,50,50,0,0,25.304479598999,25.6525
2026-08-10 20:30:00,2,0,0,2,25.4609107971192,24.9749994277954,25.769998550415,23,21,30,10,23.9249992370606,26.2349996566773,0,0,1.47968572378159,0,50,50,50,0,0,25.2887363433838,25.305
2026-08-10 20:45:00,2,0,0,2,25.4677810668945,24.9599990844727,25.769998550415,23,21,30,10,23.9899997711182,26.2299995422363,0,0,1.47712481021881,0,50,50,50,0,0,25.2794208526611,24.9575
2026-08-10 21:00:00,2,0,0,2,25.4854278564453,24.9449996948242,25.774998664856,23,21,30,10,24.0399999618531,26.2299995422363,0,0,1.47985357046127,0,50,50,50,0,0,25.2618284225464,24.61
2026-08-10 21:15:00,2,0,0,2,25.5207424163818,24.9899997711182,25.7799987792969,23,21,30,10,24.0900001525879,26.2399997711182,0,0,1.47763991355896,0,50,50,50,0,0,25.2322444915771,24.3525
2026-08-10 21:30:00,2,0,0,2,25.533447265625,24.9299993515015,25.7849988937378,23,21,30,10,24.0999994277954,26.2349996566773,0,0,1.48760533332825,0,50,50,50,0,0,25.2184190750122,24.095
2026-08-10 21:45:00,2,0,0,2,25.5353927612305,25,25.7799987792969,23,21,30,10,24.1599998474121,26.2299995422363,0,0,1.51908922195435,0,50,50,50,0,0,25.2140293121338,23.8375
2026-08-10 22:00:00,2,0,0,2,25.5631828308106,24.9650001525879,25.7849988937378,23,21,30,10,24.1149997711182,26.2449998855591,0,0,1.47952920198441,0,50,50,50,0,0,25.1975250244141,23.58
2026-08-10 22:15:00,2,0,0,2,25.5704536437988,24.9699993133545,25.7999992370605,23,21,30,10,24.1499996185303,26.2299995422363,0,0,1.47963333129883,0,50,50,50,0,0,25.1913146972656,23.3225
2026-08-10 22:30:00,2,0,0,2,25.5795593261719,24.979998588562,25.7849988937378,23,21,30,10,24.1750001907349,26.2399997711182,0,0,1.47778731584549,0,50,50,50,0,0,25.1850929260254,23.065
2026-08-10 22:45:00,2,0,0,2,25.5904083251953,24.9899997711182,25.7799987792969,23,21,30,10,24.1999988555908,26.2399997711182,0,0,1.48010444641113,0,50,50,50,0,0,25.1727561950684,22.8075
2026-08-10 23:00:00,2,0,0,2,25.616660118103,24.9749994277954,25.7899990081787,23,21,30,10,24.2449998855591,26.2399997711182,0,0,1.47664219141007,0,50,50,50,0,0,25.1607656478882,22.55
2026-08-10 23:15:00,2,0,0,2,25.640251159668,24.9799995422363,25.7999992370605,23,21,30,10,24.3400001525879,26.25,0,0,1.48019683361053,0,50,50,50,0,0,25.1481227874756,22.2925
2026-08-10 23:30:00,2,0,0,2,25.6618394851685,25.0299987792969,25.7899990081787,23,21,30,10,24.2649993896484,26.2449998855591,0,0,1.47978478670121,0,50,50,50,0,0,25.1370038986206,22.035
2026-08-10 23:45:00,2,0,0,2,25.6688404083252,24.9799995422363,25.7799987792969,23,21,30,10,24.2999992370605,26.2399997711182,0,0,1.47689187526703,0,50,50,50,0,0,25.1303329467773,21.7775
2026-08-11 00:00:00,2,0,0,2,25.6607446670532,25,25.7949991226196,23,21,30,10,24.3349990844727,26.2399997711182,0,0,1.47801351547242,0,50,50,50,0,0,25.1327095031738,20.44
2026-08-11 00:15:00,2,0,0,2,25.6611671447754,25,25.7999992370605,23,21,30,10,24.3699989318848,26.2399997711182,0,0,1.47625660896301,0,50,50,50,0,0,25.1315002441406,20.29
2026-08-11 00:30:00,2,0,0,2,25.6688899993897,25.0499992370605,25.8049993515015,23,21,30,10,24.4149990081788,26.2449998855591,0,0,1.47702264785767,0,50,50,50,0,0,25.1253595352173,20.14
2026-08-11 00:45:00,2,0,0,2,25.6418590545654,25.0599994659424,25.7999992370605,23,21,30,10,24.439998626709,26.2399997711182,0,0,1.48117828369141,0,50,50,50,0,0,25.1386051177979,19.99
2026-08-11 01:00:00,2,0,0,2,25.6430892944336,25.0749998092652,25.8049993515015,23,21,30,10,24.4449987411499,26.2399997711182,0,0,1.47625255584717,0,50,50,50,0,0,25.1338987350464,19.84
2026-08-11 01:15:00,2,0,0,2,25.6490116119385,25.0900001525879,25.8099994659424,23,21,30,10,24.4799995422363,26.2399997711182,0,0,1.48121428489685,0,50,50,50,0,0,25.1270847320557,19.69
2026-08-11 01:30:00,2,0,0,2,25.6439666748047,25.0449991226197,25.8049993515015,23,21,30,10,24.5299987792969,26.25,0,0,1.47797173261643,0,50,50,50,0,0,25.132908821106,19.54
2026-08-11 01:45:00,2,0,0,2,25.6167106628418,25.0799999237061,25.7999992370605,23,21,30,10,24.6000003814697,26.25,0,0,1.48176789283752,0,50,50,50,0,0,25.1415100097656,19.39
2026-08-11 02:00:00,2,0,0,2,25.6558618545532,25.0900001525879,25.7949991226196,23,21,30,10,24.5749998092652,26.2399997711182,0,0,1.47931182384491,0,50,50,50,0,0,25.1329250335694,19.24
2026-08-11 02:15:00,2,0,0,2,25.6721458435059,25.1000003814697,25.7899990081787,23,21,30,10,24.5799999237061,26.2399997711182,0,0,1.47901177406311,0,50,50,50,0,0,25.1214580535889,19.09
2026-08-11 02:30:00,2,0,0,2,25.6994981765747,25.0749998092652,25.7999992370605,23,21,30,10,24.6449995040894,26.2399997711182,0,0,1.47891640663147,0,50,50,50,0,0,25.1085777282715,18.94
2026-08-11 02:45:00,2,0,0,2,25.7012710571289,25.1099987030029,25.8099994659424,23,21,30,10,24.6199989318848,26.2399997711182,0,0,1.48330974578857,0,50,50,50,0,0,25.1074485778809,18.79
2026-08-11 03:00:00,2,0,0,2,25.7075529098511,25.1399993896484,25.7949991226196,23,21,30,10,24.6749992370606,26.2449998855591,0,0,1.47983306646347,0,50,50,50,0,0,25.1050958633423,18.64
2026-08-11 03:15:00,2,0,0,2,25.7259292602539,25.1299991607666,25.8099994659424,23,21,30,10,24.6399993896484,26.2399997711182,0,0,1.47884273529053,0,50,50,50,0,0,25.1015472412109,18.5525
2026-08-11 03:30:00,2,0,0,2,25.7065076828003,25.1199989318848,25.8049993515015,23,21,30,10,24.7149991989136,26.2449998855591,0,0,1.47836500406265,0,50,50,50,0,0,25.1050891876221,18.465
2026-08-11 03:45:00,2,0,0,2,25.6904821395875,25.1750001907349,25.8099994659424,23,21,30,10,24.7299995422364,26.25,0,0,1.47908228635788,0,50,50,50,0,0,25.1103944778443,18.3775
2026-08-11 04:00:00,2,0,0,2,25.7292423248291,25.1499996185303,25.7999992370605,23,21,30,10,24.7199993133545,26.2399997711182,0,0,1.47930407524109,0,50,50,50,0,0,25.0978488922119,18.29
2026-08-11 04:15:00,2,0,0,2,25.7411537170411,25.1599998474121,25.8099994659424,23,21,30,10,24.8249998092651,26.25,0,0,1.48191434144974,0,50,50,50,0,0,25.0977745056153,18.2
2026-08-11 04:30:00,2,0,0,2,25.7166156768799,25.1800003051758,25.8099994659424,23,21,30,10,24.8299999237061,26.25,0,0,1.48159611225128,0,50,50,50,0,0,25.1034240722656,18.11
2026-08-11 04:45:00,2,0,0,2,25.7066116333008,25.1750001907349,25.8149995803833,23,21,30,10,24.8349990844727,26.2550001144409,0,0,1.4787899851799,0,50,50,50,0,0,25.1059122085572,18.02
2026-08-11 05:00:00,2,0,0,2,25.7177448272705,25.189998626709,25.8199996948242,23,21,30,10,24.8199996948242,26.25,0,0,1.48129570484161,0,50,50,50,0,0,25.1022758483887,17.93
2026-08-11 05:15:00,2,0,0,2,25.6898231506348,25.1899995803833,25.8099994659424,23,21,30,10,24.8599996566773,26.2399997711182,0,0,1.47723215818405,0,50,50,50,0,0,25.1099786758423,17.84
2026-08-11 05:30:00,2,0,0,2,25.7371864318848,25.2299995422363,25.8099994659424,23,21,30,10,24.9099998474121,26.25,0,0,1.4765921831131,0,50,50,50,0,0,25.0946960449219,17.75
2026-08-11 05:45:00,2,0,0,2,25.7734165191651,25.2149991989136,25.8199996948242,23,21,30,10,24.9299993515015,26.25,0,0,1.48076897859574,0,50,50,50,0,0,25.0910778045655,17.66
2026-08-11 06:00:00,2,0,0,2,25.801342010498,25.1999988555908,25.8199996948242,23,21,30,10,24.9200000762939,26.25,0,0,1.4791431427002,0,50,50,50,0,0,25.0934810638428,17.57
2026-08-11 06:15:00,2,0,0,2,25.8058605194092,25.2349996566773,25.8149995803833,23,21,30,10,24.9649991989136,26.2449998855591,0,0,1.47630858421326,0,50,50,50,0,0,25.0922012329102,17.6325
2026-08-11 06:30:00,2,0,0,2,25.8238143920898,25.2399997711182,25.8299999237061,23,21,30,10,24.9799995422363,26.25,0,0,1.48415243625641,0,50,50,50,0,0,25.0970726013184,17.695
2026-08-11 06:45:00,2,0,0,2,25.8350410461426,25.2449998855591,25.8149995803833,23,21,30,10,24.9999990463257,26.2550001144409,0,0,1.47877472639084,0,50,50,50,0,0,25.0990476608277,17.7575
2026-08-11 07:00:00,2,0,0,2,25.8348941802979,25.2399997711182,25.8199996948242,23,21,30,10,24.9899997711182,26.25,0,0,1.47942328453064,0,50,50,50,0,0,25.0985641479492,17.82
2026-08-11 07:15:00,2,0,0,2,25.840274810791,25.2799987792969,25.8199996948242,23,21,30,10,25.024998664856,26.25,0,0.5,1.47846555709839,0,50,50,50,0,0,25.0926265716553,17.8825
2026-08-11 07:30:00,2,0,0,2,25.8312282562256,25.2899990081787,25.8099994659424,23,21,30,10,25.1000003814697,26.2600002288818,0,1,1.47955882549286,0,50,50,50,0,0,25.0967845916748,17.945
2026-08-11 07:45:00,2,0,0,2,25.8020582199097,25.3049993515015,25.7999992370606,23,21,30,10,25.0399990081787,26.2449998855591,0,1,3.07307279109955,0,99.5,99.5,99.5,0,0,25.0863151550293,18.0075
2026-08-11 08:00:00,2,0,0,2,25.7814712524414,25.2799987792969,25.769998550415,23,21,30,10,25.0599994659424,26.2299995422363,0,1,2.10344123840332,0,102,102,102,0,0,25.0591373443604,18.07
2026-08-11 08:15:00,2,0,0,2,25.7300491333008,25.274998664856,25.7699995040894,23,21,30,10,25.0849990844727,26.2249994277954,0,1,2.10345447063446,0,111,111,111,0,0,24.993109703064,18.1325
2026-08-11 08:30:00,2,0,0,2,25.707633972168,25.2899990081787,25.75,23,21,30,10,25.0699996948242,26.2199993133545,0,1,2.10421967506409,0,114,114,114,0,0,24.9649906158447,18.195
2026-08-11 08:45:00,2,0,0,2,25.6302137374878,25.2949991226196,25.75,23,21,30,10,25.1149997711182,26.2049989700318,0,1,1.4746732711792,0,123,123,123,0,0,24.9058351516724,18.2575
2026-08-11 09:00:00,2,0,0,2,25.5986328125,25.3099994659424,25.7600002288818,23,21,30,10,25.1599998474121,26.1999988555908,0,1,1.47667169570923,0,126,126,126,0,0,24.8971424102783,18.32
2026-08-11 09:15:00,2,0,0,2,25.5545291900635,25.3149995803833,25.7349996566773,23,21,30,10,25.1449995040894,26.1949987411499,0,1,1.79201954603195,0,135,135,135,0,0,24.8950252532959,18.8375
2026-08-11 09:30:00,2,0,0,2,25.5454235076904,25.3299999237061,25.7099990844727,23,21,30,10,25.1800003051758,26.1800003051758,0,1,1.48791241645813,0,138,138,138,0,0,24.9001808166504,19.355
2026-08-11 09:45:00,2,0,0,2,25.564112663269,25.3199996948242,25.6849994659424,23,21,30,10,25.1949987411499,26.1499996185303,0,1,1.79587674140931,0,141,141,141,0,0,24.9138517379761,19.8725
2026-08-11 10:00:00,2,0,0,2,25.5502166748047,25.3099994659424,25.6700000762939,23,21,30,10,25.1999988555908,26.1399993896484,0,1,1.49092698097229,0,144,144,144,0,0,24.9211616516113,20.39
2026-08-11 10:15:00,2,0,0,2,25.5220909118653,25.3299999237061,25.6549997329712,23,21,30,10,25.1999988555908,26.1299991607666,0,1,1.52119708061218,0,150,150,150,0,0,24.9187335968018,20.91
2026-08-11 10:30:00,2,0,0,2,25.4825839996338,25.3099994659424,25.6399993896484,23,21,30,10,25.1199989318848,26.1199989318848,0,1,3.16755986213684,0,150,150,150,0,0,24.9228057861328,21.43
2026-08-11 10:45:00,2,0,0,2,25.4604148864746,25.3099994659424,25.6249990463257,23,21,30,10,25.0149993896485,26.1249990463257,0,1,2.98028445243836,0,150,150,150,0,0,24.923659324646,21.95
2026-08-11 11:00:00,2,0,0,2,25.4390621185303,25.3099994659424,25.6299991607666,23,21,30,10,24.8999996185303,26.1099987030029,0,1,4.11526679992676,0,150,150,150,0,0,24.9182434082031,22.47
2026-08-11 11:15:00,2,0,0,2,25.4261341094971,25.2999992370606,25.6199989318848,23,21,30,10,24.7200002670288,26.1099987030029,0,1,3.04793381690979,0,150,150,150,0,0,24.9246768951416,22.99
2026-08-11 11:30:00,2,0,0,2,25.4155120849609,25.25,25.6399993896484,23,21,30,10,24.5299987792969,26.0999984741211,0,1,4.04571390151978,0,150,150,150,0,0,24.9286994934082,23.51
2026-08-11 11:45:00,2,0,0,2,25.4033012390137,25.2349996566773,25.6399993896484,23,21,30,10,24.4649991989136,26.0899991989136,0,1,3.59640431404114,0,150,150,150,0,0,24.9352684020996,24.03
2026-08-11 12:00:00,2,0,0,2,25.3859081268311,25.189998626709,25.6299991607666,23,21,30,10,24.3599987030029,26.0799999237061,0,1,3.07541418075562,0,150,150,150,0,0,24.9437160491943,24.55
2026-08-11 12:15:00,2,0,0,2,25.3778600692749,25.1999988555909,25.6449995040894,23,21,30,10,24.2849998474122,26.0799999237061,0,1,3.0723420381546,0,132,132,132,0,0,24.9444169998169,25.005
2026-08-11 12:30:00,2,0,0,2,25.369270324707,25.1700000762939,25.6499996185303,23,21,30,10,24.1099987030029,26.0799999237061,0,1,4.04252004623413,0,132,132,132,0,0,24.952766418457,25.46
2026-08-11 12:45:00,2,0,0,2,25.3444538116455,25.170000076294,25.6499996185303,23,21,30,10,24.1199998855591,26.0799999237061,0,1,1.48593068122864,0,50,50,50,0,0,25.0076789855957,25.915
2026-08-11 13:00:00,2,0,0,2,25.3289375305176,25.1199989318848,25.6599998474121,23,21,30,10,23.9699993133545,26.0999984741211,0,1,1.47564327716827,0,50,50,50,0,0,25.0860061645508,26.37
2026-08-11 13:15:00,2,0,0,2,25.3235511779785,25.0799999237061,25.6449995040894,23,21,30,10,23.9449987411499,26.104998588562,0,1,1.78787779808045,0,50,50,50,0,0,25.1264915466309,26.8275
2026-08-11 13:30:00,2,0,0,2,25.3155784606934,25.0399990081787,25.6499996185303,23,21,30,10,23.9799995422363,26.0999984741211,0,1,1.47076368331909,0,50,50,50,0,0,25.2133846282959,27.285
2026-08-11 13:45:00,2,0,0,2,25.3191642761231,25.0849990844727,25.6399993896485,23,21,30,10,23.8349990844727,26.0799999237061,0,1,3.146231174469,0,138,138,138,0,0,25.1489896774292,27.7425
2026-08-11 14:00:00,2,0,0,2,25.3104610443115,25.0299987792969,25.6199989318848,23,21,30,10,23.7600002288818,26.0900001525879,0,1,3.07609868049622,0,138,138,138,0,0,25.177131652832,28.2
2026-08-11 14:15:00,2,0,0,2,25.3070220947266,24.9799995422363,25.6299991607666,23,21,30,10,23.7199993133545,26.0699996948242,0,1,3.07656741142273,0,144,144,144,0,0,25.1347360610962,28.6575
2026-08-11 14:30:00,2,0,0,2,25.3013248443604,24.9499988555908,25.6199989318848,23,21,30,10,23.7299995422363,26.0799999237061,0,1,3.07302355766296,0,144,144,144,0,0,25.1286010742188,29.115
2026-08-11 14:45:00,2,0,0,2,25.2708358764649,24.9549989700318,25.6299991607666,23,21,30,10,23.670000076294,26.0699996948242,0,0,1.47793698310852,0,144,144,144,0,0,25.384711265564,29.5725
2026-08-11 15:00:00,2,0,0,2,25.2682056427002,25.0299987792969,25.6499996185303,23,21,30,10,23.6499996185303,26.0900001525879,0,0,1.47531867027283,0,144,144,144,0,0,25.5308208465576,30.03
2026-08-11 15:15:00,2,0,0,2,25.2701416015625,24.9299993515015,25.6449995040894,23,21,30,10,23.6499996185303,26.109998703003,0,0,1.47783482074738,0,150,150,150,0,0,25.5997819900513,29.9775
2026-08-11 15:30:00,2,0,0,2,25.2806358337402,24.9699993133545,25.6599998474121,23,21,30,10,23.6800003051758,26.1299991607666,0,0,1.47748494148254,0,150,150,150,0,0,25.5825462341309,29.925
2026-08-11 15:45:00,2,0,0,2,25.2748813629151,24.8949995040894,25.6599998474121,23,21,30,10,23.670000076294,26.1299991607666,0,0,1.48039853572846,0,150,150,150,0,0,25.6427707672119,29.8725
2026-08-11 16:00:00,2,0,0,2,25.2643566131592,24.8899993896484,25.6499996185303,23,21,30,10,23.6099987030029,26.1399993896484,0,0,1.47817480564117,0,150,150,150,0,0,25.6749687194824,29.82
2026-08-11 16:15:00,2,0,0,2,25.2641944885254,24.9049997329712,25.6700000762939,23,21,30,10,23.6599998474121,26.164999961853,0,0,1.47713959217072,0,150,150,150,0,0,25.7195329666138,29.765
2026-08-11 16:30:00,2,0,0,2,25.2685527801514,24.939998626709,25.6599998474121,23,21,30,10,23.769998550415,26.1599998474121,0,0,1.47670650482178,0,150,150,150,0,0,25.6889610290527,29.71
2026-08-11 16:45:00,2,0,0,2,25.2856321334839,24.9149999618531,25.664999961853,23,21,30,10,23.7449998855591,26.1549997329712,0,0,1.47936940193177,0,138,138,138,0,0,25.6113395690918,29.655
2026-08-11 17:00:00,2,0,0,2,25.296085357666,24.7899990081787,25.6599998474121,23,21,30,10,23.7999992370605,26.1599998474121,0,0,1.47647297382355,0,138,138,138,0,0,25.5602931976318,29.6
2026-08-11 17:15:00,2,0,0,2,25.2853002548218,24.8349990844727,25.6750001907349,23,21,30,10,23.8099994659424,26.1499996185303,0,0,1.47904300689698,0,138,138,138,0,0,25.5695524215699,29.5475
2026-08-11 17:30:00,2,0,0,2,25.3058166503906,24.8899993896484,25.6700000762939,23,21,30,10,23.9099998474121,26.1499996185303,0,0,1.47739505767822,0,138,138,138,0,0,25.4951972961426,29.495
2026-08-11 17:45:00,2,0,0,2,25.3217678070068,24.8800001144409,25.6750001907349,23,21,30,10,23.9399995803833,26.1549997329712,0,0,1.47545874118805,0,114,114,114,0,0,25.4468402862549,29.4425
2026-08-11 18:00:00,2,0,0,2,25.3303165435791,24.8799991607666,25.689998626709,23,21,30,10,23.939998626709,26.1499996185303,0,0,1.48020112514496,0,114,114,114,0,0,25.414529800415,29.39
2026-08-11 18:15:00,2,0,0,2,25.3312301635742,24.8099994659424,25.7049989700318,23,21,30,10,24.039999961853,26.164999961853,0,0,1.47433078289032,0,114,114,114,0,0,25.3973588943482,29.0575
2026-08-11 18:30:00,2,0,0,2,25.31884765625,24.8099994659424,25.6999988555908,23,21,30,10,24.0900001525879,26.1599998474121,0,0,1.47508227825165,0,114,114,114,0,0,25.4166030883789,28.725
2026-08-11 18:45:00,2,0,0,2,25.3376502990723,24.8849992752075,25.7049989700318,23,21,30,10,24.0549993515015,26.1799993515015,0,0,1.47684621810913,0,50,50,50,0,0,25.3867712020874,28.3925
2026-08-11 19:00:00,2,0,0,2,25.3321304321289,24.8699989318848,25.7099990844727,23,21,30,10,24.1599998474121,26.1800003051758,0,0,1.47566795349121,0,50,50,50,0,0,25.4089469909668,28.06
2026-08-11 19:15:00,2,0,0,2,25.3481988906861,24.8699989318848,25.7149991989136,23,21,30,10,24.1799993515015,26.164999961853,0,0,1.47901481389999,0,50,50,50,0,0,25.3678274154663,27.73
2026-08-11 19:30:00,2,0,0,2,25.3468074798584,24.7799987792969,25.7099990844727,23,21,30,10,24.189998626709,26.1700000762939,0,0,1.48015809059143,0,50,50,50,0,0,25.3641586303711,27.4
2026-08-11 19:45:00,2,0,0,2,25.3403978347779,24.8449993133545,25.7299995422363,23,21,30,10,24.1999998092652,26.1700000762939,0,0,1.47725641727448,0,50,50,50,0,0,25.3874940872192,27.07
2026-08-11 20:00:00,2,0,0,2,25.3463897705078,24.8999996185303,25.7199993133545,23,21,30,10,24.25,26.1800003051758,0,0,1.47777891159058,0,50,50,50,0,0,25.36936378479,26.74
2026-08-11 20:15:00,2,0,0,2,25.365180015564,24.8999996185303,25.7249994277954,23,21,30,10,24.3149995803833,26.1849994659424,0,0,1.47782284021378,0,50,50,50,0,0,25.3466205596924,26.4075
2026-08-11 20:30:00,2,0,0,2,25.3567867279053,24.8500003814697,25.7199993133545,23,21,30,10,24.3099994659424,26.1800003051758,0,0,1.4792160987854,0,50,50,50,0,0,25.3610076904297,26.075
2026-08-11 20:45:00,2,0,0,2,25.3671054840088,24.9049997329712,25.7349996566773,23,21,30,10,24.3499994277955,26.189998626709,0,0,1.47812688350678,0,50,50,50,0,0,25.3392400741577,25.7425
2026-08-11 21:00:00,2,0,0,2,25.3983421325684,24.8899993896484,25.7299995422363,23,21,30,10,24.4499988555908,26.189998626709,0,0,1.47732257843018,0,50,50,50,0,0,25.2967376708984,25.41
2026-08-11 21:15:00,2,0,0,2,25.3822650909424,24.8649997711182,25.7349996566773,23,21,30,10,24.4649991989136,26.189998626709,0,0,1.47841084003449,0,50,50,50,0,0,25.3180809020996,25.1525
2026-08-11 21:30:00,2,0,0,2,25.4102458953857,24.9099998474121,25.7399997711182,23,21,30,10,24.519998550415,26.1999988555908,0,0,1.47566521167755,0,50,50,50,0,0,25.2883720397949,24.895
2026-08-11 21:45:00,2,0,0,2,25.4199810028076,24.9099998474121,25.7449998855591,23,21,30,10,24.4549989700318,26.1949987411499,0,0,1.49738478660584,0,50,50,50,0,0,25.2667284011841,24.6375
2026-08-11 22:00:00,2,0,0,2,25.4199962615967,24.8899993896484,25.7399997711182,23,21,30,10,24.5299987792969,26.1999988555908,0,0,1.47894847393036,0,50,50,50,0,0,25.2647895812988,24.38
2026-08-11 22:15:00,2,0,0,2,25.4405126571656,24.9349994659424,25.7449998855591,23,21,30,10,24.5449991226196,26.189998626709,0,0,1.51236301660538,0,50,50,50,0,0,25.2381734848023,24.125
2026-08-11 22:30:00,2,0,0,2,25.4678344726562,24.9300003051758,25.7399997711182,23,21,30,10,24.5699996948242,26.189998626709,0,0,1.49728727340698,0,50,50,50,0,0,25.2109317779541,23.87
2026-08-11 22:45:00,2,0,0,2,25.4617557525635,24.9349994659424,25.7449998855591,23,21,30,10,24.5399990081787,26.1949987411499,0,0,1.481713950634,0,50,50,50,0,0,25.2086448669434,23.615
2026-08-11 23:00:00,2,0,0,2,25.4556427001953,24.939998626709,25.75,23,21,30,10,24.5699996948242,26.1999988555908,0,0,1.47934794425964,0,50,50,50,0,0,25.2040424346924,23.36
2026-08-11 23:15:00,2,0,0,2,25.4777202606201,24.9250001907349,25.7449998855591,23,21,30,10,24.6149997711182,26.1949987411499,0,0,1.47890919446946,0,50,50,50,0,0,25.1893930435181,23.105
2026-08-11 23:30:00,2,0,0,2,25.5293655395508,24.9499988555908,25.7600002288818,23,21,30,10,24.6499996185303,26.1999988555908,0,0,1.47967803478241,0,50,50,50,0,0,25.16064453125,22.85
2026-08-11 23:45:00,2,0,0,2,25.5063438415528,24.9650001525879,25.75,23,21,30,10,24.6949987411499,26.1999988555908,0,0,1.47687119245529,0,50,50,50,0,0,25.1775827407837,22.595
2026-08-12 00:00:00,2,0,0,2,25.4676933288574,24.9899997711182,25.7600002288818,23,21,30,10,24.6999988555908,26.1999988555908,0,0,1.47966289520264,0,50,50,50,0,0,25.1931591033936,21.84
2026-08-12 00:15:00,2,0,0,2,25.4688148498535,24.9799995422364,25.7550001144409,23,21,30,10,24.6999988555908,26.1999988555908,0,0,1.47898536920548,0,50,50,50,0,0,25.1956701278687,21.71
2026-08-12 00:30:00,2,0,0,2,25.4480133056641,25.0100002288818,25.769998550415,23,21,30,10,24.75,26.1999988555908,0,0,1.4806911945343,0,50,50,50,0,0,25.2192325592041,21.58
2026-08-12 00:45:00,2,0,0,2,25.467101097107,24.9949989318848,25.7550001144409,23,21,30,10,24.7399997711182,26.2049989700318,0,0,1.47693085670472,0,50,50,50,0,0,25.2042102813721,21.45
2026-08-12 01:00:00,2,0,0,2,25.4810352325439,25.0299987792969,25.7600002288818,23,21,30,10,24.7799987792969,26.2099990844727,0,0,1.47592401504517,0,50,50,50,0,0,25.189079284668,21.32
2026-08-12 01:15:00,2,0,0,2,25.4677886962891,25.0149993896485,25.7649993896484,23,21,30,10,24.789999961853,26.2099990844727,0,0,1.47930234670639,0,50,50,50,0,0,25.200608253479,21.19
2026-08-12 01:30:00,2,0,0,2,25.4916915893555,25.0100002288818,25.7600002288818,23,21,30,10,24.8299999237061,26.2099990844727,0,0,1.47628259658813,0,50,50,50,0,0,25.1864395141602,21.06
2026-08-12 01:45:00,2,0,0,2,25.4878377914429,25,25.7649993896484,23,21,30,10,24.8299989700318,26.2049989700318,0,0,1.47732347249985,0,50,50,50,0,0,25.1842861175538,20.93
2026-08-12 02:00:00,2,0,0,2,25.4991474151611,25.0599994659424,25.7799987792969,23,21,30,10,24.8400001525879,26.2199993133545,0,0,1.47595977783203,0,50,50,50,0,0,25.1746063232422,20.8
2026-08-12 02:15:00,2,0,0,2,25.5343036651612,25.0349988937378,25.7649993896484,23,21,30,10,24.8699989318848,26.2099990844727,0,0,1.47625356912613,0,50,50,50,0,0,25.1535863876343,20.67
2026-08-12 02:30:00,2,0,0,2,25.5700569152832,25.0599994659424,25.769998550415,23,21,30,10,24.8599987030029,26.2099990844727,0,0,1.47742938995361,0,50,50,50,0,0,25.1391754150391,20.54
2026-08-12 02:45:00,2,0,0,2,25.5425348281861,25.0499992370605,25.7600002288818,23,21,30,10,24.9299993515015,26.2199993133545,0,0,1.47627115249634,0,50,50,50,0,0,25.1469583511353,20.41
2026-08-12 03:00:00,2,0,0,2,25.5456485748291,25.1000003814697,25.7600002288818,23,21,30,10,24.9300003051758,26.2199993133545,0,0,1.4771820306778,0,50,50,50,0,0,25.143518447876,20.28
2026-08-12 03:15:00,2,0,0,2,25.5492658615112,25.1000003814697,25.7649993896484,23,21,30,10,24.9899997711182,26.2149991989136,0,0,1.47761732339859,0,50,50,50,0,0,25.1452970504761,20.2175
2026-08-12 03:30:00,2,0,0,2,25.5504417419434,25.0599994659424,25.7799987792969,23,21,30,10,24.9599990844727,26.2199993133545,0,0,1.47885644435883,0,50,50,50,0,0,25.1411685943604,20.155
2026-08-12 03:45:00,2,0,0,2,25.5622024536133,25.1199989318848,25.7799987792969,23,21,30,10,25,26.2149991989136,0,0,1.47806656360626,0,50,50,50,0,0,25.1352300643921,20.0925
2026-08-12 04:00:00,2,0,0,2,25.5771598815918,25.1000003814697,25.7899990081787,23,21,30,10,25,26.2299995422363,0,0,1.4805474281311,0,50,50,50,0,0,25.1299839019775,20.03
2026-08-12 04:15:00,2,0,0,2,25.5894241333008,25.1099996566773,25.7799987792969,23,21,30,10,25.0349988937378,26.2249994277954,0,0,1.47907769680023,0,50,50,50,0,0,25.1309843063355,19.97
2026-08-12 04:30:00,2,0,0,2,25.6111145019531,25.1399993896484,25.7899990081787,23,21,30,10,25.0299987792969,26.2199993133545,0,0,1.47691965103149,0,50,50,50,0,0,25.1222057342529,19.91
2026-08-12 04:45:00,2,0,0,2,25.634690284729,25.1449995040894,25.7899990081787,23,21,30,10,25.0649995803833,26.2249994277954,0,0,1.4808104634285,0,50,50,50,0,0,25.1097850799561,19.85
2026-08-12 05:00:00,2,0,0,2,25.5969390869141,25.1399993896484,25.7999992370605,23,21,30,10,25.1099987030029,26.2299995422363,0,0,1.47992932796478,0,50,50,50,0,0,25.1294116973877,19.79
2026-08-12 05:15:00,2,0,0,2,25.5711688995362,25.1649999618531,25.7949991226196,23,21,30,10,25.1099987030029,26.2299995422363,0,0,1.47754728794098,0,50,50,50,0,0,25.1415367126465,19.7275
2026-08-12 05:30:00,2,0,0,2,25.6064109802246,25.1700000762939,25.7999992370605,23,21,30,10,25.1399993896484,26.2299995422363,0,0,1.48017144203186,0,50,50,50,0,0,25.1269283294678,19.665
2026-08-12 05:45:00,2,0,0,2,25.6101875305176,25.1649999618531,25.7999992370606,23,21,30,10,25.1249990463257,26.2299995422363,0,0,1.47921741008759,0,50,50,50,0,0,25.1288414001465,19.6025
2026-08-12 06:00:00,2,0,0,2,25.597864151001,25.189998626709,25.8099994659424,23,21,30,10,25.1800003051758,26.2399997711182,0,0,1.48131775856018,0,50,50,50,0,0,25.128963470459,19.54
2026-08-12 06:15:00,2,0,0,2,25.6146821975709,25.2049989700318,25.8099994659424,23,21,30,10,25.1649990081787,26.2349996566773,0,0,1.47683781385422,0,50,50,50,0,0,25.1319026947022,19.6425
2026-08-12 06:30:00,2,0,0,2,25.6317081451416,25.2099990844727,25.7999992370605,23,21,30,10,25.2099990844727,26.2299995422363,0,0,1.47667837142944,0,50,50,50,0,0,25.1272678375244,19.745
2026-08-12 06:45:00,2,0,0,2,25.6406679153443,25.2099990844727,25.7999992370605,23,21,30,10,25.2299995422364,26.2399997711182,0,0,1.47919076681137,0,50,50,50,0,0,25.1237201690674,19.8475
2026-08-12 07:00:00,2,0,0,2,25.5974025726318,25.2199993133545,25.8099994659424,23,21,30,10,25.2600002288818,26.2399997711182,0,0,1.48120903968811,0,50,50,50,0,0,25.142786026001,19.95
2026-08-12 07:15:00,2,0,0,2,25.5927686691284,25.2449998855591,25.8149995803833,23,21,30,10,25.2599992752075,26.25,0,0,2.27143579721451,0,50,50,50,0,0,25.1464633941651,20.0525
2026-08-12 07:30:00,2,0,0,2,25.5340709686279,25.25,25.8099994659424,23,21,30,10,25.269998550415,26.2399997711182,0,0,1.48245370388031,0,50,50,50,0,0,25.214916229248,20.155
2026-08-12 07:45:00,2,0,0,2,25.6048679351807,25.2649993896484,25.7799987792969,23,21,30,10,25.2799987792969,26.2399997711182,0,0,2.58797907829285,0,88,88,88,0,0,25.1534032821656,20.2575
2026-08-12 08:00:00,2,0,0,2,25.5900726318359,25.25,25.7600002288818,23,21,30,10,25.2799987792969,26.2299995422363,0,0,2.10055232048035,0,91,91,91,0,0,25.1105251312256,20.36
2026-08-12 08:15:00,2,0,0,2,25.5782470703125,25.2550001144409,25.7199993133545,23,21,30,10,25.2849988937378,26.2149991989136,0,0,2.59031534194946,0,99.5,99.5,99.5,0,0,25.0721063613892,20.465
2026-08-12 08:30:00,2,0,0,2,25.5683479309082,25.269998550415,25.6999988555908,23,21,30,10,25.1399993896484,26.189998626709,0,0,3.07347822189331,0,102,102,102,0,0,25.0426082611084,20.57
2026-08-12 08:45:00,2,0,0,2,25.5094985961915,25.2299995422363,25.664999961853,23,21,30,10,24.9949989318848,26.1549997329712,0,0,1.4789851307869,0,111,111,111,0,0,25.0376892089844,20.675
2026-08-12 09:00:00,2,0,0,2,25.4256782531738,25.25,25.6399993896484,23,21,30,10,24.9300003051758,26.1399993896484,0,0,1.48350405693054,0,114,114,114,0,0,25.0476837158203,20.78
2026-08-12 09:15:00,2,0,0,2,25.4043598175049,25.2099990844727,25.6149988174439,23,21,30,10,24.7150001525879,26.1249990463257,0,0,1.48177999258042,0,123,123,123,0,0,25.0031709671021,21.315
2026-08-12 09:30:00,2,0,0,2,25.4259834289551,25.1999988555908,25.6099987030029,23,21,30,10,24.519998550415,26.1099987030029,0,0,2.07145500183105,0,126,126,126,0,0,24.9566612243652,21.85
2026-08-12 09:45:00,2,0,0,2,25.3952322006226,25.1899995803833,25.604998588562,23,21,30,10,24.4049987792969,26.104998588562,0,0,2.09920108318329,0,129,129,129,0,0,24.9488945007324,22.385
2026-08-12 10:00:00,2,0,0,2,25.3776779174805,25.1399993896484,25.5900001525879,23,21,30,10,24.2899990081787,26.0999984741211,0,0,2.10484933853149,0,132,132,132,0,0,24.9331207275391,22.92
2026-08-12 10:15:00,2,0,0,2,25.3629598617554,25.1199998855591,25.5999984741211,23,21,30,10,24.2199993133545,26.085000038147,0,0,3.07372558116913,0,138,138,138,0,0,24.9173040390015,23.455
2026-08-12 10:30:00,2,0,0,2,25.3401107788086,25.1299991607666,25.5900001525879,23,21,30,10,24.1199989318848,26.0799999237061,0,0,3.07407736778259,0,138,138,138,0,0,24.9101181030273,23.99
2026-08-12 10:45:00,2,0,0,2,25.31165599823,25.0749998092652,25.5799999237061,23,21,30,10,24.0549993515015,26.0549993515015,0,0,3.07541871070862,0,138,138,138,0,0,24.9112062454224,24.525
2026-08-12 11:00:00,2,0,0,2,25.2949085235596,25.0599994659424,25.5699996948242,23,21,30,10,23.9699993133545,26.0399990081787,0,0,3.07581162452698,0,138,138,138,0,0,24.8909778594971,25.06
2026-08-12 11:15:00,2,0,0,2,25.2777872085571,25.0649995803833,25.585000038147,23,21,30,10,23.9449996948243,26.024998664856,0,0,3.07378911972046,0,138,138,138,0,0,24.8786573410034,25.5975
2026-08-12 11:30:00,2,0,0,2,25.2647457122803,25.019998550415,25.5799999237061,23,21,30,10,23.9099998474121,26.019998550415,0,0,3.07312369346619,0,138,138,138,0,0,24.8701820373535,26.135
2026-08-12 11:45:00,2,0,0,2,25.2605895996094,24.9499998092652,25.5799999237061,23,21,30,10,23.8099994659424,26.0149993896484,0,0,3.07601630687714,0,138,138,138,0,0,24.855471611023,26.6725
2026-08-12 12:00:00,2,0,0,2,25.2514133453369,24.9699993133545,25.5900001525879,23,21,30,10,23.8199996948242,26.0299987792969,0,0,4.20242881774902,0,138,138,138,0,0,24.8518810272217,27.21
2026-08-12 12:15:00,2,0,0,2,25.242696762085,25,25.5799999237061,23,21,30,10,23.7899999618531,26.0299987792969,0,0,3.67597222328186,0,120,120,120,0,0,24.8620328903198,27.6775
2026-08-12 12:30:00,2,0,0,2,25.2352828979492,24.9799995422363,25.5900001525879,23,21,30,10,23.7899990081787,26.0399990081787,0,0,4.12245655059814,0,120,120,120,0,0,24.867488861084,28.145
2026-08-12 12:45:00,2,0,0,2,25.2325477600098,24.8999996185303,25.5949993133545,23,21,30,10,23.7299995422363,26.0599994659424,0,0,1.78713923692704,0,50,50,50,0,0,24.9100790023804,28.6125
2026-08-12 13:00:00,2,0,0,2,25.2417392730713,24.8699989318848,25.6099987030029,23,21,30,10,23.7399997711182,26.0699996948242,0,0,1.47538352012634,0,50,50,50,0,0,24.9459114074707,29.08
2026-08-12 13:15:00,2,0,0,2,25.2489738464356,24.8850002288818,25.6099987030029,23,21,30,10,23.6649990081787,26.085000038147,0,0,2.05726122856141,0,50,50,50,0,0,25.0192165374756,29.5475
2026-08-12 13:30:00,2,0,0,2,25.2578353881836,24.9300003051758,25.6399993896484,23,21,30,10,23.7199993133545,26.0999984741211,0,0,1.4762225151062,0,50,50,50,0,0,25.0636405944824,30.015
2026-08-12 13:45:00,2,0,0,2,25.2760334014893,24.8499994277954,25.6349992752075,23,21,30,10,23.6099996566773,26.1099987030029,0,0,3.59724891185761,0,126,126,126,0,0,25.0329923629761,30.4825
2026-08-12 14:00:00,2,0,0,2,25.2812519073486,24.8799991607666,25.6299991607666,23,21,30,10,23.6399993896484,26.1099987030029,0,0,3.97170376777649,0,126,126,126,0,0,25.033447265625,30.95
2026-08-12 14:15:00,2,0,0,2,25.2778005599976,24.9049997329712,25.6399993896485,23,21,30,10,23.5899991989136,26.1149988174439,0,0,3.59724271297455,0,132,132,132,0,0,25.0614671707154,31.4175
2026-08-12 14:30:00,2,0,0,2,25.2806053161621,24.8899993896484,25.6399993896484,23,21,30,10,23.6599998474121,26.1199989318848,0,0,4.12353610992432,0,132,132,132,0,0,25.0713405609131,31.885
2026-08-12 14:45:00,2,0,0,2,25.2573375701905,24.8599996566773,25.6549997329712,23,21,30,10,23.6349992752076,26.1249990463257,0,0,1.47753953933716,0,132,132,132,0,0,25.2911291122437,32.3525
2026-08-12 15:00:00,2,0,0,2,25.2487239837646,24.7899990081787,25.6700000762939,23,21,30,10,23.519998550415,26.1499996185303,0,0,1.47387707233429,0,132,132,132,0,0,25.5625534057617,32.82
2026-08-12 15:15:00,2,0,0,2,25.2631607055664,24.8699998855591,25.6849994659424,23,21,30,10,23.5749998092651,26.1799993515015,0,0,1.47810620069504,0,138,138,138,0,0,25.6630754470826,32.795
2026-08-12 15:30:00,2,0,0,2,25.2785491943359,24.8699989318848,25.7099990844727,23,21,30,10,23.6499996185303,26.2099990844727,0,0,1.47820460796356,0,138,138,138,0,0,25.7051868438721,32.77
2026-08-12 15:45:00,2,0,0,2,25.2767162322998,24.7999992370606,25.7049989700318,23,21,30,10,23.5799999237061,26.2099990844727,0,0,1.47983634471893,0,138,138,138,0,0,25.8067579269409,32.745
2026-08-12 16:00:00,2,0,0,2,25.2699737548828,24.7799987792969,25.7099990844727,23,21,30,10,23.519998550415,26.2199993133545,0,0,1.47715854644775,0,138,138,138,0,0,25.9177932739258,32.72
2026-08-12 16:15:00,2,0,0,2,25.2699089050293,24.7899990081787,25.7199993133545,23,21,30,10,23.5849990844727,26.2199993133545,0,0,1.47726982831955,0,138,138,138,0,0,25.9685134887695,32.695
2026-08-12 16:30:00,2,0,0,2,25.2678775787354,24.8799991607666,25.7099990844727,23,21,30,10,23.6299991607666,26.2199993133545,0,0,1.47899889945984,0,138,138,138,0,0,25.9916210174561,32.67
2026-08-12 16:45:00,2,0,0,2,25.2942056655884,24.8449993133545,25.7299995422363,23,21,30,10,23.5599994659424,26.2299995422363,0,0,1.47761815786362,0,138,138,138,0,0,25.8738489151001,32.645
2026-08-12 17:00:00,2,0,0,2,25.2999496459961,24.8199996948242,25.7299995422363,23,21,30,10,23.6599998474121,26.2299995422363,0,0,1.47826409339905,0,138,138,138,0,0,25.8260517120361,32.62
2026-08-12 17:15:00,2,0,0,2,25.3191385269165,24.8299999237061,25.7249994277954,23,21,30,10,23.5599994659424,26.2199993133545,0,0,1.47807610034943,0,138,138,138,0,0,25.7490358352662,32.5975
2026-08-12 17:30:00,2,0,0,2,25.3169822692871,24.8500003814697,25.7299995422363,23,21,30,10,23.6399993896484,26.2199993133545,0,0,1.47705495357513,0,138,138,138,0,0,25.725341796875,32.575
2026-08-12 17:45:00,2,0,0,2,25.3073787689209,24.7649993896485,25.7349996566773,23,21,30,10,23.6999998092651,26.2149991989136,0,0,1.47761350870133,0,114,114,114,0,0,25.7185506820679,32.5525
2026-08-12 18:00:00,2,0,0,2,25.3023376464844,24.7899990081787,25.7299995422363,23,21,30,10,23.6499996185303,26.2299995422363,0,0,1.47791254520416,0,114,114,114,0,0,25.7013626098633,32.53
2026-08-12 18:15:00,2,0,0,2,25.3151903152466,24.7599992752075,25.7349996566773,23,21,30,10,23.6849994659424,26.2199993133545,0,0,1.47673118114472,0,114,114,114,0,0,25.6542501449585,32.1225
2026-08-12 18:30:00,2,0,0,2,25.3154277801514,24.8599987030029,25.7199993133545,23,21,30,10,23.6599998474121,26.2199993133545,0,0,1.47912335395813,0,114,114,114,0,0,25.6274852752686,31.715
2026-08-12 18:45:00,2,0,0,2,25.3140754699707,24.8450002670288,25.7399997711182,23,21,30,10,23.7449989318848,26.2249994277954,0,0,1.47607862949371,0,50,50,50,0,0,25.6191711425782,31.3075
2026-08-12 19:00:00,2,0,0,2,25.3093528747559,24.8799991607666,25.7399997711182,23,21,30,10,23.7799987792969,26.2299995422363,0,0,1.4750303030014,0,50,50,50,0,0,25.6140975952148,30.9
2026-08-12 19:15:00,2,0,0,2,25.319486618042,24.8199996948242,25.7449998855591,23,21,30,10,23.7649993896485,26.2299995422363,0,0,1.47661513090134,0,50,50,50,0,0,25.5792818069458,30.4925
2026-08-12 19:30:00,2,0,0,2,25.3240070343018,24.8099994659424,25.75,23,21,30,10,23.8400001525879,26.2299995422363,0,0,1.48258972167969,0,50,50,50,0,0,25.5668239593506,30.085
2026-08-12 19:45:00,2,0,0,2,25.3238544464112,24.769998550415,25.7449998855591,23,21,30,10,23.8249988555908,26.2299995422363,0,0,1.4759321808815,0,50,50,50,0,0,25.5560760498047,29.6775
2026-08-12 20:00:00,2,0,0,2,25.3350124359131,24.7799987792969,25.75,23,21,30,10,23.9099998474121,26.2199993133545,0,0,1.47982883453369,0,50,50,50,0,0,25.5349521636963,29.27
2026-08-12 20:15:00,2,0,0,2,25.3394918441773,24.7949991226196,25.75,23,21,30,10,23.8999996185303,26.2349996566773,0,0,1.47698575258255,0,50,50,50,0,0,25.5219841003418,28.8625
2026-08-12 20:30:00,2,0,0,2,25.355167388916,24.8799991607666,25.7600002288818,23,21,30,10,23.9699993133545,26.2299995422363,0,0,1.47605073451996,0,50,50,50,0,0,25.4964809417725,28.455
2026-08-12 20:45:00,2,0,0,2,25.3636312484742,24.8649988174439,25.7550001144409,23,21,30,10,23.9299993515015,26.2349996566773,0,0,1.47846478223801,0,50,50,50,0,0,25.4793720245361,28.0475
2026-08-12 21:00:00,2,0,0,2,25.3758220672607,24.8799991607666,25.769998550415,23,21,30,10,24.0799999237061,26.2399997711182,0,0,1.47920227050781,0,50,50,50,0,0,25.4620952606201,27.64
2026-08-12 21:15:00,2,0,0,2,25.3949527740479,24.8249998092652,25.7600002288818,23,21,30,10,24.0349988937378,26.2399997711182,0,0,1.478435754776,0,50,50,50,0,0,25.4386720657349,27.405
2026-08-12 21:30:00,2,0,0,2,25.415018081665,24.8199996948242,25.769998550415,23,21,30,10,24.1099987030029,26.2399997711182,0,0,1.48020660877228,0,50,50,50,0,0,25.4208602905273,27.17
2026-08-12 21:45:00,2,0,0,2,25.4278411865235,24.8949995040894,25.774998664856,23,21,30,10,24.0799999237061,26.2399997711182,0,0,1.47817885875702,0,50,50,50,0,0,25.400468826294,26.935
2026-08-12 22:00:00,2,0,0,2,25.4362201690674,24.9099998474121,25.769998550415,23,21,30,10,24.1099987030029,26.25,0,0,1.48333787918091,0,50,50,50,0,0,25.3839168548584,26.7
2026-08-12 22:15:00,2,0,0,2,25.4496383666993,24.9250001907349,25.774998664856,23,21,30,10,24.1099996566773,26.2449998855591,0,0,1.47734946012497,0,50,50,50,0,0,25.3666276931763,26.465
2026-08-12 22:30:00,2,0,0,2,25.4603614807129,24.8899993896484,25.7899990081787,23,21,30,10,24.1499996185303,26.25,0,0,1.47480857372284,0,50,50,50,0,0,25.3531970977783,26.23
2026-08-12 22:45:00,2,0,0,2,25.4704189300537,24.9300003051758,25.774998664856,23,21,30,10,24.1999988555909,26.2449998855591,0,0,1.47917693853379,0,50,50,50,0,0,25.3406524658203,25.995
2026-08-12 23:00:00,2,0,0,2,25.4793586730957,24.9300003051758,25.7899990081787,23,21,30,10,24.1999988555908,26.25,0,0,1.47593104839325,0,50,50,50,0,0,25.330602645874,25.76
2026-08-12 23:15:00,2,0,0,2,25.4760551452637,24.9299993515015,25.7799987792969,23,21,30,10,24.2649993896485,26.25,0,0,1.47772252559662,0,50,50,50,0,0,25.3244276046753,25.5275
2026-08-12 23:30:00,2,0,0,2,25.5006141662598,24.9599990844727,25.7799987792969,23,21,30,10,24.2999992370605,26.25,0,0,1.47660672664642,0,50,50,50,0,0,25.3081741333008,25.295
2026-08-12 23:45:00,2,0,0,2,25.5117235183716,24.9699993133545,25.7899990081787,23,21,30,10,24.3349990844727,26.25,0,0,1.4760993719101,0,50,50,50,0,0,25.2995481491089,25.0625
2026-08-13 00:00:00,2,0,0,2,25.5179843902588,24.9899997711182,25.7799987792969,23,21,30,10,24.3299999237061,26.25,0,0,1.47382962703705,0,50,50,50,0,0,25.2912483215332,23.25
2026-08-13 00:15:00,2,0,0,2,25.5121936798096,24.9799995422364,25.7899990081787,23,21,30,10,24.3699998855591,26.25,0,0,1.47630798816681,0,50,50,50,0,0,25.2867107391358,23.1225
2026-08-13 00:30:00,2,0,0,2,25.517204284668,24.9499988555908,25.7999992370605,23,21,30,10,24.3699989318848,26.25,0,0,1.47640299797058,0,50,50,50,0,0,25.2792186737061,22.995
2026-08-13 00:45:00,2,0,0,2,25.5513935089112,25,25.7899990081787,23,21,30,10,24.4149999618531,26.2399997711182,0,0,1.4757513999939,0,50,50,50,0,0,25.2644634246827,22.8675
2026-08-13 01:00:00,2,0,0,2,25.5860157012939,25.0100002288818,25.7899990081787,23,21,30,10,24.4699993133545,26.2399997711182,0,0,1.47766137123108,0,50,50,50,0,0,25.2455139160156,22.74
2026-08-13 01:15:00,2,0,0,2,25.6041336059571,25.0199995040894,25.7899990081787,23,21,30,10,24.4649991989136,26.2449998855591,0,0,1.47634547948837,0,50,50,50,0,0,25.2206707000733,22.6125
2026-08-13 01:30:00,2,0,0,2,25.6240768432617,25.0499992370605,25.7999992370605,23,21,30,10,24.5,26.2399997711182,0,0,1.47551596164703,0,50,50,50,0,0,25.1918125152588,22.485
2026-08-13 01:45:00,2,0,0,2,25.6401252746582,25.0349988937378,25.7949991226196,23,21,30,10,24.4849996566773,26.2349996566773,0,0,1.4778220653534,0,50,50,50,0,0,25.1752862930298,22.3575
2026-08-13 02:00:00,2,0,0,2,25.6562004089355,25.0499992370605,25.7899990081787,23,21,30,10,24.6000003814697,26.25,0,0,1.47291624546051,0,50,50,50,0,0,25.1668262481689,22.23
2026-08-13 02:15:00,2,0,0,2,25.6676177978516,25.0499992370605,25.7899990081787,23,21,30,10,24.6099987030029,26.2349996566773,0,0,1.47567015886307,0,50,50,50,0,0,25.157304763794,22.1025
2026-08-13 02:30:00,2,0,0,2,25.6818256378174,25.0299987792969,25.7899990081787,23,21,30,10,24.6199989318848,26.2399997711182,0,0,1.47524094581604,0,50,50,50,0,0,25.1504878997803,21.975
2026-08-13 02:45:00,2,0,0,2,25.696291923523,25.0499992370606,25.7899990081787,23,21,30,10,24.6349992752075,26.2399997711182,0,0,1.47858440876007,0,50,50,50,0,0,25.1314840316773,21.8475
2026-08-13 03:00:00,2,0,0,2,25.7008056640625,25.0900001525879,25.7999992370605,23,21,30,10,24.6099987030029,26.2399997711182,0,0,1.47787415981293,0,50,50,50,0,0,25.1270923614502,21.72
2026-08-13 03:15:00,2,0,0,2,25.7125482559204,25.085000038147,25.7999992370606,23,21,30,10,24.6749992370606,26.2349996566773,0,0,1.47762537002564,0,50,50,50,0,0,25.1175136566163,21.6575
2026-08-13 03:30:00,2,0,0,2,25.7142925262451,25.1199989318848,25.7999992370605,23,21,30,10,24.7199993133545,26.2399997711182,0,0,1.47738575935364,0,50,50,50,0,0,25.1224575042725,21.595
2026-08-13 03:45:00,2,0,0,2,25.7092657089234,25.1149988174439,25.8049993515015,23,21,30,10,24.7449989318848,26.2399997711182,0,0,1.47965025901795,0,50,50,50,0,0,25.1245164871216,21.5325
2026-08-13 04:00:00,2,0,0,2,25.6848335266113,25.1199989318848,25.7999992370605,23,21,30,10,24.8099994659424,26.2299995422363,0,0,1.47457635402679,0,50,50,50,0,0,25.1366138458252,21.47
2026-08-13 04:15:00,2,0,0,2,25.6951236724854,25.1299991607666,25.8099994659424,23,21,30,10,24.7449998855591,26.2449998855591,0,0,1.47833299636841,0,50,50,50,0,0,25.1284074783325,21.4075
2026-08-13 04:30:00,2,0,0,2,25.723726272583,25.1499996185303,25.7999992370605,23,21,30,10,24.7399997711182,26.2399997711182,0,0,1.47626221179962,0,50,50,50,0,0,25.1138896942139,21.345
2026-08-13 04:45:00,2,0,0,2,25.7205829620361,25.1349992752076,25.8149995803833,23,21,30,10,24.8500003814697,26.2449998855591,0,0,1.47960811853409,0,50,50,50,0,0,25.1217737197876,21.2825
2026-08-13 05:00:00,2,0,0,2,25.7260284423828,25.1399993896484,25.7899990081787,23,21,30,10,24.8299999237061,26.2399997711182,0,0,1.47787320613861,0,50,50,50,0,0,25.1189346313477,21.22
2026-08-13 05:15:00,2,0,0,2,25.7242269515991,25.1449995040894,25.8149995803833,23,21,30,10,24.835000038147,26.2399997711182,0,0,1.47785878181458,0,50,50,50,0,0,25.1281862258911,21.155
2026-08-13 05:30:00,2,0,0,2,25.7086486816406,25.1800003051758,25.8199996948242,23,21,30,10,24.8599987030029,26.2399997711182,0,0,1.4768226146698,0,50,50,50,0,0,25.1345520019531,21.09
2026-08-13 05:45:00,2,0,0,2,25.7119750976563,25.189998626709,25.8199996948242,23,21,30,10,24.8699989318848,26.25,0,0,1.47772097587586,0,50,50,50,0,0,25.1319818496705,21.025
2026-08-13 06:00:00,2,0,0,2,25.7274723052979,25.1700000762939,25.8199996948242,23,21,30,10,24.8999996185303,26.25,0,0,1.47747111320496,0,50,50,50,0,0,25.1265659332275,20.96
2026-08-13 06:15:00,2,0,0,2,25.7363224029541,25.1899995803833,25.8099994659424,23,21,30,10,24.9250001907349,26.2449998855591,0,0,1.48044031858444,0,50,50,50,0,0,25.1161880493164,21.085
2026-08-13 06:30:00,2,0,0,2,25.7568206787109,25.2199993133545,25.8199996948242,23,21,30,10,24.9699993133545,26.2399997711182,0,0,1.4750941991806,0,50,50,50,0,0,25.1122074127197,21.21
2026-08-13 06:45:00,2,0,0,2,25.7750301361084,25.2199993133545,25.8249998092652,23,21,30,10,24.9899997711182,26.25,0,0,1.47906595468522,0,50,50,50,0,0,25.1048669815064,21.335
2026-08-13 07:00:00,2,0,0,2,25.7910823822021,25.2299995422363,25.8400001525879,23,21,30,10,24.9899997711182,26.25,0,0,1.47913897037506,0,50,50,50,0,0,25.1069488525391,21.46
2026-08-13 07:15:00,2,0,0,2,25.7835960388184,25.2349996566773,25.8299999237061,23,21,30,10,25.0399990081787,26.2600002288818,0,0,1.47882026433945,0,50,50,50,0,0,25.1198396682739,21.5825
2026-08-13 07:30:00,2,0,0,2,25.754861831665,25.2399997711182,25.8400001525879,23,21,30,10,25.0299987792969,26.269998550415,0,0,3.07010650634766,0,50,50,50,0,0,25.1396255493164,21.705
2026-08-13 07:45:00,2,0,0,2,25.776258468628,25.2649993896485,25.8099994659424,23,21,30,10,25.0699996948242,26.274998664856,0,0,3.59409964084626,0,97,99.5,97,0,0,25.1289978027344,21.8275
2026-08-13 08:00:00,2,0,0,2,25.7975387573242,25.2799987792969,25.7799987792969,23,21,30,10,25.0399990081787,26.269998550415,0,0,4.12244319915771,0,102,102,102,0,0,25.1103420257568,21.95
2026-08-13 08:15:00,2,0,0,2,25.7887001037598,25.2899990081787,25.769998550415,23,21,30,10,25.0699987411499,26.269998550415,0,0,4.12245798110962,0,108,108,108,0,0,25.095721244812,22.075
2026-08-13 08:30:00,2,0,0,2,25.7643165588379,25.2999992370605,25.7600002288818,23,21,30,10,24.9899997711182,26.25,0,0,4.12681484222412,0,114,114,114,0,0,25.0891742706299,22.2
2026-08-13 08:45:00,2,0,0,2,25.7049207687378,25.274998664856,25.7299995422363,23,21,30,10,24.9149990081787,26.2449998855591,0,0,3.07609283924103,0,120,120,120,0,0,25.0897006988525,22.325
2026-08-13 09:00:00,2,0,0,2,25.6458988189697,25.269998550415,25.7299995422363,23,21,30,10,24.8799991607666,26.2399997711182,0,0,4.05250597000122,0,126,126,126,0,0,25.0967082977295,22.45
2026-08-13 09:15:00,2,0,0,2,25.6524562835694,25.2599992752076,25.7099990844727,23,21,30,10,24.7249994277954,26.2249994277954,0,0,4.12530732154846,0,135,132,135,0,0,25.0684394836426,23.0675
2026-08-13 09:30:00,2,0,0,2,25.6346588134766,25.2399997711182,25.7099990844727,23,21,30,10,24.5599994659424,26.2199993133545,0,0,3.08227491378784,0,138,138,138,0,0,25.0563888549805,23.685
2026-08-13 09:45:00,2,0,0,2,25.5946636199952,25.2249994277954,25.7049989700318,23,21,30,10,24.5050001144409,26.2049989700318,0,0,3.6034232378006,0,141,138,141,0,0,25.0461616516113,24.3025
2026-08-13 10:00:00,2,0,0,2,25.5646114349365,25.1800003051758,25.6999988555908,23,21,30,10,24.3599987030029,26.1800003051758,0,0,4.11957550048828,0,144,144,144,0,0,25.0331707000732,24.92
2026-08-13 10:15:00,2,0,0,2,25.5326795578003,25.1849994659424,25.689998626709,23,21,30,10,24.3099994659424,26.164999961853,0,0,3.07583463191986,0,150,150,150,0,0,25.0214548110962,25.54
2026-08-13 10:30:00,2,0,0,2,25.5108833312988,25.1599998474121,25.689998626709,23,21,30,10,24.1700000762939,26.1499996185303,0,0,4.12278509140015,0,150,150,150,0,0,25.0052337646484,26.16
2026-08-13 10:45:00,2,0,0,2,25.4874572753906,25.1499996185303,25.6799993515015,23,21,30,10,24.1299991607666,26.1449995040894,0,0,4.12272119522095,0,150,150,150,0,0,24.9989290237427,26.78
2026-08-13 11:00:00,2,0,0,2,25.4652500152588,25.1299991607666,25.689998626709,23,21,30,10,24.0699996948242,26.1599998474121,0,0,4.12488222122192,0,150,150,150,0,0,24.9865875244141,27.4
2026-08-13 11:15:00,2,0,0,2,25.4506902694702,25.1349992752076,25.6849994659424,23,21,30,10,23.9449996948242,26.1599998474121,0,0,4.12187552452088,0,150,150,150,0,0,24.9820051193237,28.02
2026-08-13 11:30:00,2,0,0,2,25.438756942749,25.0699996948242,25.6800003051758,23,21,30,10,23.8999996185303,26.1700000762939,0,0,4.12411403656006,0,150,150,150,0,0,24.9801959991455,28.64
2026-08-13 11:45:00,2,0,0,2,25.4286136627198,25.0399990081787,25.6899995803833,23,21,30,10,23.8649997711182,26.1750001907349,0,0,4.12259149551392,0,150,150,150,0,0,24.9795541763306,29.26
2026-08-13 12:00:00,2,0,0,2,25.4179000854492,25.019998550415,25.6999988555908,23,21,30,10,23.939998626709,26.189998626709,0,0,4.11705827713013,0,150,150,150,0,0,24.9847164154053,29.88
2026-08-13 12:15:00,2,0,0,2,25.4094715118408,25.0149993896485,25.6999988555908,23,21,30,10,23.8949995040894,26.1849994659424,0,0,3.60210990905762,0,132,132,132,0,0,24.9887838363648,30.34
2026-08-13 12:30:00,2,0,0,2,25.4053497314453,25.0399990081787,25.6999988555908,23,21,30,10,23.8599987030029,26.189998626709,0,0,4.12129926681519,0,132,132,132,0,0,24.9928207397461,30.8
2026-08-13 12:45:00,2,0,0,2,25.3926954269409,24.9899988174439,25.7149991989136,23,21,30,10,23.7999992370606,26.1999988555908,0,0,2.10049283504486,0,50,50,50,0,0,25.0195636749268,31.26
2026-08-13 13:00:00,2,0,0,2,25.3872222900391,25.0399990081787,25.7199993133545,23,21,30,10,23.769998550415,26.2099990844727,0,0,2.10168552398682,0,50,50,50,0,0,25.0448551177979,31.72
2026-08-13 13:15:00,2,0,0,2,25.3898220062256,24.9899988174439,25.7199993133545,23,21,30,10,23.7649993896485,26.2149991989136,0,0,2.09639549255371,0,50,50,50,0,0,25.0996456146241,32.1825
2026-08-13 13:30:00,2,0,0,2,25.3976497650146,24.9499988555908,25.7299995422363,23,21,30,10,23.7799987792969,26.2099990844727,0,0,1.47597253322601,0,50,50,50,0,0,25.1293296813965,32.645
2026-08-13 13:45:00,2,0,0,2,25.3979749679566,24.979998588562,25.7349996566773,23,21,30,10,23.7449998855591,26.2199993133545,0,0,4.12154364585877,0,138,138,138,0,0,25.1587686538696,33.1075
2026-08-13 14:00:00,2,0,0,2,25.4013442993164,24.9499988555908,25.7399997711182,23,21,30,10,23.6599998474121,26.2199993133545,0,0,4.12714290618896,0,138,138,138,0,0,25.1595764160156,33.57
2026-08-13 14:15:00,2,0,0,2,25.4081363677979,24.9499988555909,25.7449998855591,23,21,30,10,23.670000076294,26.2199993133545,0,0,3.60127568244934,0,144,144,144,0,0,25.1361904144288,34.0325
2026-08-13 14:30:00,2,0,0,2,25.4070148468018,24.8999996185303,25.7399997711182,23,21,30,10,23.6499996185303,26.2099990844727,0,0,4.12103319168091,0,144,144,144,0,0,25.1189384460449,34.495
2026-08-13 14:45:00,2,0,0,2,25.3788070678711,24.9349994659424,25.75,23,21,30,10,23.5949993133545,26.2249994277954,0,0,1.47618353366852,0,144,144,144,0,0,25.3195314407349,34.9575
2026-08-13 15:00:00,2,0,0,2,25.3643379211426,24.939998626709,25.769998550415,23,21,30,10,23.6000003814697,26.2399997711182,0,0,1.47722506523132,0,144,144,144,0,0,25.6784038543701,35.42
2026-08-13 15:15:00,2,0,0,2,25.3674612045288,24.9649991989136,25.774998664856,23,21,30,10,23.6299991607666,26.25,0,0,1.48708993196488,0,150,150,150,0,0,25.8952169418335,35.4125
2026-08-13 15:30:00,2,0,0,2,25.3723526000977,24.9599990844727,25.7999992370605,23,21,30,10,23.6399993896484,26.2799987792969,0,0,1.48454201221466,0,150,150,150,0,0,26.0015621185303,35.405
2026-08-13 15:45:00,2,0,0,2,25.3894815444946,24.9250001907349,25.8099994659424,23,21,30,10,23.6999998092651,26.3149995803833,0,0,1.50822889804841,0,150,150,150,0,0,26.0472755432129,35.3975
2026-08-13 16:00:00,2,0,0,2,25.3832702636719,24.939998626709,25.8199996948242,23,21,30,10,23.6499996185303,26.3299999237061,0,0,1.48474442958832,0,150,150,150,0,0,26.2079963684082,35.39
2026-08-13 16:15:00,2,0,0,2,25.3769502639771,24.9749994277955,25.8249998092652,23,21,30,10,23.7200002670288,26.335000038147,0,0,1.48126006126404,0,150,150,150,0,0,26.2799949645997,35.3825
2026-08-13 16:30:00,2,0,0,2,25.3795890808105,24.9599990844727,25.8400001525879,23,21,30,10,23.7999992370605,26.3499984741211,0,0,1.4765692949295,0,150,150,150,0,0,26.3193416595459,35.375
2026-08-13 16:45:00,2,0,0,2,25.4016723632813,24.8899993896484,25.835000038147,23,21,30,10,23.7299995422363,26.3499984741211,0,0,1.48036354780198,0,138,138,138,0,0,26.2344427108765,35.3675
2026-08-13 17:00:00,2,0,0,2,25.4155292510986,24.9300003051758,25.8299999237061,23,21,30,10,23.8599987030029,26.3499984741211,0,0,1.47770512104034,0,138,138,138,0,0,26.1286659240723,35.36
2026-08-13 17:15:00,2,0,0,2,25.4299116134644,24.8999996185303,25.8399991989136,23,21,30,10,23.8549995422363,26.3449993133545,0,0,1.47976070642472,0,138,138,138,0,0,26.0498428344727,35.3525
2026-08-13 17:30:00,2,0,0,2,25.4323215484619,24.8699989318848,25.8400001525879,23,21,30,10,23.8599987030029,26.3499984741211,0,0,1.47902429103851,0,138,138,138,0,0,26.0014953613281,35.345
2026-08-13 17:45:00,2,0,0,2,25.4246025085449,24.9149990081787,25.8449993133545,23,21,30,10,23.8899993896485,26.3449993133545,0,0,1.48041605949402,0,114,114,114,0,0,25.9967403411866,35.3375
2026-08-13 18:00:00,2,0,0,2,25.4153881072998,24.8999996185303,25.8400001525879,23,21,30,10,23.9099998474121,26.3499984741211,0,0,1.47768259048462,0,114,114,114,0,0,25.9773044586182,35.33
2026-08-13 18:15:00,2,0,0,2,25.4351663589478,24.9099998474121,25.8449993133545,23,21,30,10,23.939998626709,26.3499984741211,0,0,1.48010897636414,0,114,114,114,0,0,25.9074678421021,34.885
2026-08-13 18:30:00,2,0,0,2,25.4403114318848,24.9300003051758,25.8599987030029,23,21,30,10,24.0399990081787,26.3400001525879,0,0,1.47562849521637,0,114,114,114,0,0,25.8659934997559,34.44
2026-08-13 18:45:00,2,0,0,2,25.4404487609864,24.9099988937378,25.8499984741211,23,21,30,10,24.0449991226197,26.3449993133545,0,0,1.4781301021576,0,50,50,50,0,0,25.8358993530274,33.995
2026-08-13 19:00:00,2,0,0,2,25.4386348724365,24.9799995422363,25.8499984741211,23,21,30,10,24.1700000762939,26.3499984741211,0,0,1.47503447532654,0,50,50,50,0,0,25.8147296905518,33.55
2026-08-13 19:15:00,2,0,0,2,25.4344844818116,24.9249992370606,25.854998588562,23,21,30,10,24.1649990081787,26.3499984741211,0,0,1.47784447669983,0,50,50,50,0,0,25.8067531585694,33.105
2026-08-13 19:30:00,2,0,0,2,25.4412498474121,24.9499988555908,25.8499984741211,23,21,30,10,24.1499996185303,26.3299999237061,0,0,1.4758802652359,0,50,50,50,0,0,25.7750797271729,32.66
2026-08-13 19:45:00,2,0,0,2,25.4402141571045,24.9149999618531,25.8499984741211,23,21,30,10,24.1949987411499,26.3499984741211,0,0,1.47714918851853,0,50,50,50,0,0,25.7624845504761,32.215
2026-08-13 20:00:00,2,0,0,2,25.4506149291992,24.939998626709,25.8499984741211,23,21,30,10,24.2199993133545,26.3499984741211,0,0,1.47485208511353,0,50,50,50,0,0,25.7414493560791,31.77
2026-08-13 20:15:00,2,0,0,2,25.4568881988526,24.9749994277954,25.854998588562,23,21,30,10,24.3049993515015,26.3449993133545,0,0,1.47835409641266,0,50,50,50,0,0,25.7235765457154,31.325
2026-08-13 20:30:00,2,0,0,2,25.4618320465088,24.8899993896484,25.8699989318848,23,21,30,10,24.2999992370605,26.3599987030029,0,0,1.4758859872818,0,50,50,50,0,0,25.7008228302002,30.88
2026-08-13 20:45:00,2,0,0,2,25.4703416824341,24.9649991989136,25.8649988174439,23,21,30,10,24.3149995803833,26.3599987030029,0,0,1.47528147697449,0,50,50,50,0,0,25.6776351928711,30.435
2026-08-13 21:00:00,2,0,0,2,25.4802875518799,25.019998550415,25.8599987030029,23,21,30,10,24.4300003051758,26.3499984741211,0,0,1.47923684120178,0,50,50,50,0,0,25.6527938842773,29.99
2026-08-13 21:15:00,2,0,0,2,25.4953231811524,24.9949998855591,25.8649988174439,23,21,30,10,24.4399995803833,26.3599987030029,0,0,1.47483003139496,0,50,50,50,0,0,25.6256723403931,29.69
2026-08-13 21:30:00,2,0,0,2,25.5082168579102,24.9699993133545,25.8699989318848,23,21,30,10,24.4599990844727,26.3599987030029,0,0,1.4781631231308,0,50,50,50,0,0,25.6003265380859,29.39
2026-08-13 21:45:00,2,0,0,2,25.5252437591553,25.0299997329712,25.8699989318848,23,21,30,10,24.4799995422364,26.3649988174439,0,0,1.47913855314255,0,50,50,50,0,0,25.5752763748169,29.09
2026-08-13 22:00:00,2,0,0,2,25.5393867492676,25.0100002288818,25.8699989318848,23,21,30,10,24.4799995422363,26.3699989318848,0,0,1.47716629505157,0,50,50,50,0,0,25.5541229248047,28.79
2026-08-13 22:15:00,2,0,0,2,25.5473356246948,25.0499992370606,25.8849992752075,23,21,30,10,24.5449991226197,26.3649988174439,0,0,1.47711473703385,0,50,50,50,0,0,25.5311193466187,28.4875
2026-08-13 22:30:00,2,0,0,2,25.5547924041748,25.0599994659424,25.8699989318848,23,21,30,10,24.5499992370605,26.3599987030029,0,0,1.47628796100616,0,50,50,50,0,0,25.5157699584961,28.185
2026-08-13 22:45:00,2,0,0,2,25.5584602355957,25.0649995803833,25.8899993896485,23,21,30,10,24.6049995422363,26.3699989318848,0,0,1.47884863615036,0,50,50,50,0,0,25.5024433135987,27.8825
2026-08-13 23:00:00,2,0,0,2,25.5616340637207,25.0299987792969,25.8899993896484,23,21,30,10,24.5799999237061,26.3699989318848,0,0,1.47867155075073,0,50,50,50,0,0,25.4965114593506,27.58
2026-08-13 23:15:00,2,0,0,2,25.5758714675904,25.0499992370605,25.8949995040894,23,21,30,10,24.6999988555909,26.3699989318848,0,0,1.4780650138855,0,50,50,50,0,0,25.4790630340576,27.2775
2026-08-13 23:30:00,2,0,0,2,25.5792102813721,25.0599994659424,25.8899993896484,23,21,30,10,24.7099990844727,26.3699989318848,0,0,1.48097789287567,0,50,50,50,0,0,25.4644985198975,26.975
2026-08-13 23:45:00,2,0,0,2,25.5814933776856,25.0999994277954,25.8899993896484,23,21,30,10,24.7149991989136,26.3599987030029,0,0,1.47754383087158,0,50,50,50,0,0,25.4568614959717,26.6725
2026-08-14 00:00:00,2,0,0,2,25.5898590087891,25.1399993896484,25.8899993896484,23,21,30,10,24.769998550415,26.3599987030029,0,0,1.4766788482666,0,50,50,50,0,0,25.4439582824707,25.22
2026-08-14 00:15:00,2,0,0,2,25.6037359237671,25.1049995422363,25.8949995040894,23,21,30,10,24.7699995040894,26.3699989318848,0,0,1.48113125562668,0,50,50,50,0,0,25.4322690963745,25.085
2026-08-14 00:30:00,2,0,0,2,25.6365699768066,25.1399993896484,25.8999996185303,23,21,30,10,24.769998550415,26.3599987030029,0,0,1.48002171516418,0,50,50,50,0,0,25.4132041931152,24.95
2026-08-14 00:45:00,2,0,0,2,25.646861076355,25.1349992752075,25.8949995040894,23,21,30,10,24.8299999237061,26.3699989318848,0,0,1.47747713327408,0,50,50,50,0,0,25.4026994705201,24.815
2026-08-14 01:00:00,2,0,0,2,25.6580066680908,25.1700000762939,25.9099998474121,23,21,30,10,24.8099994659424,26.3699989318848,0,0,1.47872018814087,0,50,50,50,0,0,25.3926124572754,24.68
2026-08-14 01:15:00,2,0,0,2,25.6525707244873,25.1349992752075,25.9049997329712,23,21,30,10,24.8599987030029,26.3699989318848,0,0,1.47946727275849,0,50,50,50,0,0,25.3895063400269,24.545
2026-08-14 01:30:00,2,0,0,2,25.66064453125,25.1599998474121,25.8999996185303,23,21,30,10,24.8500003814697,26.3799991607666,0,0,1.47814118862152,0,50,50,50,0,0,25.3825836181641,24.41
2026-08-14 01:45:00,2,0,0,2,25.671257019043,25.1849994659424,25.9099998474121,23,21,30,10,24.9149990081787,26.3649988174439,0,0,1.47721964120865,0,50,50,50,0,0,25.3767518997193,24.275
2026-08-14 02:00:00,2,0,0,2,25.6995849609375,25.2199993133545,25.9099998474121,23,21,30,10,24.9699993133545,26.3699989318848,0,0,1.48004555702209,0,50,50,50,0,0,25.3655071258545,24.14
2026-08-14 02:15:00,2,0,0,2,25.7354955673218,25.1949996948242,25.914999961853,23,21,30,10,24.9349994659424,26.3749990463257,0,0,1.47412723302842,0,50,50,50,0,0,25.336350440979,24.005
2026-08-14 02:30:00,2,0,0,2,25.756706237793,25.2299995422363,25.9099998474121,23,21,30,10,25,26.3699989318848,0,0,1.47796714305878,0,50,50,50,0,0,25.3149814605713,23.87
2026-08-14 02:45:00,2,0,0,2,25.7744588851929,25.2349996566773,25.9250001907349,23,21,30,10,24.9949998855591,26.3699989318848,0,0,1.4761011004448,0,50,50,50,0,0,25.2982807159424,23.735
2026-08-14 03:00:00,2,0,0,2,25.7910709381104,25.2299995422363,25.9300003051758,23,21,30,10,25.019998550415,26.3699989318848,0,0,1.4792228937149,0,50,50,50,0,0,25.2885723114014,23.6
2026-08-14 03:15:00,2,0,0,2,25.8046531677246,25.2199993133545,25.9200000762939,23,21,30,10,25.085000038147,26.3699989318848,0,0,1.47798568010331,0,50,50,50,0,0,25.2826414108276,23.505
2026-08-14 03:30:00,2,0,0,2,25.8186016082764,25.25,25.9300003051758,23,21,30,10,25.1000003814697,26.3699989318848,0,0,1.47604429721832,0,50,50,50,0,0,25.2775859832764,23.41
2026-08-14 03:45:00,2,0,0,2,25.8258047103882,25.2649993896484,25.9300003051758,23,21,30,10,25.1199989318848,26.3799991607666,0,0,1.47876644134522,0,50,50,50,0,0,25.2722501754761,23.315
2026-08-14 04:00:00,2,0,0,2,25.8398408889771,25.2600002288818,25.9399995803833,23,21,30,10,25.1299991607666,26.3799991607666,0,0,1.47841829061508,0,50,50,50,0,0,25.2593107223511,23.22
2026-08-14 04:15:00,2,0,0,2,25.8501491546631,25.2649993896484,25.9250001907349,23,21,30,10,25.1599998474121,26.3849992752075,0,0,1.48188072443009,0,50,50,50,0,0,25.2507848739624,23.1275
2026-08-14 04:30:00,2,0,0,2,25.8561592102051,25.269998550415,25.9300003051758,23,21,30,10,25.1800003051758,26.3799991607666,0,0,1.47665846347809,0,50,50,50,0,0,25.2512626647949,23.035
2026-08-14 04:45:00,2,0,0,2,25.8640127182007,25.2849988937378,25.9449987411499,23,21,30,10,25.2099990844727,26.3899993896484,0,0,1.47688347101212,0,50,50,50,0,0,25.2460412979126,22.9425
2026-08-14 05:00:00,2,0,0,2,25.8714904785156,25.2999992370605,25.9300003051758,23,21,30,10,25.2099990844727,26.3799991607666,0,0,1.47143542766571,0,50,50,50,0,0,25.2446346282959,22.85
2026-08-14 05:15:00,2,0,0,2,25.8731927871704,25.3199996948242,25.9449987411499,23,21,30,10,25.2449998855591,26.3849992752075,0,0,1.47841441631317,0,50,50,50,0,0,25.2514362335205,22.7575
2026-08-14 05:30:00,2,0,0,2,25.8768692016602,25.3400001525879,25.9599990844727,23,21,30,10,25.269998550415,26.3899993896484,0,0,1.47697758674622,0,50,50,50,0,0,25.2604446411133,22.665
2026-08-14 05:45:00,2,0,0,2,25.8812379837036,25.3450002670288,25.9549989700318,23,21,30,10,25.2799987792969,26.3899993896484,0,0,1.47828382253647,0,50,50,50,0,0,25.2614727020264,22.5725
2026-08-14 06:00:00,2,0,0,2,25.9029693603516,25.3400001525879,25.9599990844727,23,21,30,10,25.2899990081787,26.3899993896484,0,0,1.47616422176361,0,50,50,50,0,0,25.2432250976562,22.48
2026-08-14 06:15:00,2,0,0,2,25.9229726791382,25.3649988174439,25.9699993133545,23,21,30,10,25.3049993515015,26.3949995040894,0,0,1.47635191679001,0,50,50,50,0,0,25.2319326400757,22.6025
2026-08-14 06:30:00,2,0,0,2,25.9336490631104,25.3699989318848,25.9599990844727,23,21,30,10,25.3400001525879,26.4099998474121,0,0,1.47410893440247,0,50,50,50,0,0,25.2309436798096,22.725
2026-08-14 06:45:00,2,0,0,2,25.9447908401489,25.3899993896484,25.9649991989136,23,21,30,10,25.3649988174439,26.3949995040894,0,0,1.47819966077805,0,50,50,50,0,0,25.2337560653687,22.8475
2026-08-14 07:00:00,2,0,0,2,25.9539375305176,25.4200000762939,25.9699993133545,23,21,30,10,25.3599987030029,26.3999996185303,0,0,1.47934603691101,0,50,50,50,0,0,25.2344532012939,22.97
2026-08-14 07:15:00,2,0,0,2,25.9612665176392,25.4349994659424,25.9799995422363,23,21,30,10,25.3949995040894,26.4049997329712,0,0.5,1.79113036394119,0,50,50,50,0,0,25.2418727874756,23.095
2026-08-14 07:30:00,2,0,0,2,25.9752922058105,25.4300003051758,25.9799995422363,23,21,30,10,25.4200000762939,26.4200000762939,0,1,2.10128927230835,0,50,50,50,0,0,25.2436752319336,23.22
2026-08-14 07:45:00,2,0,0,2,25.9843769073486,25.439998626709,25.9599990844727,23,21,30,10,25.420000076294,26.4300003051758,0,1,3.74708771705628,0,88,88,88,0,0,25.2383728027344,23.345
2026-08-14 08:00:00,2,0,0,2,25.9725570678711,25.439998626709,25.9300003051758,23,21,30,10,25.4300003051758,26.4099998474121,0,1,4.12554311752319,0,91,91,91,0,0,25.2350425720215,23.47
2026-08-14 08:15:00,2,0,0,2,25.950611114502,25.439998626709,25.914999961853,23,21,30,10,25.439998626709,26.4200000762939,0,1,4.12896490097046,0,99.5,99.5,99.5,0,0,25.229121208191,23.595
2026-08-14 08:30:00,2,0,0,2,25.9264335632324,25.4499988555908,25.9099998474121,23,21,30,10,25.3999996185303,26.4099998474121,0,1,4.17209148406982,0,102,102,102,0,0,25.2259731292725,23.72
2026-08-14 08:45:00,2,0,0,2,25.8963871002198,25.4449987411499,25.8999996185303,23,21,30,10,25.2349987030029,26.4200000762939,0,1,3.08458518981934,0,106.5,106.5,106.5,0,0,25.2216539382935,23.845
2026-08-14 09:00:00,2,0,0,2,25.8732738494873,25.439998626709,25.8899993896484,23,21,30,10,25.1399993896484,26.4099998474121,0,1,3.12349534034729,0,108,108,108,0,0,25.2187843322754,23.97
2026-08-14 09:15:00,2,0,0,2,25.8459749221802,25.4299993515015,25.8949995040894,23,21,30,10,25,26.4099998474121,0,1,3.09740114212036,0,112.5,112.5,112.5,0,0,25.2135019302368,24.6675
2026-08-14 09:30:00,2,0,0,2,25.8143939971924,25.3899993896484,25.8899993896484,23,21,30,10,24.8699989318848,26.3899993896484,0,1,3.08437848091125,0,114,114,114,0,0,25.2079524993896,25.365
2026-08-14 09:45:00,2,0,0,2,25.7799806594849,25.3899993896485,25.8749990463257,23,21,30,10,24.6899995803833,26.4049997329712,0,1,4.12888526916504,0,115.5,115.5,115.5,0,0,25.2031421661377,26.0625
2026-08-14 10:00:00,2,0,0,2,25.754997253418,25.4099998474121,25.8699989318848,23,21,30,10,24.5599994659424,26.3999996185303,0,1,4.12847948074341,0,117,117,117,0,0,25.1995601654053,26.76
2026-08-14 10:15:00,2,0,0,2,25.7267694473267,25.3399991989136,25.8749990463257,23,21,30,10,24.5499992370606,26.3999996185303,0,1,4.13006567955017,0,120,120,120,0,0,25.1945629119873,27.4575
2026-08-14 10:30:00,2,0,0,2,25.6993846893311,25.3099994659424,25.8699989318848,23,21,30,10,24.3400001525879,26.3899993896484,0,1,4.12999200820923,0,120,120,120,0,0,25.1915683746338,28.155
2026-08-14 10:45:00,2,0,0,2,25.6753473281861,25.2949991226196,25.8749990463257,23,21,30,10,24.3999996185303,26.3849992752075,0,1,4.12952733039856,0,120,120,120,0,0,25.1898345947266,28.8525
2026-08-14 11:00:00,2,0,0,2,25.6558208465576,25.2600002288818,25.8899993896484,23,21,30,10,24.2399997711182,26.3799991607666,0,1,4.13014221191406,0,120,120,120,0,0,25.1847534179688,29.55
2026-08-14 11:15:00,2,0,0,2,25.6382083892823,25.25,25.8749990463257,23,21,30,10,24.2249994277954,26.3699989318848,0,1,4.12998867034912,0,120,120,120,0,0,25.1783771514893,30.245
2026-08-14 11:30:00,2,0,0,2,25.6181449890137,25.2099990844727,25.8699989318848,23,21,30,10,24.2399997711182,26.3699989318848,0,1,4.13264799118042,0,120,120,120,0,0,25.1855316162109,30.94
2026-08-14 11:45:00,2,0,0,2,25.6057825088501,25.2199993133545,25.8699989318848,23,21,30,10,24.0899991989136,26.3699989318848,0,1,4.13055396080017,0,120,120,120,0,0,25.1766262054444,31.635
2026-08-14 12:00:00,2,0,0,2,25.5937652587891,25.2399997711182,25.8799991607666,23,21,30,10,24.0599994659424,26.3699989318848,0,1,4.13570642471313,0,120,120,120,0,0,25.1797771453857,32.33
2026-08-14 12:15:00,2,0,0,2,25.5786514282227,25.1549997329712,25.8799991607666,23,21,30,10,24.0449991226197,26.3699989318848,0,1,3.0852382183075,0,97,97,97,0,0,25.1882429122925,32.7425
2026-08-14 12:30:00,2,0,0,2,25.5719680786133,25.1399993896484,25.8799991607666,23,21,30,10,24.019998550415,26.3699989318848,0,1,3.08008861541748,0,97,97,97,0,0,25.1849098205566,33.155
2026-08-14 12:45:00,2,0,0,2,25.560791015625,25.1399993896484,25.8799991607666,23,21,30,10,24.0099992752076,26.3699989318848,0,1,1.79764425754547,0,50,50,50,0,0,25.2075824737549,33.5675
2026-08-14 13:00:00,2,0,0,2,25.5557727813721,25.0599994659424,25.8799991607666,23,21,30,10,23.9799995422363,26.3699989318848,0,1,2.10974621772766,0,50,50,50,0,0,25.2253112792969,33.98
2026-08-14 13:15:00,2,0,0,2,25.5591373443604,25.130000114441,25.8899993896484,23,21,30,10,23.9549999237061,26.3749990463257,0,1,1.79551696777344,0,50,50,50,0,0,25.2505912780762,34.395
2026-08-14 13:30:00,2,0,0,2,25.5644378662109,25.1399993896484,25.8799991607666,23,21,30,10,23.8999996185303,26.3699989318848,0,1,1.48205935955048,0,50,50,50,0,0,25.273681640625,34.81
2026-08-14 13:45:00,2,0,0,2,25.5629692077637,25.0699996948243,25.8949995040894,23,21,30,10,23.9149990081788,26.3749990463257,0,1,4.12576174736023,0,102,102,102,0,0,25.2777318954468,35.225
2026-08-14 14:00:00,2,0,0,2,25.5594997406006,25.1199989318848,25.8999996185303,23,21,30,10,23.8199996948242,26.3699989318848,0,1,4.13111686706543,0,102,102,102,0,0,25.2611141204834,35.64
2026-08-14 14:15:00,2,0,0,2,25.5435419082642,25.0999994277954,25.8949995040894,23,21,30,10,23.8699998855591,26.3749990463257,0,1,4.12805938720704,0,108,108,108,0,0,25.2637710571289,36.0525
2026-08-14 14:30:00,2,0,0,2,25.5327587127686,25.1299991607666,25.8799991607666,23,21,30,10,23.8699989318848,26.3599987030029,0,1,4.12896490097046,0,108,108,108,0,0,25.2534980773926,36.465
2026-08-14 14:45:00,2,0,0,2,25.5110330581665,25.0899991989136,25.8999996185303,23,21,30,10,23.7999992370606,26.3749990463257,0,0,1.47472441196442,0,108,108,108,0,0,25.5617961883545,36.8775
2026-08-14 15:00:00,2,0,0,2,25.4962368011475,25.0299987792969,25.9099998474121,23,21,30,10,23.8099994659424,26.3799991607666,0,0,1.47910273075104,0,108,108,108,0,0,26.0314922332764,37.29
2026-08-14 15:15:00,2,0,0,2,25.5057544708252,25.0649995803833,25.9250001907349,23,21,30,10,23.8249988555908,26.3949995040894,0,0,1.47746503353119,0,114,114,114,0,0,26.2464017868042,37.1275
2026-08-14 15:30:00,2,0,0,2,25.5171966552734,25.0599994659424,25.939998626709,23,21,30,10,23.8999996185303,26.4099998474121,0,0,1.47746980190277,0,114,114,114,0,0,26.3341655731201,36.965
2026-08-14 15:45:00,2,0,0,2,25.5238437652588,25.085000038147,25.9549989700318,23,21,30,10,23.8449993133545,26.4299993515015,0,0,1.4775573015213,0,114,114,114,0,0,26.4532613754273,36.8025
2026-08-14 16:00:00,2,0,0,2,25.5262928009033,25,25.9599990844727,23,21,30,10,23.8299999237061,26.4799995422363,0,0,1.47569286823273,0,114,114,114,0,0,26.5132656097412,36.64
2026-08-14 16:15:00,2,0,0,2,25.5188045501709,24.9799995422363,25.9699993133545,23,21,30,10,23.9249992370606,26.4899997711182,0,0,1.47425973415375,0,114,114,114,0,0,26.6355648040772,36.475
2026-08-14 16:30:00,2,0,0,2,25.5156230926514,25.0399990081787,25.9699993133545,23,21,30,10,24.0299987792969,26.5,0,0,1.47729027271271,0,114,114,114,0,0,26.7039432525635,36.31
2026-08-14 16:45:00,2,0,0,2,25.5433759689331,25.0349988937378,25.9799995422363,23,21,30,10,24.1049995422364,26.5,0,0,1.47691816091537,0,97,97,97,0,0,26.5396575927735,36.145
2026-08-14 17:00:00,2,0,0,2,25.5484371185303,25.0499992370605,25.9799995422363,23,21,30,10,24.0499992370605,26.5100002288818,0,0,1.47382390499115,0,97,97,97,0,0,26.4878082275391,35.98
2026-08-14 17:15:00,2,0,0,2,25.5517473220825,25.0199995040894,26,23,21,30,10,24.1399993896485,26.5100002288818,0,0,1.47579389810562,0,97,97,97,0,0,26.4138469696045,35.8175
2026-08-14 17:30:00,2,0,0,2,25.5602569580078,25.0799999237061,25.9899997711182,23,21,30,10,24.2799987792969,26.5100002288818,0,0,1.47455406188965,0,97,97,97,0,0,26.365270614624,35.655
2026-08-14 17:45:00,2,0,0,2,25.5609045028687,25.0549993515015,25.9899997711182,23,21,30,10,24.2899990081787,26.5100002288818,0,0,1.47620135545731,0,79,79,79,0,0,26.3090763092041,35.4925
2026-08-14 18:00:00,2,0,0,2,25.5687923431396,25.0900001525879,26,23,21,30,10,24.2999992370605,26.5100002288818,0,0,1.47584664821625,0,79,79,79,0,0,26.2677192687988,35.33
2026-08-14 18:15:00,2,0,0,2,25.5620479583741,25.0499992370605,26,23,21,30,10,24.335000038147,26.5050001144409,0,0,1.47523337602616,0,79,79,79,0,0,26.2174129486084,34.8875
2026-08-14 18:30:00,2,0,0,2,25.5590991973877,25.019998550415,26,23,21,30,10,24.3899993896484,26.5,0,0,1.47427034378052,0,79,79,79,0,0,26.1873016357422,34.445
2026-08-14 18:45:00,2,0,0,2,25.5629863739014,25.0399990081787,25.9949998855591,23,21,30,10,24.4499988555908,26.5100002288818,0,0,1.78920906782151,0,50,50,50,0,0,26.1501941680909,34.0025
2026-08-14 19:00:00,2,0,0,2,25.5615577697754,25.1000003814697,26.0100002288818,23,21,30,10,24.4699993133545,26.5,0,0,1.47221291065216,0,50,50,50,0,0,26.1210174560547,33.56
2026-08-14 19:15:00,2,0,0,2,25.5705814361573,25.1099996566773,26,23,21,30,10,24.5549993515015,26.5100002288818,0,0,1.47688001394272,0,50,50,50,0,0,26.0959959030152,33.1175
2026-08-14 19:30:00,2,0,0,2,25.5724506378174,25.0499992370605,25.9899997711182,23,21,30,10,24.5699996948242,26.5100002288818,0,0,1.47760057449341,0,50,50,50,0,0,26.0705146789551,32.675
2026-08-14 19:45:00,2,0,0,2,25.5833816528321,25.0449991226197,26.0050001144409,23,21,30,10,24.6149988174439,26.5100002288818,0,0,1.47742182016373,0,50,50,50,0,0,26.0337009429932,32.2325
2026-08-14 20:00:00,2,0,0,2,25.5854473114014,25.0599994659424,26.0100002288818,23,21,30,10,24.6700000762939,26.519998550415,0,0,1.47645998001099,0,50,50,50,0,0,26.0011863708496,31.79
2026-08-14 20:15:00,2,0,0,2,25.5918083190918,25.0949993133545,26.0050001144409,23,21,30,10,24.7249994277954,26.5100002288818,0,0,1.47636449337006,0,50,50,50,0,0,25.9668521881104,31.3475
2026-08-14 20:30:00,2,0,0,2,25.6011028289795,25.1399993896484,25.9899997711182,23,21,30,10,24.7399997711182,26.5,0,0,1.47662842273712,0,50,50,50,0,0,25.9350128173828,30.905
2026-08-14 20:45:00,2,0,0,2,25.5961437225342,25.0999994277954,26,23,21,30,10,24.8049993515015,26.5100002288818,0,0,1.47662603855133,0,50,50,50,0,0,25.9262590408325,30.4625
2026-08-14 21:00:00,2,0,0,2,25.6029396057129,25.1299991607666,26,23,21,30,10,24.8099994659424,26.5100002288818,0,0,1.47767806053162,0,50,50,50,0,0,25.8950500488281,30.02
2026-08-14 21:15:00,2,0,0,2,25.6224050521851,25.1249990463257,26,23,21,30,10,24.8699998855591,26.5149993896484,0,0,1.47657269239426,0,50,50,50,0,0,25.850697517395,29.6675
2026-08-14 21:30:00,2,0,0,2,25.6410942077637,25.1399993896484,26,23,21,30,10,24.8899993896484,26.5,0,0,1.4725182056427,0,50,50,50,0,0,25.8058185577393,29.315
2026-08-14 21:45:00,2,0,0,2,25.6531419754029,25.1399993896485,26,23,21,30,10,24.9699993133545,26.5100002288818,0,0,1.47507327795029,0,50,50,50,0,0,25.7717533111572,28.9625
2026-08-14 22:00:00,2,0,0,2,25.6965675354004,25.1499996185303,26.0100002288818,23,21,30,10,24.9699993133545,26.519998550415,0,0,1.47646176815033,0,50,50,50,0,0,25.7005195617676,28.61
2026-08-14 22:15:00,2,0,0,2,25.6943426132202,25.1299991607666,26.0050001144409,23,21,30,10,24.9849996566773,26.5149993896484,0,0,1.47688412666321,0,50,50,50,0,0,25.671199798584,28.2575
2026-08-14 22:30:00,2,0,0,2,25.6893291473389,25.1399993896484,26,23,21,30,10,25.0499992370605,26.519998550415,0,0,1.47842752933502,0,50,50,50,0,0,25.6595706939697,27.905
2026-08-14 22:45:00,2,0,0,2,25.7120409011841,25.1599998474121,25.9949998855591,23,21,30,10,25.0699987411499,26.5149993896484,0,0,1.47698479890824,0,50,50,50,0,0,25.6042623519898,27.5525
2026-08-14 23:00:00,2,0,0,2,25.7405548095703,25.1299991607666,26.0100002288818,23,21,30,10,25.0799999237061,26.519998550415,0,0,1.48154985904694,0,50,50,50,0,0,25.566837310791,27.2
2026-08-14 23:15:00,2,0,0,2,25.7194671630859,25.170000076294,26.0100002288818,23,21,30,10,25.1449995040894,26.5100002288818,0,0,1.48034524917603,0,50,50,50,0,0,25.5655069351196,26.8475
2026-08-14 23:30:00,2,0,0,2,25.7412567138672,25.1499996185303,26,23,21,30,10,25.1299991607666,26.519998550415,0,0,1.48040628433228,0,50,50,50,0,0,25.5404949188232,26.495
2026-08-14 23:45:00,2,0,0,2,25.7687273025513,25.1849994659424,26.0050001144409,23,21,30,10,25.1949987411499,26.519998550415,0,0,1.47652471065521,0,50,50,50,0,0,25.5095682144165,26.1425
2026-08-15 00:00:00,2,0,0,2,25.8200702667236,25.2199993133545,26,23,21,30,10,25.1499996185303,26.5100002288818,0,0,1.48134183883667,0,50,50,50,0,0,25.4630088806152,22.78
2026-08-15 00:15:00,2,0,0,2,25.8237972259522,25.2399997711182,26.0050001144409,23,21,30,10,25.2449998855591,26.519998550415,0,0,1.47770512104034,0,50,50,50,0,0,25.4478454589844,22.59
2026-08-15 00:30:00,2,0,0,2,25.8554668426514,25.2099990844727,26.0100002288818,23,21,30,10,25.25,26.519998550415,0,0,1.47326481342316,0,50,50,50,0,0,25.413293838501,22.4
2026-08-15 00:45:00,2,0,0,2,25.875247001648,25.2249994277954,26.0050001144409,23,21,30,10,25.2849988937378,26.519998550415,0,0,1.47795236110688,0,50,50,50,0,0,25.3883218765259,22.21
2026-08-15 01:00:00,2,0,0,2,25.8950672149658,25.2600002288818,26.0100002288818,23,21,30,10,25.2899990081787,26.519998550415,0,0,1.47933042049408,0,50,50,50,0,0,25.3769073486328,22.02
2026-08-15 01:15:00,2,0,0,2,25.9063062667847,25.2550001144409,26.0100002288818,23,21,30,10,25.3399991989136,26.519998550415,0,0,1.475301861763,0,50,50,50,0,0,25.3580160140991,21.8325
2026-08-15 01:30:00,2,0,0,2,25.9168262481689,25.2600002288818,26.0100002288818,23,21,30,10,25.3599987030029,26.519998550415,0,0,1.4782327413559,0,50,50,50,0,0,25.3480358123779,21.645
2026-08-15 01:45:00,2,0,0,2,25.9266042709351,25.2799987792969,26.0099992752075,23,21,30,10,25.3749990463257,26.524998664856,0,0,1.47511518001557,0,50,50,50,0,0,25.3425331115723,21.4575
2026-08-15 02:00:00,2,0,0,2,25.9428329467773,25.2799987792969,26.019998550415,23,21,30,10,25.3999996185303,26.519998550415,0,0,1.47535502910614,0,50,50,50,0,0,25.3331108093262,21.27
2026-08-15 02:15:00,2,0,0,2,25.9545965194702,25.2949991226196,26.0099992752075,23,21,30,10,25.4049997329712,26.524998664856,0,0,1.47798013687134,0,50,50,50,0,0,25.3311338424683,21.08
2026-08-15 02:30:00,2,0,0,2,25.9672946929932,25.2899990081787,26.019998550415,23,21,30,10,25.4200000762939,26.5299987792969,0,0,1.4757866859436,0,50,50,50,0,0,25.3539161682129,20.89
2026-08-15 02:45:00,2,0,0,2,25.962516784668,25.3199996948242,26.019998550415,23,21,30,10,25.4549989700318,26.5299987792969,0,0,1.49361872673035,0,50,50,50,0,0,25.339147567749,20.7
2026-08-15 03:00:00,2,0,0,2,25.9853687286377,25.2999992370605,26.019998550415,23,21,30,10,25.439998626709,26.5299987792969,0,0,1.48337399959564,0,50,50,50,0,0,25.335620880127,20.51
2026-08-15 03:15:00,2,0,0,2,25.9933242797852,25.3599996566773,26.0299987792969,23,21,30,10,25.4749994277955,26.5299987792969,0,0,1.48236262798309,0,50,50,50,0,0,25.3305931091309,20.4675
2026-08-15 03:30:00,2,0,0,2,26.004810333252,25.3450002670288,26.0299987792969,23,21,30,10,25.5100002288818,26.5349988937378,0,0,1.48440408706665,0,50,50,50,0,0,25.3310508728028,20.425
2026-08-15 03:45:00,2,0,0,2,26.0153732299805,25.3599987030029,26.0299987792969,23,21,30,10,25.5399990081787,26.5399990081787,0,0,1.48309135437012,0,50,50,50,0,0,25.3329238891602,20.3825
2026-08-15 04:00:00,2,0,0,2,26.0223140716553,25.3699989318848,26.0299987792969,23,21,30,10,25.5399990081787,26.5399990081787,0,0,1.4821143746376,0,50,50,50,0,0,25.3335161209107,20.34
2026-08-15 04:15:00,2,0,0,2,26.0279407501221,25.3599987030029,26.019998550415,23,21,30,10,25.5499992370605,26.5399990081787,0,0,1.48693895339966,0,50,50,50,0,0,25.3341197967529,20.2975
2026-08-15 04:30:00,2,0,0,2,26.0390224456787,25.3799991607666,26.024998664856,23,21,30,10,25.5699996948243,26.5399990081787,0,0,1.48800086975098,0,50,50,50,0,0,25.3394899368286,20.255
2026-08-15 04:45:00,2,0,0,2,26.044095993042,25.3899993896484,26.0399990081787,23,21,30,10,25.5799999237061,26.5399990081787,0,0,1.48257493972778,0,50,50,50,0,0,25.3430805206299,20.2125
2026-08-15 05:00:00,2,0,0,2,26.0459146499634,25.4200000762939,26.0449991226196,23,21,30,10,25.6199989318848,26.5399990081787,0,0,1.48719620704651,0,50,50,50,0,0,25.3401079177857,20.17
2026-08-15 05:15:00,2,0,0,2,26.0447406768799,25.4099998474121,26.0399990081787,23,21,30,10,25.6399993896484,26.5499992370605,0,0,1.48803246021271,0,50,50,50,0,0,25.3385677337646,20.1275
2026-08-15 05:30:00,2,0,0,2,26.0306081771851,25.4349994659424,26.0399990081787,23,21,30,10,25.6549997329712,26.5349988937378,0,0,1.48532742261887,0,50,50,50,0,0,25.3476409912109,20.085
2026-08-15 05:45:00,2,0,0,2,26.040433883667,25.4599990844727,26.0399990081787,23,21,30,10,25.6599998474121,26.5399990081787,0,0,1.4830926656723,0,50,50,50,0,0,25.345178604126,20.0425
2026-08-15 06:00:00,2,0,0,2,26.0068616867066,25.4599990844727,26.0499992370605,23,21,30,10,25.670000076294,26.5549993515015,0,0,1.48732745647431,0,50,50,50,0,0,25.3580112457276,20
2026-08-15 06:15:00,2,0,0,2,25.9451084136963,25.4599990844727,26.0499992370605,23,21,30,10,25.6700000762939,26.5499992370605,0,0,1.48572766780853,0,50,50,50,0,0,25.3786029815674,20.065
2026-08-15 06:30:00,2,0,0,2,25.9845333099365,25.4699993133545,26.0649995803833,23,21,30,10,25.7049989700318,26.5449991226196,0,0,1.46724128723145,0,50,50,50,0,0,25.3694276809693,20.13
2026-08-15 06:45:00,2,0,0,2,26.0120487213135,25.5100002288818,26.0599994659424,23,21,30,10,25.7099990844727,26.5499992370605,0,0,1.467240691185,0,50,50,50,0,0,25.3567295074463,20.195
2026-08-15 07:00:00,2,0,0,2,25.9176549911499,25.519998550415,26.0649995803833,23,21,30,10,25.7549991607666,26.5549993515015,0,0,1.46659851074219,0,50,50,50,0,0,25.393762588501,20.26
2026-08-15 07:15:00,2,0,0,2,26.0085124969482,25.519998550415,26.0699996948242,23,21,30,10,25.75,26.5499992370605,0,0,1.46670842170715,0,50,50,50,0,0,25.3655986785889,20.3275
2026-08-15 07:30:00,2,0,0,2,26.0252923965455,25.5299987792969,26.0749998092652,23,21,30,10,25.7799987792969,26.5649995803833,0,0,1.464674949646,0,50,50,50,0,0,25.3542356491089,20.395
2026-08-15 07:45:00,2,0,0,2,26.0611934661865,25.5100002288818,26.0699996948242,23,21,30,10,25.7899990081787,26.5599994659424,0,0,1.46991848945618,0,50,50,50,0,0,25.3506870269775,20.4625
2026-08-15 08:00:00,2,0,0,2,26.0757942199707,25.5349988937378,26.0799999237061,23,21,30,10,25.7949991226196,26.5599994659424,0,0,1.46951717138291,0,50,50,50,0,0,25.3541860580445,20.53
2026-08-15 08:15:00,2,0,0,2,26.0757255554199,25.5499992370605,26.0900001525879,23,21,30,10,25.8099994659424,26.5599994659424,0,0,1.46748828887939,0,50,50,50,0,0,25.3477325439453,20.595
2026-08-15 08:30:00,2,0,0,2,26.0837068557739,25.5499992370606,26.0900001525879,23,21,30,10,25.8199996948242,26.5699996948242,0,0,1.46894037723542,0,50,50,50,0,0,25.3473415374756,20.66
2026-08-15 08:45:00,2,0,0,2,26.0896701812744,25.5599994659424,26.0900001525879,23,21,30,10,25.8299999237061,26.5799999237061,0,0,1.46735954284668,0,50,50,50,0,0,25.347635269165,20.725
2026-08-15 09:00:00,2,0,0,2,26.0783662796021,25.5749998092652,26.0999984741211,23,21,30,10,25.8649988174439,26.5799999237061,0,0,1.46729964017868,0,50,50,50,0,0,25.3508157730103,20.79
2026-08-15 09:15:00,2,0,0,2,26.0905933380127,25.5900001525879,26.0999984741211,23,21,30,10,25.8699989318848,26.5799999237061,0,0,1.46409642696381,0,50,50,50,0,0,25.3483810424805,21.2
2026-08-15 09:30:00,2,0,0,2,26.0897541046143,25.604998588562,26.0900001525879,23,21,30,10,25.8849992752075,26.5799999237061,0,0,1.46315354108811,0,50,50,50,0,0,25.3527441024781,21.61
2026-08-15 09:45:00,2,0,0,2,26.0598182678223,25.6299991607666,26.0900001525879,23,21,30,10,25.8899993896484,26.5799999237061,0,0,1.46347141265869,0,50,50,50,0,0,25.3626041412354,22.02
2026-08-15 10:00:00,2,0,0,2,26.0448112487793,25.6449995040894,26.0949993133545,23,21,30,10,25.914999961853,26.5900001525879,0,0,1.46740549802781,0,50,50,50,0,0,25.3733720779419,22.43
2026-08-15 10:15:00,2,0,0,2,26.0612621307373,25.6499996185303,26.0900001525879,23,21,30,10,25.9200000762939,26.5900001525879,0,0,1.46541857719421,0,50,50,50,0,0,25.3639850616455,22.84
2026-08-15 10:30:00,2,0,0,2,26.0812158584595,25.6499996185303,26.0949993133545,23,21,30,10,25.939998626709,26.585000038147,0,0,1.4649088382721,0,50,50,50,0,0,25.3642902374268,23.25
2026-08-15 10:45:00,2,0,0,2,26.0886478424072,25.6599998474121,26.1099987030029,23,21,30,10,25.939998626709,26.5999984741211,0,0,1.46608984470367,0,50,50,50,0,0,25.3651180267334,23.66
2026-08-15 11:00:00,2,0,0,2,26.0948028564453,25.6700000762939,26.104998588562,23,21,30,10,25.9649991989136,26.5999984741211,0,0,1.46732836961747,0,50,50,50,0,0,25.3690452575684,24.07
2026-08-15 11:15:00,2,0,0,2,26.1030502319336,25.689998626709,26.1199989318848,23,21,30,10,25.9599990844727,26.5999984741211,0,0,1.46418476104736,0,50,50,50,0,0,25.3720970153809,24.48
2026-08-15 11:30:00,2,0,0,2,26.1199417114258,25.6799993515015,26.1199989318848,23,21,30,10,25.9899997711182,26.5949993133545,0,0,1.46956938505173,0,50,50,50,0,0,25.3712139129639,24.89
2026-08-15 11:45:00,2,0,0,2,26.1374664306641,25.6800003051758,26.1299991607666,23,21,30,10,26,26.5999984741211,0,0,1.46539282798767,0,50,50,50,0,0,25.3735656738281,25.3
2026-08-15 12:00:00,2,0,0,2,26.130615234375,25.6899995803833,26.1349992752075,23,21,30,10,26.0149993896484,26.6099987030029,0,0,1.47154074907303,0,50,50,50,0,0,25.383020401001,25.71
2026-08-15 12:15:00,2,0,0,2,26.1382694244385,25.689998626709,26.1199989318848,23,21,30,10,26.019998550415,26.6099987030029,0,0,1.46600103378296,0,50,50,50,0,0,25.3857116699219,26.0425
2026-08-15 12:30:00,2,0,0,2,26.145341873169,25.7099990844727,26.1399993896484,23,21,30,10,26.0449991226196,26.6099987030029,0,0,1.46860414743424,0,50,50,50,0,0,25.3892021179199,26.375
2026-08-15 12:45:00,2,0,0,2,26.1472988128662,25.7199993133545,26.1399993896484,23,21,30,10,26.0499992370605,26.6199989318848,0,0,1.46914422512054,0,50,50,50,0,0,25.3987770080566,26.7075
2026-08-15 13:00:00,2,0,0,2,26.1341619491577,25.7399997711182,26.1449995040894,23,21,30,10,26.0549993515015,26.6149988174439,0,0,1.47827506065369,0,50,50,50,0,0,25.4023847579956,27.04
2026-08-15 13:15:00,2,0,0,2,26.1291122436523,25.75,26.1399993896484,23,21,30,10,26.0699996948242,26.6199989318848,0,0,1.4802770614624,0,50,50,50,0,0,25.406063079834,27.375
2026-08-15 13:30:00,2,0,0,2,26.1385927200318,25.7599992752075,26.1449995040894,23,21,30,10,26.085000038147,26.6199989318848,0,0,1.47878271341324,0,50,50,50,0,0,25.4009218215943,27.71
2026-08-15 13:45:00,2,0,0,2,26.14870262146,25.769998550415,26.1299991607666,23,21,30,10,26.0999984741211,26.6199989318848,0,0,1.49685525894165,0,50,50,50,0,0,25.3996429443359,28.045
2026-08-15 14:00:00,2,0,0,2,26.1510210037232,25.774998664856,26.1399993896484,23,21,30,10,26.1249990463257,26.6299991607666,0,0,1.47915208339691,0,50,50,50,0,0,25.3971090316773,28.38
2026-08-15 14:15:00,2,0,0,2,26.156665802002,25.7899990081787,26.1499996185303,23,21,30,10,26.1199989318848,26.6299991607666,0,0,1.47591292858124,0,50,50,50,0,0,25.3978309631348,28.7125
2026-08-15 14:30:00,2,0,0,2,26.1657552719116,25.7949991226196,26.1549997329712,23,21,30,10,26.1399993896484,26.6299991607666,0,0,1.47651934623719,0,50,50,50,0,0,25.3924789428711,29.045
2026-08-15 14:45:00,2,0,0,2,26.1579780578613,25.8099994659424,26.1599998474121,23,21,30,10,26.1399993896484,26.6299991607666,0,0,1.48039186000824,0,50,50,50,0,0,25.4017353057861,29.3775
2026-08-15 15:00:00,2,0,0,2,26.1501741409302,25.8099994659424,26.1549997329712,23,21,30,10,26.1549997329712,26.6349992752075,0,0,1.47768747806549,0,50,50,50,0,0,25.4056701660156,29.71
2026-08-15 15:15:00,2,0,0,2,26.1512145996094,25.8199996948242,26.1499996185303,23,21,30,10,26.189998626709,26.6299991607666,0,0,1.47970497608185,0,50,50,50,0,0,25.4078769683838,29.615
2026-08-15 15:30:00,2,0,0,2,26.1754808425903,25.8249998092652,26.1599998474121,23,21,30,10,26.1799993515015,26.6399993896484,0,0,1.47767901420594,0,50,50,50,0,0,25.4068078994751,29.52
2026-08-15 15:45:00,2,0,0,2,26.1821956634521,25.8400001525879,26.1700000762939,23,21,30,10,26.189998626709,26.6499996185303,0,0,1.4779224395752,0,50,50,50,0,0,25.4145126342773,29.425
2026-08-15 16:00:00,2,0,0,2,26.188684463501,25.859998703003,26.1700000762939,23,21,30,10,26.189998626709,26.6399993896485,0,0,1.47786742448807,0,50,50,50,0,0,25.4190855026246,29.33
2026-08-15 16:15:00,2,0,0,2,26.1892051696777,25.8699989318848,26.1800003051758,23,21,30,10,26.2099990844727,26.6499996185303,0,0,1.48079550266266,0,50,50,50,0,0,25.4159774780273,29.235
2026-08-15 16:30:00,2,0,0,2,26.1753015518189,25.8749990463257,26.164999961853,23,21,30,10,26.1999988555908,26.6499996185303,0,0,1.47699272632599,0,50,50,50,0,0,25.4270143508912,29.14
2026-08-15 16:45:00,2,0,0,2,26.1808776855469,25.8799991607666,26.1700000762939,23,21,30,10,26.2099990844727,26.6499996185303,0,0,1.4826477766037,0,50,50,50,0,0,25.4232063293457,29.045
2026-08-15 17:00:00,2,0,0,2,26.1471157073975,25.8899993896484,26.1800003051758,23,21,30,10,26.2099990844727,26.6499996185303,0,0,1.47992092370987,0,50,50,50,0,0,25.4408903121948,28.95
2026-08-15 17:15:00,2,0,0,2,26.1480655670166,25.9099998474121,26.189998626709,23,21,30,10,26.2099990844727,26.6499996185303,0,0,1.47915589809418,0,50,50,50,0,0,25.4465370178223,28.855
2026-08-15 17:30:00,2,0,0,2,26.1483297348023,25.8999996185303,26.1849994659424,23,21,30,10,26.2099990844727,26.6549997329712,0,0,1.48007071018219,0,50,50,50,0,0,25.446216583252,28.76
2026-08-15 17:45:00,2,0,0,2,26.1612224578857,25.9200000762939,26.189998626709,23,21,30,10,26.2199993133545,26.6499996185303,0,0,1.48180079460144,0,50,50,50,0,0,25.4420890808105,28.665
2026-08-15 18:00:00,2,0,0,2,26.1551265716553,25.9200000762939,26.1849994659424,23,21,30,10,26.2199993133545,26.6599998474121,0,0,1.47835242748261,0,50,50,50,0,0,25.4485731124878,28.57
2026-08-15 18:15:00,2,0,0,2,26.0931625366211,25.939998626709,26.1800003051758,23,21,30,10,26.2399997711182,26.6599998474121,0,0,1.47380912303925,0,50,50,50,0,0,25.471809387207,28.33
2026-08-15 18:30:00,2,0,0,2,26.0912303924561,25.939998626709,26.1800003051758,23,21,30,10,26.2399997711182,26.6599998474121,0,0,1.47691988945008,0,50,50,50,0,0,25.4712114334107,28.09
2026-08-15 18:45:00,2,0,0,2,26.1306991577148,25.9499988555908,26.189998626709,23,21,30,10,26.2299995422363,26.6599998474121,0,0,1.4746378660202,0,50,50,50,0,0,25.4615135192871,27.85
2026-08-15 19:00:00,2,0,0,2,26.1128101348877,25.9499988555908,26.189998626709,23,21,30,10,26.2349996566773,26.6449995040894,0,0,1.47704601287842,0,50,50,50,0,0,25.467453956604,27.61
2026-08-15 19:15:00,2,0,0,2,26.1236705780029,25.9499988555908,26.189998626709,23,21,30,10,26.2299995422363,26.6499996185303,0,0,1.47639858722687,0,50,50,50,0,0,25.4668769836426,27.3725
2026-08-15 19:30:00,2,0,0,2,26.1150093078614,25.9599990844727,26.189998626709,23,21,30,10,26.2399997711182,26.664999961853,0,0,1.47911942005158,0,50,50,50,0,0,25.466420173645,27.135
2026-08-15 19:45:00,2,0,0,2,26.1437473297119,25.9599990844727,26.189998626709,23,21,30,10,26.2600002288818,26.6599998474121,0,0,1.47953641414642,0,50,50,50,0,0,25.453498840332,26.8975
2026-08-15 20:00:00,2,0,0,2,26.145658493042,25.9849996566773,26.189998626709,23,21,30,10,26.2849988937378,26.6599998474121,0,0,1.4771289229393,0,50,50,50,0,0,25.4616889953614,26.66
2026-08-15 20:15:00,2,0,0,2,26.1369190216064,25.9899997711182,26.189998626709,23,21,30,10,26.2999992370605,26.6599998474121,0,0,1.47811198234558,0,50,50,50,0,0,25.463134765625,26.4225
2026-08-15 20:30:00,2,0,0,2,26.1449518203735,25.9949998855591,26.2099990844727,23,21,30,10,26.2899990081787,26.6700000762939,0,0,1.48001825809479,0,50,50,50,0,0,25.4616928100586,26.185
2026-08-15 20:45:00,2,0,0,2,26.1637992858887,26.0100002288818,26.1999988555908,23,21,30,10,26.2999992370605,26.6599998474121,0,0,1.48087012767792,0,50,50,50,0,0,25.4532833099365,25.9475
2026-08-15 21:00:00,2,0,0,2,26.1542587280274,26.0099992752075,26.2099990844727,23,21,30,10,26.3099994659424,26.664999961853,0,0,1.47625923156738,0,50,50,50,0,0,25.4650402069092,25.71
2026-08-15 21:15:00,2,0,0,2,26.1465873718262,26.019998550415,26.2099990844727,23,21,30,10,26.3099994659424,26.6599998474121,0,0,1.4767918586731,0,50,50,50,0,0,25.4727916717529,25.4175
2026-08-15 21:30:00,2,0,0,2,26.1493854522706,26.024998664856,26.2099990844727,23,21,30,10,26.3199996948242,26.6800003051758,0,0,1.47619366645813,0,50,50,50,0,0,25.4698886871338,25.125
2026-08-15 21:45:00,2,0,0,2,26.1581554412842,26.0299987792969,26.2199993133545,23,21,30,10,26.3299999237061,26.6800003051758,0,0,1.4786651134491,0,50,50,50,0,0,25.4631767272949,24.8325
2026-08-15 22:00:00,2,0,0,2,26.1754579544068,26.0349988937378,26.2149991989136,23,21,30,10,26.3299999237061,26.6700000762939,0,0,1.47464203834534,0,50,50,50,0,0,25.4629325866699,24.54
2026-08-15 22:15:00,2,0,0,2,26.177001953125,26.0299987792969,26.2199993133545,23,21,30,10,26.3299999237061,26.6700000762939,0,0,1.47763299942017,0,50,50,50,0,0,25.4652462005615,24.2475
2026-08-15 22:30:00,2,0,0,2,26.183632850647,26.0499992370605,26.2149991989136,23,21,30,10,26.3400001525879,26.6849994659424,0,0,1.47987473011017,0,50,50,50,0,0,25.4624300003052,23.955
2026-08-15 22:45:00,2,0,0,2,26.2068500518799,26.0599994659424,26.2199993133545,23,21,30,10,26.3499984741211,26.6800003051758,0,0,1.47773456573486,0,50,50,50,0,0,25.4518089294434,23.6625
2026-08-15 23:00:00,2,0,0,2,26.2281379699707,26.0699996948243,26.2099990844727,23,21,30,10,26.359998703003,26.6849994659424,0,0,1.47355419397354,0,50,50,50,0,0,25.4460287094116,23.37
2026-08-15 23:15:00,2,0,0,2,26.2423400878906,26.0799999237061,26.2299995422363,23,21,30,10,26.3699989318848,26.689998626709,0,0,1.46789383888245,0,50,50,50,0,0,25.4475688934326,23.08
2026-08-15 23:30:00,2,0,0,2,26.2524948120118,26.0799999237061,26.2149991989136,23,21,30,10,26.3749990463257,26.6949987411499,0,0,1.46875357627869,0,50,50,50,0,0,25.4416227340698,22.79
2026-08-15 23:45:00,2,0,0,2,26.2638835906982,26.0799999237061,26.2299995422363,23,21,30,10,26.3799991607666,26.7099990844727,0,0,1.46930527687073,0,50,50,50,0,0,25.4391937255859,22.5
2026-08-16 00:00:00,2,0,0,2,26.2684946060181,26.0900001525879,26.2399997711182,23,21,30,10,26.3949995040894,26.6999988555908,0,0,1.46844929456711,0,50,50,50,0,0,25.4368505477905,21.07
2026-08-16 00:15:00,2,0,0,2,26.271728515625,26.0999984741211,26.2299995422363,23,21,30,10,26.4200000762939,26.7099990844727,0,0,1.46781527996063,0,50,50,50,0,0,25.4364547729492,21.005
2026-08-16 00:30:00,2,0,0,2,26.2838459014893,26.104998588562,26.2299995422364,23,21,30,10,26.4349994659424,26.7049989700318,0,0,1.46893227100372,0,50,50,50,0,0,25.4414319992066,20.94
2026-08-16 00:45:00,2,0,0,2,26.286434173584,26.1199989318848,26.2399997711182,23,21,30,10,26.4300003051758,26.7099990844727,0,0,1.46931993961334,0,50,50,50,0,0,25.4387283325195,20.875
2026-08-16 01:00:00,2,0,0,2,26.2881259918213,26.1299991607666,26.2449998855591,23,21,30,10,26.4449987411499,26.7199993133545,0,0,1.47241246700287,0,50,50,50,0,0,25.4311637878418,20.81
2026-08-16 01:15:00,2,0,0,2,26.2894344329834,26.1299991607666,26.25,23,21,30,10,26.4499988555908,26.7199993133545,0,0,1.46796786785126,0,50,50,50,0,0,25.436071395874,20.7425
2026-08-16 01:30:00,2,0,0,2,26.2928113937378,26.1399993896485,26.2349996566773,23,21,30,10,26.4499988555908,26.7249994277954,0,0,1.47046941518784,0,50,50,50,0,0,25.4350986480713,20.675
2026-08-16 01:45:00,2,0,0,2,26.2957134246826,26.1399993896484,26.2399997711182,23,21,30,10,26.4499988555908,26.7299995422363,0,0,1.47154748439789,0,50,50,50,0,0,25.4384765625,20.6075
2026-08-16 02:00:00,2,0,0,2,26.2914867401123,26.1399993896484,26.25,23,21,30,10,26.4649991989136,26.7349996566773,0,0,1.46958947181702,0,50,50,50,0,0,25.4385147094727,20.54
2026-08-16 02:15:00,2,0,0,2,26.2933731079102,26.1499996185303,26.25,23,21,30,10,26.4599990844727,26.7299995422363,0,0,1.46848750114441,0,50,50,50,0,0,25.4428253173828,20.475
2026-08-16 02:30:00,2,0,0,2,26.2968397140503,26.1700000762939,26.2550001144409,23,21,30,10,26.4749994277954,26.7349996566773,0,0,1.47041743993759,0,50,50,50,0,0,25.4464778900147,20.41
2026-08-16 02:45:00,2,0,0,2,26.3043785095215,26.1700000762939,26.2600002288818,23,21,30,10,26.4799995422363,26.7299995422363,0,0,1.4700665473938,0,50,50,50,0,0,25.4476509094238,20.345
2026-08-16 03:00:00,2,0,0,2,26.3086204528809,26.1800003051758,26.2550001144409,23,21,30,10,26.4849996566773,26.7449998855591,0,0,1.46582347154618,0,50,50,50,0,0,25.446008682251,20.28
2026-08-16 03:15:00,2,0,0,2,26.3138561248779,26.1800003051758,26.2600002288818,23,21,30,10,26.5,26.75,0,0,1.47548568248749,0,50,50,50,0,0,25.4448394775391,20.205
2026-08-16 03:30:00,2,0,0,2,26.3172054290772,26.1800003051758,26.2600002288818,23,21,30,10,26.5050001144409,26.7449998855591,0,0,1.46661126613617,0,50,50,50,0,0,25.4515600204468,20.13
2026-08-16 03:45:00,2,0,0,2,26.3219871520996,26.1949987411499,26.2600002288818,23,21,30,10,26.519998550415,26.75,0,0,1.46983820199967,0,50,50,50,0,0,25.452036857605,20.055
2026-08-16 04:00:00,2,0,0,2,26.3299999237061,26.1999988555908,26.2600002288818,23,21,30,10,26.519998550415,26.75,0,0,1.46931934356689,0,50,50,50,0,0,25.446268081665,19.98
2026-08-16 04:15:00,2,0,0,2,26.3348665237427,26.1999988555908,26.269998550415,23,21,30,10,26.5449991226196,26.7550001144409,0,0,1.46939194202423,0,50,50,50,0,0,25.4539051055908,19.9025
2026-08-16 04:30:00,2,0,0,2,26.3342571258545,26.1999988555908,26.269998550415,23,21,30,10,26.5399990081787,26.75,0,0,1.46817481517792,0,50,50,50,0,0,25.456090927124,19.825
2026-08-16 04:45:00,2,0,0,2,26.3406972885132,26.2099990844727,26.2649993896484,23,21,30,10,26.5549993515015,26.7649993896484,0,0,1.47083985805512,0,50,50,50,0,0,25.4556751251221,19.7475
2026-08-16 05:00:00,2,0,0,2,26.3402938842773,26.2199993133545,26.2799987792969,23,21,30,10,26.5599994659424,26.7600002288818,0,0,1.47225666046143,0,50,50,50,0,0,25.4602375030518,19.67
2026-08-16 05:15:00,2,0,0,2,26.3450345993042,26.2249994277954,26.269998550415,23,21,30,10,26.5699996948243,26.769998550415,0,0,1.46960490942002,0,50,50,50,0,0,25.4561662673951,19.595
2026-08-16 05:30:00,2,0,0,2,26.344762802124,26.2199993133545,26.269998550415,23,21,30,10,26.5599994659424,26.7600002288818,0,0,1.47099816799164,0,50,50,50,0,0,25.4621143341064,19.52
2026-08-16 05:45:00,2,0,0,2,26.3483428955079,26.2299995422364,26.274998664856,23,21,30,10,26.5799999237061,26.774998664856,0,0,1.47043359279633,0,50,50,50,0,0,25.459415435791,19.445
2026-08-16 06:00:00,2,0,0,2,26.351224899292,26.2299995422363,26.2799987792969,23,21,30,10,26.5900001525879,26.7799987792969,0,0,1.47347605228424,0,50,50,50,0,0,25.4638957977295,19.37
2026-08-16 06:15:00,2,0,0,2,26.3559980392456,26.2449998855591,26.2799987792969,23,21,30,10,26.5999984741211,26.7799987792969,0,0,1.46911448240281,0,50,50,50,0,0,25.4632091522217,19.42
2026-08-16 06:30:00,2,0,0,2,26.3570537567139,26.25,26.269998550415,23,21,30,10,26.5900001525879,26.7899990081787,0,0,1.47009778022766,0,50,50,50,0,0,25.4661998748779,19.47
2026-08-16 06:45:00,2,0,0,2,26.3618230819702,26.2550001144409,26.2799987792969,23,21,30,10,26.5999994277954,26.7799987792969,0,0,1.46967726945877,0,50,50,50,0,0,25.4633588790894,19.52
2026-08-16 07:00:00,2,0,0,2,26.3596267700195,26.2600002288818,26.2799987792969,23,21,30,10,26.5999984741211,26.7799987792969,0,0,1.46881878376007,0,50,50,50,0,0,25.4662475585938,19.57
2026-08-16 07:15:00,2,0,0,2,26.3608293533325,26.2600002288818,26.269998550415,23,21,30,10,26.6149988174439,26.7799987792969,0,0,1.46912324428559,0,50,50,50,0,0,25.4664840698242,19.62
2026-08-16 07:30:00,2,0,0,2,26.3627281188965,26.269998550415,26.2799987792969,23,21,30,10,26.6199989318848,26.7899990081787,0,0,1.46813488006592,0,50,50,50,0,0,25.4683666229248,19.67
2026-08-16 07:45:00,2,0,0,2,26.3612003326416,26.2849988937378,26.2849988937378,23,21,30,10,26.6149988174439,26.7899990081787,0,0,1.46896755695343,0,50,50,50,0,0,25.4769449234009,19.72
2026-08-16 08:00:00,2,0,0,2,26.3552341461182,26.2899990081787,26.2899990081787,23,21,30,10,26.6199989318848,26.7899990081787,0,0,1.47101557254791,0,50,50,50,0,0,25.477258682251,19.77
2026-08-16 08:15:00,2,0,0,2,26.3648519515991,26.2849988937378,26.2849988937378,23,21,30,10,26.6299991607666,26.7899990081787,0,0,1.4703683257103,0,50,50,50,0,0,25.4778032302857,19.82
2026-08-16 08:30:00,2,0,0,2,26.3648090362549,26.2899990081787,26.2899990081787,23,21,30,10,26.6299991607666,26.7899990081787,0,0,1.46552646160126,0,50,50,50,0,0,25.4821586608887,19.87
2026-08-16 08:45:00,2,0,0,2,26.3783845901489,26.3099994659424,26.2949991226196,23,21,30,10,26.6349992752075,26.7899990081787,0,0,1.46909731626511,0,50,50,50,0,0,25.4841661453247,19.92
2026-08-16 09:00:00,2,0,0,2,26.372579574585,26.3099994659424,26.2999992370605,23,21,30,10,26.6399993896484,26.7899990081787,0,0,1.46624052524567,0,50,50,50,0,0,25.4899654388428,19.97
2026-08-16 09:15:00,2,0,0,2,26.3692808151245,26.3099994659424,26.2999992370606,23,21,30,10,26.6549997329712,26.7899990081787,0,0,1.46882516145706,0,50,50,50,0,0,25.4967174530029,20.36
2026-08-16 09:30:00,2,0,0,2,26.3902397155762,26.3199996948242,26.3099994659424,23,21,30,10,26.6800003051758,26.7999992370605,0,0,1.47561645507812,0,50,50,50,0,0,25.4934482574463,20.75
2026-08-16 09:45:00,2,0,0,2,26.3692970275879,26.3249998092652,26.3099994659424,23,21,30,10,26.689998626709,26.7999992370605,0,0,1.48167580366135,0,50,50,50,0,0,25.5036544799805,21.14
2026-08-16 10:00:00,2,0,0,2,26.3248157501221,26.3199996948242,26.3199996948242,23,21,30,10,26.689998626709,26.7999992370605,0,0,1.50268375873566,0,50,50,50,0,0,25.5163040161133,21.53
2026-08-16 10:15:00,2,0,0,2,26.3638496398926,26.3249998092652,26.3199996948242,23,21,30,10,26.689998626709,26.7999992370605,0,0,1.48766678571701,0,50,50,50,0,0,25.5118436813355,21.9175
2026-08-16 10:30:00,2,0,0,2,26.3260040283203,26.3199996948242,26.3199996948242,23,21,30,10,26.689998626709,26.7999992370605,0,0,1.50679934024811,0,50,50,50,0,0,25.5246562957764,22.305
2026-08-16 10:45:00,2,0,0,2,26.3758163452149,26.3399991989136,26.3199996948242,23,21,30,10,26.7049989700318,26.8099994659424,0,0,1.48527693748474,0,50,50,50,0,0,25.5137634277344,22.6925
2026-08-16 11:00:00,2,0,0,2,26.4003734588623,26.3400001525879,26.3199996948242,23,21,30,10,26.6999988555908,26.8099994659424,0,0,1.48193776607513,0,50,50,50,0,0,25.5121898651123,23.08
2026-08-16 11:15:00,2,0,0,2,26.4116115570069,26.3499984741211,26.3249998092652,23,21,30,10,26.7049989700318,26.8149995803833,0,0,1.47974663972855,0,50,50,50,0,0,25.5141859054566,23.4675
2026-08-16 11:30:00,2,0,0,2,26.4109134674072,26.3699989318848,26.3299999237061,23,21,30,10,26.7099990844727,26.8099994659424,0,0,1.47671329975128,0,50,50,50,0,0,25.5119724273682,23.855
2026-08-16 11:45:00,2,0,0,2,26.4066352844239,26.3499984741211,26.3399991989136,23,21,30,10,26.7099990844727,26.8099994659424,0,0,1.48125886917115,0,50,50,50,0,0,25.514687538147,24.2425
2026-08-16 12:00:00,2,0,0,2,26.4087581634521,26.3599987030029,26.3400001525879,23,21,30,10,26.7199993133545,26.8099994659424,0,0,1.47292339801788,0,50,50,50,0,0,25.5158615112305,24.63
2026-08-16 12:15:00,2,0,0,2,26.4046773910523,26.354998588562,26.335000038147,23,21,30,10,26.7199993133545,26.8149995803833,0,0,1.48482578992844,0,50,50,50,0,0,25.5212726593018,25
2026-08-16 12:30:00,2,0,0,2,26.3964977264404,26.3699989318848,26.3499984741211,23,21,30,10,26.7299995422363,26.8099994659424,0,0,1.47876179218292,0,50,50,50,0,0,25.5279960632324,25.37
2026-08-16 12:45:00,2,0,0,2,26.3838949203492,26.3649988174439,26.3400001525879,23,21,30,10,26.7299995422363,26.8199996948242,0,0,1.48143124580383,0,50,50,50,0,0,25.5302381515503,25.74
2026-08-16 13:00:00,2,0,0,2,26.380199432373,26.3699989318848,26.3299999237061,23,21,30,10,26.7299995422363,26.8199996948242,0,0,1.47739171981812,0,50,50,50,0,0,25.5308628082275,26.11
2026-08-16 13:15:00,2,0,0,2,26.3899545669556,26.3699989318848,26.3499984741211,23,21,30,10,26.7399997711182,26.8249998092652,0,0,1.47817796468735,0,50,50,50,0,0,25.5267868041993,26.48
2026-08-16 13:30:00,2,0,0,2,26.3850479125977,26.3799991607666,26.3400001525879,23,21,30,10,26.7299995422363,26.8199996948242,0,0,1.47792756557465,0,50,50,50,0,0,25.5272350311279,26.85
2026-08-16 13:45:00,2,0,0,2,26.3135900497437,26.3849992752075,26.335000038147,23,21,30,10,26.7449998855591,26.8199996948242,0,0,1.48235207796097,0,50,50,50,0,0,25.5465793609619,27.22
2026-08-16 14:00:00,2,0,0,2,26.334342956543,26.3899993896484,26.3499984741211,23,21,30,10,26.75,26.8299999237061,0,0,1.47682297229767,0,50,50,50,0,0,25.5387134552002,27.59
2026-08-16 14:15:00,2,0,0,2,26.3268032073975,26.3899993896484,26.335000038147,23,21,30,10,26.7399997711182,26.8299999237061,0,0,1.48142188787461,0,50,50,50,0,0,25.5416946411133,27.9625
2026-08-16 14:30:00,2,0,0,2,26.3207759857178,26.3899993896484,26.3299999237061,23,21,30,10,26.75,26.8299999237061,0,0,1.47695219516754,0,50,50,50,0,0,25.5424976348877,28.335
2026-08-16 14:45:00,2,0,0,2,26.266300201416,26.3899993896484,26.3299999237061,23,21,30,10,26.75,26.8149995803833,0,0,1.47815585136414,0,50,50,50,0,0,25.5636110305786,28.7075
2026-08-16 15:00:00,2,0,0,2,26.3061428070068,26.3899993896484,26.3400001525879,23,21,30,10,26.75,26.8299999237061,0,0,1.4766401052475,0,50,50,50,0,0,25.5476360321045,29.08
2026-08-16 15:15:00,2,0,0,2,26.3060750961304,26.3949995040894,26.335000038147,23,21,30,10,26.75,26.8299999237061,0,0,1.47972542047501,0,50,50,50,0,0,25.5495014190674,28.835
2026-08-16 15:30:00,2,0,0,2,26.2241649627686,26.3999996185303,26.3400001525879,23,21,30,10,26.75,26.8199996948242,0,0,1.47937607765198,0,50,50,50,0,0,25.5718536376953,28.59
2026-08-16 15:45:00,2,0,0,2,26.2484006881714,26.4049997329712,26.335000038147,23,21,30,10,26.7600002288818,26.8199996948242,0,0,1.47690951824188,0,50,50,50,0,0,25.563196182251,28.345
2026-08-16 16:00:00,2,0,0,2,26.2358322143555,26.4099998474121,26.3299999237061,23,21,30,10,26.7600002288818,26.8299999237061,0,0,1.47679901123047,0,50,50,50,0,0,25.5664691925049,28.1
2026-08-16 16:15:00,2,0,0,2,26.2314329147339,26.414999961853,26.3399991989136,23,21,30,10,26.769998550415,26.8249998092652,0,0,1.47947430610657,0,50,50,50,0,0,25.5650625228882,27.8575
2026-08-16 16:30:00,2,0,0,2,26.2787628173828,26.4200000762939,26.3400001525879,23,21,30,10,26.769998550415,26.8199996948242,0,0,1.47833323478699,0,50,50,50,0,0,25.5532627105713,27.615
2026-08-16 16:45:00,2,0,0,2,26.2928304672242,26.420000076294,26.335000038147,23,21,30,10,26.7649993896484,26.8149995803833,0,0,1.48088431358338,0,50,50,50,0,0,25.5441417694092,27.3725
2026-08-16 17:00:00,2,0,0,2,26.273868560791,26.4200000762939,26.3499984741211,23,21,30,10,26.769998550415,26.8199996948242,0,0,1.47349584102631,0,50,50,50,0,0,25.5557880401611,27.13
2026-08-16 17:15:00,2,0,0,2,26.2638921737671,26.4250001907349,26.354998588562,23,21,30,10,26.769998550415,26.8299999237061,0,0,1.47999143600464,0,50,50,50,0,0,25.5572500228882,26.8875
2026-08-16 17:30:00,2,0,0,2,26.306583404541,26.4200000762939,26.3400001525879,23,21,30,10,26.7799987792969,26.8299999237061,0,0,1.47599506378174,0,50,50,50,0,0,25.5474700927734,26.645
2026-08-16 17:45:00,2,0,0,2,26.2712945938111,26.4250001907349,26.3499984741211,23,21,30,10,26.7799987792969,26.8299999237061,0,0,1.47958260774613,0,50,50,50,0,0,25.5561351776124,26.4025
2026-08-16 18:00:00,2,0,0,2,26.2849617004395,26.4300003051758,26.3499984741211,23,21,30,10,26.7799987792969,26.8400001525879,0,0,1.47857093811035,0,50,50,50,0,0,25.5501556396484,26.16
2026-08-16 18:15:00,2,0,0,2,26.2723140716553,26.4299993515015,26.354998588562,23,21,30,10,26.7849988937378,26.8400001525879,0,0,1.47814178466797,0,50,50,50,0,0,25.5585355758667,26.0125
2026-08-16 18:30:00,2,0,0,2,26.2979431152344,26.4200000762939,26.3499984741211,23,21,30,10,26.7799987792969,26.8299999237061,0,0,1.4779280424118,0,50,50,50,0,0,25.5495567321777,25.865
2026-08-16 18:45:00,2,0,0,2,26.2699403762818,26.4249992370606,26.359998703003,23,21,30,10,26.774998664856,26.8299999237061,0,0,1.47730994224548,0,50,50,50,0,0,25.5611095428467,25.7175
2026-08-16 19:00:00,2,0,0,2,26.2751026153564,26.4300003051758,26.3499984741211,23,21,30,10,26.7899990081787,26.8299999237061,0,0,1.48293745517731,0,50,50,50,0,0,25.5604610443115,25.57
2026-08-16 19:15:00,2,0,0,2,26.2687129974365,26.4449987411499,26.354998588562,23,21,30,10,26.7899990081787,26.8449993133545,0,0,1.47735762596131,0,50,50,50,0,0,25.5661792755127,25.425
2026-08-16 19:30:00,2,0,0,2,26.2936267852783,26.439998626709,26.3699989318848,23,21,30,10,26.7899990081787,26.8499984741211,0,0,1.4817328453064,0,50,50,50,0,0,25.567497253418,25.28
2026-08-16 19:45:00,2,0,0,2,26.304271697998,26.4399995803833,26.3599987030029,23,21,30,10,26.7999992370605,26.8400001525879,0,0,1.47920352220536,0,50,50,50,0,0,25.5606861114502,25.135
2026-08-16 20:00:00,2,0,0,2,26.3246154785156,26.439998626709,26.3499984741211,23,21,30,10,26.7899990081787,26.8499984741211,0,0,1.47971665859222,0,50,50,50,0,0,25.5544147491455,24.99
2026-08-16 20:15:00,2,0,0,2,26.3364181518555,26.439998626709,26.3749990463257,23,21,30,10,26.8099994659424,26.859998703003,0,0,1.4786616563797,0,50,50,50,0,0,25.5529346466065,24.845
2026-08-16 20:30:00,2,0,0,2,26.3239879608154,26.4499988555908,26.3699989318848,23,21,30,10,26.8099994659424,26.8499984741211,0,0,1.4790290594101,0,50,50,50,0,0,25.5569114685059,24.7
2026-08-16 20:45:00,2,0,0,2,26.3256731033325,26.4549989700318,26.3599987030029,23,21,30,10,26.8099994659424,26.8449993133545,0,0,1.47901201248169,0,50,50,50,0,0,25.5584392547608,24.555
2026-08-16 21:00:00,2,0,0,2,26.3134269714355,26.4599990844727,26.3599987030029,23,21,30,10,26.8099994659424,26.8400001525879,0,0,1.47709178924561,0,50,50,50,0,0,25.5598773956299,24.41
2026-08-16 21:15:00,2,0,0,2,26.3154954910279,26.4499988555908,26.3699989318848,23,21,30,10,26.8099994659424,26.8499984741211,0,0,1.47784304618836,0,50,50,50,0,0,25.560827255249,24.2125
2026-08-16 21:30:00,2,0,0,2,26.3214664459229,26.4599990844727,26.3599987030029,23,21,30,10,26.8199996948242,26.8599987030029,0,0,1.48067724704742,0,50,50,50,0,0,25.5591659545898,24.015
2026-08-16 21:45:00,2,0,0,2,26.3141002655029,26.4499988555909,26.3799991607666,23,21,30,10,26.8099994659424,26.8599987030029,0,0,1.47894787788391,0,50,50,50,0,0,25.5651826858521,23.8175
2026-08-16 22:00:00,2,0,0,2,26.3210620880127,26.4499988555908,26.3699989318848,23,21,30,10,26.8199996948242,26.8599987030029,0,0,1.47630727291107,0,50,50,50,0,0,25.5645370483398,23.62
2026-08-16 22:15:00,2,0,0,2,26.2924757003784,26.4499988555908,26.3799991607666,23,21,30,10,26.8249998092652,26.8599987030029,0,0,1.47843044996262,0,50,50,50,0,0,25.5745544433594,23.42
2026-08-16 22:30:00,2,0,0,2,26.2747116088867,26.4699993133545,26.3699989318848,23,21,30,10,26.8199996948242,26.8699989318848,0,0,1.47810399532318,0,50,50,50,0,0,25.5816669464111,23.22
2026-08-16 22:45:00,2,0,0,2,26.3174734115601,26.4649991989136,26.3749990463257,23,21,30,10,26.8199996948242,26.8749990463257,0,0,1.4751039147377,0,50,50,50,0,0,25.5652103424073,23.02
2026-08-16 23:00:00,2,0,0,2,26.3077259063721,26.4699993133545,26.3699989318848,23,21,30,10,26.8299999237061,26.8599987030029,0,0,1.47938323020935,0,50,50,50,0,0,25.5748348236084,22.82
2026-08-16 23:15:00,2,0,0,2,26.2860202789307,26.4749994277954,26.3749990463257,23,21,30,10,26.8299999237061,26.8649988174439,0,0,1.48188173770905,0,50,50,50,0,0,25.5760269165039,22.6225
2026-08-16 23:30:00,2,0,0,2,26.3147411346436,26.4699993133545,26.3799991607666,23,21,30,10,26.8299999237061,26.8699989318848,0,0,1.48114919662476,0,50,50,50,0,0,25.5648288726807,22.425
2026-08-16 23:45:00,2,0,0,2,26.3622369766235,26.4649991989136,26.3849992752075,23,21,30,10,26.8299999237061,26.8699989318848,0,0,1.4770394563675,0,50,50,50,0,0,25.5494527816773,22.2275
2026-08-17 00:00:00,2,0,0,2,26.3800296783447,26.4799995422363,26.3799991607666,23,21,30,10,26.8400001525879,26.8799991607666,0,0,1.47830259799957,0,50,50,50,0,0,25.5389938354492,21.65
2026-08-17 00:15:00,2,0,0,2,26.3895769119263,26.4649991989136,26.3849992752075,23,21,30,10,26.835000038147,26.8699989318848,0,0,1.47774493694306,0,50,50,50,0,0,25.5393619537354,21.5425
2026-08-17 00:30:00,2,0,0,2,26.3921070098877,26.4699993133545,26.3799991607666,23,21,30,10,26.8400001525879,26.8799991607666,0,0,1.47643780708313,0,50,50,50,0,0,25.537525177002,21.435
2026-08-17 00:45:00,2,0,0,2,26.4008378982544,26.4749994277954,26.3799991607666,23,21,30,10,26.8400001525879,26.8849992752075,0,0,1.480892598629,0,50,50,50,0,0,25.5343055725098,21.3275
2026-08-17 01:00:00,2,0,0,2,26.40749168396,26.4799995422363,26.3799991607666,23,21,30,10,26.8400001525879,26.8799991607666,0,0,1.48306500911713,0,50,50,50,0,0,25.5256881713867,21.22
2026-08-17 01:15:00,2,0,0,2,26.3906240463257,26.4749994277954,26.3799991607666,23,21,30,10,26.8449993133545,26.8799991607666,0,0,1.47584754228592,0,50,50,50,0,0,25.5300521850586,21.115
2026-08-17 01:30:00,2,0,0,2,26.3614463806152,26.4799995422363,26.3699989318848,23,21,30,10,26.8400001525879,26.8599987030029,0,0,1.47645199298859,0,50,50,50,0,0,25.5382785797119,21.01
2026-08-17 01:45:00,2,0,0,2,26.3378515243531,26.4799995422364,26.3699989318848,23,21,30,10,26.8449993133545,26.8799991607666,0,0,1.47830981016159,0,50,50,50,0,0,25.5417804718018,20.905
2026-08-17 02:00:00,2,0,0,2,26.3799800872803,26.4799995422363,26.3699989318848,23,21,30,10,26.8499984741211,26.8899993896484,0,0,1.47709965705872,0,50,50,50,0,0,25.530216217041,20.8
2026-08-17 02:15:00,2,0,0,2,26.3860626220703,26.4799995422363,26.3849992752075,23,21,30,10,26.8400001525879,26.8849992752075,0,0,1.4780513048172,0,50,50,50,0,0,25.5285186767578,20.6925
2026-08-17 02:30:00,2,0,0,2,26.2951354980469,26.4699993133545,26.3699989318848,23,21,30,10,26.8499984741211,26.8799991607666,0,0,1.47829985618591,0,50,50,50,0,0,25.5559692382812,20.585
2026-08-17 02:45:00,2,0,0,2,26.3258714675903,26.4799995422363,26.3799991607666,23,21,30,10,26.8400001525879,26.8849992752075,0,0,1.47714847326279,0,50,50,50,0,0,25.5459470748901,20.4775
2026-08-17 03:00:00,2,0,0,2,26.3386268615723,26.4799995422363,26.3699989318848,23,21,30,10,26.8499984741211,26.8899993896484,0,0,1.47796893119812,0,50,50,50,0,0,25.5397720336914,20.37
2026-08-17 03:15:00,2,0,0,2,26.3768091201783,26.4849996566773,26.3649988174439,23,21,30,10,26.8499984741211,26.8899993896484,0,0,1.47952622175217,0,50,50,50,0,0,25.5219697952271,20.3425
2026-08-17 03:30:00,2,0,0,2,26.3961238861084,26.4799995422363,26.3749990463257,23,21,30,10,26.8499984741211,26.8899993896484,0,0,1.47642111778259,0,50,50,50,0,0,25.5141229629517,20.315
2026-08-17 03:45:00,2,0,0,2,26.4133529663086,26.4899997711182,26.3699989318848,23,21,30,10,26.8499984741211,26.8899993896484,0,0,1.4748694896698,0,50,50,50,0,0,25.5023536682129,20.2875
2026-08-17 04:00:00,2,0,0,2,26.4142713546753,26.4849996566773,26.3799991607666,23,21,30,10,26.8449993133545,26.8899993896484,0,0,1.47880530357361,0,50,50,50,0,0,25.5050497055054,20.26
2026-08-17 04:15:00,2,0,0,2,26.41455078125,26.4799995422363,26.3699989318848,23,21,30,10,26.8499984741211,26.8799991607666,0,0,1.47878730297089,0,50,50,50,0,0,25.5051422119141,20.23
2026-08-17 04:30:00,2,0,0,2,26.4236965179444,26.4949998855591,26.3749990463257,23,21,30,10,26.8499984741211,26.8849992752075,0,0,1.47828280925751,0,50,50,50,0,0,25.5007200241089,20.2
2026-08-17 04:45:00,2,0,0,2,26.4320602416992,26.4899997711182,26.3699989318848,23,21,30,10,26.8499984741211,26.8899993896484,0,0,1.47741866111755,0,50,50,50,0,0,25.4974327087402,20.17
2026-08-17 05:00:00,2,0,0,2,26.4329204559326,26.4799995422363,26.3799991607666,23,21,30,10,26.854998588562,26.8899993896484,0,0,1.4778083562851,0,50,50,50,0,0,25.498911857605,20.14
2026-08-17 05:15:00,2,0,0,2,26.426212310791,26.4899997711182,26.3699989318848,23,21,30,10,26.8499984741211,26.8899993896484,0,0,1.47631680965424,0,50,50,50,0,0,25.5072631835938,20.1125
2026-08-17 05:30:00,2,0,0,2,26.4238729476929,26.4899997711182,26.3799991607666,23,21,30,10,26.854998588562,26.8899993896484,0,0,1.477519094944,0,50,50,50,0,0,25.5094413757325,20.085
2026-08-17 05:45:00,2,0,0,2,26.4281558990479,26.4899997711182,26.3799991607666,23,21,30,10,26.8499984741211,26.8899993896484,0,0,1.47659075260162,0,50,50,50,0,0,25.5108528137207,20.0575
2026-08-17 06:00:00,2,0,0,2,26.4250936508179,26.4949998855591,26.3749990463257,23,21,30,10,26.854998588562,26.8949995040894,0,0,1.47772186994553,0,50,50,50,0,0,25.5124654769898,20.03
2026-08-17 06:15:00,2,0,0,2,26.4240970611572,26.5,26.3899993896484,23,21,30,10,26.8499984741211,26.8899993896484,0,0,1.47621476650238,0,50,50,50,0,0,25.5128345489502,20.06
2026-08-17 06:30:00,2,0,0,2,26.4216642379761,26.4949998855591,26.3849992752075,23,21,30,10,26.8649988174439,26.8899993896484,0,0,1.48565536737442,0,50,50,50,0,0,25.5168495178223,20.09
2026-08-17 06:45:00,2,0,0,2,26.4214763641357,26.5,26.3899993896484,23,21,30,10,26.8599987030029,26.8899993896484,0,0,1.47758758068085,0,50,50,50,0,0,25.5205135345459,20.12
2026-08-17 07:00:00,2,0,0,2,26.4352064132691,26.4899997711182,26.3949995040894,23,21,30,10,26.854998588562,26.8899993896484,0,0,1.47821986675263,0,50,50,50,0,0,25.5209074020386,20.15
2026-08-17 07:15:00,2,0,0,2,26.4553070068359,26.5,26.3899993896484,23,21,30,10,26.8599987030029,26.8999996185303,0,0,1.47983753681183,0,50,50,50,0,0,25.5171775817871,20.1775
2026-08-17 07:30:00,2,0,0,2,26.4388093948364,26.5050001144409,26.3999996185303,23,21,30,10,26.859998703003,26.8999996185303,0,1,1.79282373189926,0,73.5,73.5,73.5,0,0,25.5333299636841,20.205
2026-08-17 07:45:00,2,0,0,2,26.3795108795166,26.5,26.3699989318848,23,21,30,10,26.8699989318848,26.8899993896484,0,1,3.00566220283508,0,97,97,97,0,0,25.5564746856689,20.2325
2026-08-17 08:00:00,2,0,0,2,26.3177518844605,26.4949998855591,26.3299999237061,23,21,30,10,26.859998703003,26.8649988174439,0,1,3.08191025257111,0,105,105,105,0,0,25.5558185577393,20.26
2026-08-17 08:15:00,2,0,0,2,26.2627754211426,26.5,26.2999992370605,23,21,30,10,26.8499984741211,26.8499984741211,0,1,2.11436581611633,0,108,108,108,0,0,25.5431213378906,20.29
2026-08-17 08:30:00,2,0,0,2,26.2060070037842,26.4799995422364,26.2649993896484,23,21,30,10,26.7799997329712,26.8099994659424,0,1,3.08016419410706,0,117,117,117,0,0,25.5340766906738,20.32
2026-08-17 08:45:00,2,0,0,2,26.086124420166,26.4499988555908,26.2299995422363,23,21,30,10,26.519998550415,26.7899990081787,0,1,1.4769721031189,0,120,120,120,0,0,25.5074863433838,20.35
2026-08-17 09:00:00,2,0,0,2,26.0159311294556,26.4399995803833,26.2149991989136,23,21,30,10,26.2999992370606,26.7550001144409,0,1,1.79065316915512,0,129,129,129,0,0,25.4757900238037,20.38
2026-08-17 09:15:00,2,0,0,2,25.9757843017578,26.4200000762939,26.1800003051758,23,21,30,10,26,26.7199993133545,0,1,1.48496639728546,0,132,132,132,0,0,25.4552021026611,20.685
2026-08-17 09:30:00,2,0,0,2,25.9446172714234,26.3649997711182,26.164999961853,23,21,30,10,25.8099994659424,26.7049989700318,0,1,2.10847043991089,0,138,138,138,0,0,25.4403514862061,20.99
2026-08-17 09:45:00,2,0,0,2,25.9091739654541,26.2899990081787,26.1499996185303,23,21,30,10,25.5799999237061,26.6800003051758,0,1,1.48644554615021,0,138,138,138,0,0,25.428840637207,21.295
2026-08-17 10:00:00,2,0,0,2,25.8951930999756,26.2049999237061,26.1249990463257,23,21,30,10,25.3049993515015,26.6549997329712,0,1,1.79934769868851,0,147,147,147,0,0,25.3929224014282,21.6
2026-08-17 10:15:00,2,0,0,2,25.8813972473145,26.1399993896484,26.1199989318848,23,21,30,10,25.25,26.6299991607666,0,1,2.11369705200195,0,150,150,150,0,0,25.366662979126,21.9075
2026-08-17 10:30:00,2,0,0,2,25.8530960083008,26.0749998092652,26.1049995422364,23,21,30,10,25.0399999618531,26.6199989318848,0,1,1.79584234952927,0,150,150,150,0,0,25.3573760986328,22.215
2026-08-17 10:45:00,2,0,0,2,25.8575973510742,26.019998550415,26.0799999237061,23,21,30,10,24.8999996185303,26.5799999237061,0,1,2.13729214668274,0,150,150,150,0,0,25.3315677642822,22.5225
2026-08-17 11:00:00,2,0,0,2,25.8402652740479,25.9549989700318,26.0699996948242,23,21,30,10,24.6799993515015,26.5699996948242,0,1,1.79925274848938,0,150,150,150,0,0,25.3160018920899,22.83
2026-08-17 11:15:00,2,0,0,2,25.8245735168457,25.9200000762939,26.0599994659424,23,21,30,10,24.5799999237061,26.5599994659424,0,1,3.11001539230347,0,150,150,150,0,0,25.3058929443359,23.135
2026-08-17 11:30:00,2,0,0,2,25.807713508606,25.8699989318848,26.0599994659424,23,21,30,10,24.4949998855591,26.5449991226196,0,1,3.08598375320435,0,150,150,150,0,0,25.303035736084,23.44
2026-08-17 11:45:00,2,0,0,2,25.7913703918457,25.75,26.0399990081787,23,21,30,10,24.3199996948242,26.5299987792969,0,1,3.32261347770691,0,150,150,150,0,0,25.2932052612305,23.745
2026-08-17 12:00:00,2,0,0,2,25.7806177139282,25.7249994277954,26.0549993515015,23,21,30,10,24.3400001525879,26.519998550415,0,1,3.10637640953064,0,141,141,141,0,0,25.2897615432739,24.05
2026-08-17 12:15:00,2,0,0,2,25.7736434936523,25.6599998474121,26.0399990081787,23,21,30,10,24.2899990081787,26.5100002288818,0,1,3.08432769775391,0,132,132,132,0,0,25.2788219451904,24.3475
2026-08-17 12:30:00,2,0,0,2,25.7673568725586,25.6999988555908,26.0499992370605,23,21,30,10,24.1999988555908,26.5,0,,,,132,,,0,0,25.2762584686279,24.645
2026-08-17 12:45:00,,,,,,,,,,,,,,,1,3.21970009803772,0,,132,132,,,,24.9425
2026-08-17 13:00:00,2,0,0,2,25.7506484985352,25.6299991607666,26.0499992370605,23,21,30,10,24.1499996185303,26.5,0,1,1.93008267879486,0,50,50,50,0,0,25.2815361022949,25.24
2026-08-17 13:15:00,2,0,0,2,25.7308692932129,25.6199989318848,26.0599994659424,23,21,30,10,24.0799999237061,26.519998550415,0,,1.47121894359589,0,50,,,0,0,25.3159122467041,25.5375
2026-08-17 13:30:00,2,0,0,2,25.7290634155274,25.5119998931885,26.0679996490478,23,21,30,10,24.0259990692139,26.5239986419678,0,1,1.8061224937439,0,67.6,64.6666666666667,64.6666666666667,0,0,25.3289440155029,25.835
2026-08-17 13:45:00,2,0,0,2,25.7384471893311,25.4599990844727,26.0599994659424,23,21,30,10,24.0599994659424,26.5299987792969,0,1,4.1313042640686,0,138,138,138,0,0,25.3342132568359,26.1325
2026-08-17 14:00:00,2,0,0,2,25.747953414917,25.5299997329712,26.0549993515015,23,21,30,10,24.0199995040894,26.519998550415,0,1,3.51033437252045,0,141,141,141,0,0,25.3234081268311,26.43
2026-08-17 14:15:00,2,0,0,2,25.7449951171875,25.3999996185303,26.0499992370605,23,21,30,10,23.8999996185303,26.5100002288818,0,1,3.08324551582336,0,144,144,144,0,0,25.3224220275879,26.7275
2026-08-17 14:30:00,2,0,0,2,25.7309341430664,25.4449996948242,26.0399990081787,23,21,30,10,23.8949995040894,26.5149993896484,0,0.5,2.27738904953003,0,144,144,144,0,0,25.3314018249512,27.025
2026-08-17 14:45:00,2,0,0,2,25.7032413482666,25.4099998474121,26.0599994659424,23,21,30,10,23.9200000762939,26.5299987792969,0,0,1.47402119636536,0,144,144,144,0,0,25.368350982666,27.3225
2026-08-17 15:00:00,2,0,0,2,25.7064590454102,25.375,26.0699996948243,23,21,30,10,23.9049997329712,26.5399990081787,0,0,1.4767918586731,0,147,147,147,0,0,25.4292373657227,27.62
2026-08-17 15:15:00,2,0,0,2,25.7266368865967,25.4200000762939,26.0900001525879,23,21,30,10,23.8799991607666,26.5699996948242,0,0,1.47505247592926,0,150,150,150,0,0,25.440486907959,27.415
2026-08-17 15:30:00,2,0,0,2,25.7456865310669,25.3799991607666,26.0999984741211,23,21,30,10,23.8349990844727,26.5849990844727,0,0,1.47499299049378,0,150,150,150,0,0,25.4485683441163,27.21
2026-08-17 15:45:00,2,0,0,2,25.7362365722656,25.3899993896484,26.1099987030029,23,21,30,10,23.8699989318848,26.6099987030029,0,0,1.47624409198761,0,150,150,150,0,0,25.5163421630859,27.005
2026-08-17 16:00:00,2,0,0,2,25.7420263290405,25.3999996185303,26.0999994277954,23,21,30,10,23.8899993896484,26.6149988174439,0,0,1.47678315639496,0,150,150,150,0,0,25.5277833938599,26.8
2026-08-17 16:15:00,2,0,0,2,25.7435111999512,25.3400001525879,26.1199989318848,23,21,30,10,23.9200000762939,26.6299991607666,0,0,1.47406089305878,0,150,150,150,0,0,25.5825176239014,26.5975
2026-08-17 16:30:00,2,0,0,2,25.7493715286255,25.2999992370606,26.1299991607666,23,21,30,10,23.9899997711182,26.6349992752075,0,0,1.4760828614235,0,144,144,144,0,0,25.5822734832764,26.395
2026-08-17 16:45:00,2,0,0,2,25.8109455108643,25.3500003814697,26.1399993896484,23,21,30,10,23.9499988555908,26.6499996185303,0,0,1.47666835784912,0,138,138,138,0,0,25.5262565612793,26.1925
2026-08-17 17:00:00,2,0,0,2,25.8505697250366,25.3299989700318,26.1299991607666,23,21,30,10,24,26.6499996185303,0,0,1.47858035564423,0,138,138,138,0,0,25.5060253143311,25.99
2026-08-17 17:15:00,2,0,0,2,25.8698024749756,25.2899990081787,26.1399993896484,23,21,30,10,24.0799999237061,26.6599998474121,0,0,1.47705221176147,0,138,138,138,0,0,25.507043838501,25.7875
2026-08-17 17:30:00,2,0,0,2,25.8917140960694,25.3249998092652,26.1449995040894,23,21,30,10,24.1199989318848,26.670000076294,0,0,1.48129028081894,0,126,126,126,0,0,25.4895305633545,25.585
2026-08-17 17:45:00,2,0,0,2,25.9214744567871,25.2899990081787,26.1499996185303,23,21,30,10,24.1399993896484,26.6700000762939,0,0,1.47846913337708,0,114,114,114,0,0,25.483190536499,25.3825
2026-08-17 18:00:00,2,0,0,2,25.9396667480469,25.3149995803833,26.1599998474121,23,21,30,10,24.1799993515015,26.6849994659424,0,0,1.47793996334076,0,114,114,114,0,0,25.4709520339966,25.18
2026-08-17 18:15:00,2,0,0,2,25.9653968811035,25.3500003814697,26.1700000762939,23,21,30,10,24.1499996185303,26.689998626709,0,0,1.47653782367706,0,114,114,114,0,0,25.4593925476074,24.97
2026-08-17 18:30:00,2,0,0,2,25.9786176681519,25.3149995803833,26.1799993515015,23,21,30,10,24.2199993133545,26.6949987411499,0,0,1.47857946157456,0,82,82,82,0,0,25.4685974121094,24.76
2026-08-17 18:45:00,2,0,0,2,25.9982662200928,25.2299995422363,26.1800003051758,23,21,30,10,24.3500003814697,26.6999988555908,0,0,1.47761571407318,0,50,50,50,0,0,25.4656505584717,24.55
2026-08-17 19:00:00,2,0,0,2,26.0189371109009,25.2799997329712,26.1999988555908,23,21,30,10,24.2899990081787,26.7049989700318,0,0,1.47702121734619,0,50,50,50,0,0,25.4645338058472,24.34
2026-08-17 19:15:00,2,0,0,2,26.0330333709717,25.2799987792969,26.1999988555908,23,21,30,10,24.3400001525879,26.7099990844727,0,0,1.48245143890381,0,50,50,50,0,0,25.4651508331299,24.13
2026-08-17 19:30:00,2,0,0,2,26.0442800521851,25.3399991989136,26.2149991989136,23,21,30,10,24.3749990463257,26.7149991989136,0,0,1.47703272104264,0,50,50,50,0,0,25.4685955047608,23.92
2026-08-17 19:45:00,2,0,0,2,26.0588569641113,25.3500003814697,26.2199993133545,23,21,30,10,24.3899993896484,26.7199993133545,0,0,1.47868180274963,0,50,50,50,0,0,25.4668731689453,23.71
2026-08-17 20:00:00,2,0,0,2,26.0638523101807,25.2999992370606,26.2299995422363,23,21,30,10,24.4499998092652,26.7249994277954,0,0,1.47642630338669,0,50,50,50,0,0,25.4744281768799,23.5
2026-08-17 20:15:00,2,0,0,2,26.0683574676514,25.3299999237061,26.2399997711182,23,21,30,10,24.439998626709,26.7299995422363,0,0,1.47791528701782,0,50,50,50,0,0,25.4759769439697,23.2875
2026-08-17 20:30:00,2,0,0,2,26.092399597168,25.3099994659424,26.2199993133545,23,21,30,10,24.5049991607666,26.7149991989136,0,0,1.47874003648758,0,50,50,50,0,0,25.475570678711,23.075
2026-08-17 20:45:00,2,0,0,2,26.1070556640625,25.3199996948242,26.2399997711182,23,21,30,10,24.5100002288818,26.7299995422363,0,0,1.47908508777618,0,50,50,50,0,0,25.4749736785889,22.8625
2026-08-17 21:00:00,2,0,0,2,26.1138973236084,25.3849992752076,26.2399997711182,23,21,30,10,24.5900001525879,26.7199993133545,0,0,1.47714602947235,0,50,50,50,0,0,25.4733238220215,22.65
2026-08-17 21:15:00,2,0,0,2,26.1285762786865,25.3199996948242,26.2399997711182,23,21,30,10,24.6499996185303,26.7199993133545,0,0,1.48105037212372,0,50,50,50,0,0,25.4775867462158,22.505
2026-08-17 21:30:00,2,0,0,2,26.148832321167,25.3049993515015,26.2550001144409,23,21,30,10,24.6849994659424,26.7099990844727,0,0,1.47891259193421,0,50,50,50,0,0,25.4759845733643,22.36
2026-08-17 21:45:00,2,0,0,2,26.1570644378662,25.3699989318848,26.2600002288818,23,21,30,10,24.6999988555908,26.7299995422363,0,0,1.47919273376465,0,50,50,50,0,0,25.4799118041992,22.215
2026-08-17 22:00:00,2,0,0,2,26.172067642212,25.4049997329712,26.2649993896484,23,21,30,10,24.7150001525879,26.7349996566773,0,0,1.47944152355194,0,50,50,50,0,0,25.4778747558594,22.07
2026-08-17 22:15:00,2,0,0,2,26.1731052398682,25.3699989318848,26.25,23,21,30,10,24.7099990844727,26.7299995422363,0,0,1.47993671894073,0,50,50,50,0,0,25.4802417755127,21.9225
2026-08-17 22:30:00,2,0,0,2,26.1842021942139,25.4049997329712,26.2550001144409,23,21,30,10,24.7499990463257,26.7299995422364,0,0,1.48032093048096,0,50,50,50,0,0,25.4827585220337,21.775
2026-08-17 22:45:00,2,0,0,2,26.1942024230957,25.4499988555908,26.269998550415,23,21,30,10,24.8199996948242,26.7299995422363,0,0,1.47977530956268,0,50,50,50,0,0,25.479133605957,21.6275
2026-08-17 23:00:00,2,0,0,2,26.2025003433228,25.4349994659424,26.2799987792969,23,21,30,10,24.8000001907349,26.7349996566773,0,0,1.47707277536393,0,50,50,50,0,0,25.4828443527222,21.48
2026-08-17 23:15:00,2,0,0,2,26.209321975708,25.3899993896484,26.269998550415,23,21,30,10,24.8299999237061,26.7299995422363,0,0,1.48090255260468,0,50,50,50,0,0,25.4897155761719,21.3325
2026-08-17 23:30:00,2,0,0,2,26.218544960022,25.4099998474121,26.2799987792969,23,21,30,10,24.8599996566773,26.7449998855591,0,0,1.47453814744949,0,50,50,50,0,0,25.4893646240235,21.185
2026-08-17 23:45:00,2,0,0,2,26.2251052856445,25.3799991607666,26.2899990081787,23,21,30,10,24.8999996185303,26.7399997711182,0,0,1.4780398607254,0,50,50,50,0,0,25.4902420043945,21.0375
2026-08-18 00:00:00,2,0,0,2,26.2282114028931,25.4349994659424,26.2849988937378,23,21,30,10,24.9649991989136,26.7399997711182,0,0,1.47690725326539,0,50,50,50,0,0,25.4922075271607,19.93
2026-08-18 00:15:00,2,0,0,2,26.2346057891846,25.4599990844727,26.2899990081787,23,21,30,10,24.9599990844727,26.7399997711182,0,0,1.47738921642303,0,50,50,50,0,0,25.4955673217773,19.88
2026-08-18 00:30:00,2,0,0,2,26.2452983856201,25.4699993133545,26.2849988937378,23,21,30,10,24.9799995422364,26.75,0,0,1.47725450992585,0,50,50,50,0,0,25.4983568191528,19.83
2026-08-18 00:45:00,2,0,0,2,26.2489547729492,25.5,26.2799987792969,23,21,30,10,24.9699993133545,26.75,0,0,1.47690868377686,0,50,50,50,0,0,25.5000343322754,19.78
2026-08-18 01:00:00,2,0,0,2,26.2534837722779,25.4649991989136,26.2899990081787,23,21,30,10,25.0349988937378,26.7399997711182,0,0,1.47877061367035,0,50,50,50,0,0,25.4996919631958,19.73
2026-08-18 01:15:00,2,0,0,2,26.2515640258789,25.4899997711182,26.2999992370605,23,21,30,10,25.0599994659424,26.75,0,0,1.47878921031952,0,50,50,50,0,0,25.4998645782471,19.6825
2026-08-18 01:30:00,2,0,0,2,26.2659931182861,25.4899997711182,26.2999992370605,23,21,30,10,25.0900001525879,26.7550001144409,0,0,1.47778236865998,0,50,50,50,0,0,25.5021419525147,19.635
2026-08-18 01:45:00,2,0,0,2,26.2733573913574,25.5299987792969,26.2899990081787,23,21,30,10,25.0900001525879,26.7600002288818,0,0,1.4764803647995,0,50,50,50,0,0,25.5028686523438,19.5875
2026-08-18 02:00:00,2,0,0,2,26.2794818878174,25.524998664856,26.3049993515015,23,21,30,10,25.1499996185303,26.7600002288818,0,0,1.47638726234436,0,50,50,50,0,0,25.5033016204834,19.54
2026-08-18 02:15:00,2,0,0,2,26.2829093933105,25.5399990081787,26.3099994659424,23,21,30,10,25.1999988555908,26.7600002288818,0,0,1.47860658168793,0,50,50,50,0,0,25.5062732696533,19.49
2026-08-18 02:30:00,2,0,0,2,26.2854204177857,25.5349988937378,26.3149995803833,23,21,30,10,25.1549997329712,26.7649993896484,0,0,1.47669291496277,0,50,50,50,0,0,25.5045804977417,19.44
2026-08-18 02:45:00,2,0,0,2,26.2910175323486,25.5699996948242,26.3099994659424,23,21,30,10,25.1700000762939,26.7600002288818,0,0,1.47908663749695,0,50,50,50,0,0,25.5105457305908,19.39
2026-08-18 03:00:00,2,0,0,2,26.2949371337891,25.5799999237061,26.3099994659424,23,21,30,10,25.2349996566773,26.7649993896484,0,0,1.47929149866104,0,50,50,50,0,0,25.512433052063,19.34
2026-08-18 03:15:00,2,0,0,2,26.3027381896973,25.5599994659424,26.3199996948242,23,21,30,10,25.3099994659424,26.7649993896484,0,0,1.48981875181198,0,50,50,50,0,0,25.5172910690308,19.3225
2026-08-18 03:30:00,2,0,0,2,26.3039436340332,25.5900001525879,26.2999992370605,23,21,30,10,25.269998550415,26.769998550415,0,0,1.48156142234802,0,50,50,50,0,0,25.5157833099365,19.305
2026-08-18 03:45:00,2,0,0,2,26.3050870895386,25.6149988174439,26.3149995803833,23,21,30,10,25.2999992370606,26.769998550415,0,0,1.46901774406433,0,50,50,50,0,0,25.5187711715698,19.2875
2026-08-18 04:00:00,2,0,0,2,26.3098678588867,25.6199989318848,26.3099994659424,23,21,30,10,25.3299999237061,26.7600002288818,0,0,1.46372723579407,0,50,50,50,0,0,25.5236225128174,19.27
2026-08-18 04:15:00,2,0,0,2,26.3144083023072,25.6199989318848,26.3199996948243,23,21,30,10,25.3649988174439,26.769998550415,0,0,1.46852260828019,0,50,50,50,0,0,25.5227088928223,19.2525
2026-08-18 04:30:00,2,0,0,2,26.3188953399658,25.6399993896484,26.3099994659424,23,21,30,10,25.3599987030029,26.769998550415,0,0,1.46438431739807,0,50,50,50,0,0,25.5240802764893,19.235
2026-08-18 04:45:00,2,0,0,2,26.3223533630371,25.664999961853,26.3299999237061,23,21,30,10,25.420000076294,26.774998664856,0,0,1.46620088815689,0,50,50,50,0,0,25.5288181304932,19.2175
2026-08-18 05:00:00,2,0,0,2,26.3228607177734,25.6499996185303,26.3299999237061,23,21,30,10,25.4200000762939,26.769998550415,0,0,1.46174621582031,0,50,50,50,0,0,25.5343399047852,19.2
2026-08-18 05:15:00,2,0,0,2,26.3201265335083,25.6700000762939,26.3299999237061,23,21,30,10,25.4549999237061,26.774998664856,0,0,1.46703058481217,0,50,50,50,0,0,25.5409259796143,19.18
2026-08-18 05:30:00,2,0,0,2,26.3215084075928,25.6700000762939,26.3299999237061,23,21,30,10,25.4699993133545,26.7899990081787,0,0,1.46517598628998,0,50,50,50,0,0,25.5393943786621,19.16
2026-08-18 05:45:00,2,0,0,2,26.3223152160645,25.6800003051758,26.335000038147,23,21,30,10,25.5149993896485,26.7799987792969,0,0,1.46967422962189,0,50,50,50,0,0,25.5411357879639,19.14
2026-08-18 06:00:00,2,0,0,2,26.3244495391846,25.6800003051758,26.3400001525879,23,21,30,10,25.519998550415,26.7799987792969,0,0,1.46560180187225,0,50,50,50,0,0,25.5425643920898,19.12
2026-08-18 06:15:00,2,0,0,2,26.3284397125244,25.6800003051758,26.335000038147,23,21,30,10,25.5499992370606,26.7899990081787,0,0,1.46678191423416,0,50,50,50,0,0,25.5435628890991,19.1475
2026-08-18 06:30:00,2,0,0,2,26.330530166626,25.6999988555908,26.3299999237061,23,21,30,10,25.5399990081787,26.7799987792969,0,0,1.46561372280121,0,50,50,50,0,0,25.5461235046387,19.175
2026-08-18 06:45:00,2,0,0,2,26.3428258895874,25.7149991989136,26.3449993133545,23,21,30,10,25.5649995803833,26.7899990081787,0,0,1.46829998493195,0,50,50,50,0,0,25.543893814087,19.2025
2026-08-18 07:00:00,2,0,0,2,26.3533306121826,25.7299995422363,26.3400001525879,23,21,30,10,25.5799999237061,26.7999992370605,0,0,1.46748018264771,0,50,50,50,0,0,25.5421466827393,19.23
2026-08-18 07:15:00,2,0,0,2,26.3518438339234,25.7299995422364,26.3400001525879,23,21,30,10,25.609998703003,26.7849988937378,0,0.5,1.46688121557236,0,50,50,50,0,0,25.5523729324341,19.2575
2026-08-18 07:30:00,2,0,0,2,26.2545394897461,25.769998550415,26.3400001525879,23,21,30,10,25.6399993896484,26.7899990081787,0,1,2.09159016609192,0,50,50,50,0,0,25.5940208435059,19.285
2026-08-18 07:45:00,2,0,0,2,26.1680269241333,25.7799987792969,26.3249998092652,23,21,30,10,25.6899995803833,26.7899990081787,0,1,3.06806063652039,0,99.5,97,99.5,0,0,25.6008491516114,19.3125
2026-08-18 08:00:00,2,0,0,2,26.1162281036377,25.769998550415,26.2899990081787,23,21,30,10,25.689998626709,26.7799987792969,0,1,4.10811424255371,0,102,102,102,0,0,25.501953125,19.34
2026-08-18 08:15:00,2,0,0,2,26.1004123687745,25.774998664856,26.2699995040894,23,21,30,10,25.6849994659424,26.7549991607666,0,1,3.88265228271485,0,111,108,111,0,0,25.4517793655396,19.3675
2026-08-18 08:30:00,2,0,0,2,26.0879535675049,25.769998550415,26.25,23,21,30,10,25.6399993896484,26.6999988555908,0,1,4.10892009735107,0,114,114,114,0,0,25.4263515472412,19.395
2026-08-18 08:45:00,2,0,0,2,26.014105796814,25.7649993896484,26.1999988555909,23,21,30,10,25.3800001144409,26.670000076294,0,1,2.57875084877014,0,123,123,123,0,0,25.3429956436157,19.4225
2026-08-18 09:00:00,2,0,0,2,25.96240234375,25.75,26.1800003051758,23,21,30,10,25.25,26.6499996185303,0,1,1.46856081485748,0,126,126,126,0,0,25.2788028717041,19.45
2026-08-18 09:15:00,2,0,0,2,25.9301118850708,25.7299995422363,26.1649999618531,23,21,30,10,25.0899991989136,26.6249990463257,0,1,1.78462791442871,0,132,135,132,0,0,25.2528581619263,19.725
2026-08-18 09:30:00,2,0,0,2,25.9038906097412,25.7199993133545,26.1499996185303,23,21,30,10,24.9499988555908,26.5999984741211,0,1,1.47756934165955,0,138,138,138,0,0,25.2344856262207,20
2026-08-18 09:45:00,2,0,0,2,25.8954582214356,25.6899995803833,26.1399993896484,23,21,30,10,24.8249998092652,26.5799999237061,0,1,1.47034347057343,0,141,138,141,0,0,25.2666921615601,20.275
2026-08-18 10:00:00,2,0,0,2,25.8789348602295,25.6299991607666,26.1299991607666,23,21,30,10,24.6999988555908,26.5699996948242,0,1,2.09665632247925,0,144,144,144,0,0,25.2868309020996,20.55
2026-08-18 10:15:00,2,0,0,2,25.8887929916382,25.6199989318848,26.1149988174439,23,21,30,10,24.5699996948242,26.5549993515015,0,1,1.78535747528076,0,150,150,150,0,0,25.3158950805664,20.8275
2026-08-18 10:30:00,2,0,0,2,25.8813381195068,25.5999984741211,26.1099987030029,23,21,30,10,24.4599990844727,26.5599994659424,0,1,1.47442817687988,0,150,150,150,0,0,25.3212871551514,21.105
2026-08-18 10:45:00,2,0,0,2,25.8661556243897,25.5699996948243,26.0999984741211,23,21,30,10,24.3999996185303,26.5449991226196,0,1,2.09523475170136,0,150,150,150,0,0,25.3233556747437,21.3825
2026-08-18 11:00:00,2,0,0,2,25.8440818786621,25.5100002288818,26.0900001525879,23,21,30,10,24.269998550415,26.5399990081787,0,1,3.0670645236969,0,150,150,150,0,0,25.3271217346191,21.66
2026-08-18 11:15:00,2,0,0,2,25.8233604431152,25.4549989700318,26.085000038147,23,21,30,10,24.2599992752075,26.5349988937378,0,1,3.56400620937347,0,150,150,150,0,0,25.3218965530396,21.9375
2026-08-18 11:30:00,2,0,0,2,25.8057498931885,25.4699993133545,26.0699996948242,23,21,30,10,24.2099990844727,26.5299987792969,0,1,1.46172392368317,0,150,150,150,0,0,25.322774887085,22.215
2026-08-18 11:45:00,2,0,0,2,25.7850370407105,25.4699993133545,26.0649995803833,23,21,30,10,24.0849990844727,26.5349988937378,0,1,3.06405365467072,0,150,150,150,0,0,25.3234949111939,22.4925
2026-08-18 12:00:00,2,0,0,2,25.7672214508057,25.3999996185303,26.0699996948242,23,21,30,10,24.1099987030029,26.5299987792969,0,1,3.0654125213623,0,150,150,150,0,0,25.3208503723145,22.77
2026-08-18 12:15:00,2,0,0,2,25.7537755966187,25.3800001144409,26.0649995803833,23,21,30,10,24.0049991607666,26.5349988937378,0,1,3.06161046028138,0,132,132,132,0,0,25.3206949234009,23.03
2026-08-18 12:30:00,2,0,0,2,25.7422924041748,25.439998626709,26.0499992370605,23,21,30,10,24.0100002288818,26.5299987792969,0,1,2.09411215782166,0,132,132,132,0,0,25.3187713623047,23.29
2026-08-18 12:45:00,2,0,0,2,25.7316360473633,25.3850002288818,26.0649995803833,23,21,30,10,23.9899988174439,26.5299987792969,0,1,1.46045225858689,0,50,50,50,0,0,25.3317556381226,23.55
2026-08-18 13:00:00,2,0,0,2,25.7196884155273,25.2799987792969,26.0699996948242,23,21,30,10,23.8899993896484,26.5399990081787,0,1,1.46578800678253,0,50,50,50,0,0,25.3488731384277,23.81
2026-08-18 13:15:00,2,0,0,2,25.7220325469971,25.3299999237061,26.0749998092652,23,21,30,10,23.9199991226197,26.5549993515015,0,1,1.45680266618729,0,50,50,50,0,0,25.3702077865601,24.07
2026-08-18 13:30:00,2,0,0,2,25.7262229919434,25.2899990081787,26.0900001525879,23,21,30,10,23.9499988555908,26.5499992370605,0,1,1.45137155056,0,50,50,50,0,0,25.3889427185059,24.33
2026-08-18 13:45:00,2,0,0,2,25.7276248931885,25.3299999237061,26.0949993133545,23,21,30,10,23.8699998855591,26.5549993515015,0,1,3.14325940608978,0,138,138,138,0,0,25.3845453262329,24.59
2026-08-18 14:00:00,2,0,0,2,25.7292194366455,25.2600002288818,26.0799999237061,23,21,30,10,23.9200000762939,26.5699996948242,0,1,4.12749052047729,0,138,138,138,0,0,25.3812980651855,24.85
2026-08-18 14:15:00,2,0,0,2,25.720685005188,25.2049989700318,26.0699996948242,23,21,30,10,23.7899999618531,26.5499992370605,0,1,3.60630679130555,0,144,144,144,0,0,25.3824539184571,25.11
2026-08-18 14:30:00,2,0,0,2,25.7185668945312,25.2899990081787,26.0900001525879,23,21,30,10,23.75,26.5499992370605,0,1,4.12535524368286,0,144,144,144,0,0,25.3774471282959,25.37
2026-08-18 14:45:00,2,0,0,2,25.7059535980225,25.2899990081787,26.0900001525879,23,21,30,10,23.7249994277955,26.5649995803833,0,0,1.47923314571381,0,144,144,144,0,0,25.4488687515259,25.63
2026-08-18 15:00:00,2,0,0,2,25.7127208709717,25.1800003051758,26.1099987030029,23,21,30,10,23.8400001525879,26.5900001525879,0,0,1.47349917888641,0,144,144,144,0,0,25.5240535736084,25.89
2026-08-18 15:15:00,2,0,0,2,25.73184299469,25.1999998092651,26.1149988174439,23,21,30,10,23.7099990844727,26.604998588562,0,0,1.48105907440186,0,150,150,150,0,0,25.5337038040161,25.7825
2026-08-18 15:30:00,2,0,0,2,25.7564067840576,25.2399997711182,26.1299991607666,23,21,30,10,23.6800003051758,26.6199989318848,0,0,1.48481869697571,0,150,150,150,0,0,25.5197563171387,25.675
2026-08-18 15:45:00,2,0,0,2,25.7658843994141,25.2649993896485,26.1299991607666,23,21,30,10,23.7399997711182,26.6299991607666,0,0,1.48420476913453,0,150,150,150,0,0,25.5579853057862,25.5675
2026-08-18 16:00:00,2,0,0,2,25.7742347717285,25.2799987792969,26.1499996185303,23,21,30,10,23.8899993896484,26.6399993896484,0,0,1.47991979122162,0,150,150,150,0,0,25.5961894989014,25.46
2026-08-18 16:15:00,2,0,0,2,25.7798080444336,25.2549991607666,26.1449995040894,23,21,30,10,23.7349996566773,26.6449995040894,0,0,1.48625183105469,0,150,150,150,0,0,25.6092681884766,25.3525
2026-08-18 16:30:00,2,0,0,2,25.7886409759521,25.2600002288818,26.1499996185303,23,21,30,10,23.7799987792969,26.6499996185303,0,0,1.48455667495728,0,150,150,150,0,0,25.6359119415283,25.245
2026-08-18 16:45:00,2,0,0,2,25.8237161636353,25.2299995422364,26.1549997329712,23,21,30,10,23.8400001525879,26.6499996185303,0,0,1.48798704147339,0,138,138,138,0,0,25.6093311309815,25.1375
2026-08-18 17:00:00,2,0,0,2,25.8624095916748,25.1800003051758,26.1700000762939,23,21,30,10,23.7799987792969,26.6599998474121,0,0,1.48526585102081,0,138,138,138,0,0,25.5615692138672,25.03
2026-08-18 17:15:00,2,0,0,2,25.8840026855469,25.2299995422364,26.1750001907349,23,21,30,10,23.8049993515015,26.664999961853,0,0,1.48716670274735,0,138,138,138,0,0,25.5501775741577,24.9225
2026-08-18 17:30:00,2,0,0,2,25.9057273864746,25.2600002288818,26.1800003051758,23,21,30,10,23.8699989318848,26.6700000762939,0,0,1.48111569881439,0,138,138,138,0,0,25.5377101898193,24.815
2026-08-18 17:45:00,2,0,0,2,25.9304780960083,25.1699991226197,26.1800003051758,23,21,30,10,23.8499994277954,26.6800003051758,0,0,1.48442447185517,0,114,114,114,0,0,25.5309839248658,24.7075
2026-08-18 18:00:00,2,0,0,2,25.9498538970947,25.2299995422363,26.1999988555908,23,21,30,10,23.9099998474121,26.6800003051758,0,0,1.48441660404205,0,114,114,114,0,0,25.5179634094238,24.6
2026-08-18 18:15:00,2,0,0,2,25.967776298523,25.2449998855591,26.2049989700318,23,21,30,10,23.9799995422364,26.6849994659424,0,0,1.48772835731507,0,114,114,114,0,0,25.5137424468995,24.4075
2026-08-18 18:30:00,2,0,0,2,25.9880065917969,25.1700000762939,26.2299995422363,23,21,30,10,24.0599994659424,26.689998626709,0,0,1.48560380935669,0,114,114,114,0,0,25.5106735229492,24.215
2026-08-18 18:45:00,2,0,0,2,26.0062246322632,25.1949996948242,26.2199993133545,23,21,30,10,24.0049991607666,26.7149991989136,0,0,1.48936414718628,0,50,50,50,0,0,25.5104513168335,24.0225
2026-08-18 19:00:00,2,0,0,2,26.0230350494385,25.1499996185303,26.2399997711182,23,21,30,10,24.0299987792969,26.7199993133545,0,0,1.48842644691467,0,50,50,50,0,0,25.5148391723633,23.83
2026-08-18 19:15:00,2,0,0,2,26.0377578735352,25.2399997711182,26.2449998855591,23,21,30,10,24.1699991226196,26.7249994277954,0,0,1.48578411340714,0,50,50,50,0,0,25.5169706344605,23.6375
2026-08-18 19:30:00,2,0,0,2,26.0536193847656,25.2799987792969,26.25,23,21,30,10,24.1499996185303,26.7399997711182,0,0,1.48807513713837,0,50,50,50,0,0,25.5273571014404,23.445
2026-08-18 19:45:00,2,0,0,2,26.0727634429932,25.2549991607666,26.25,23,21,30,10,24.1649999618531,26.7349996566773,0,0,1.48622959852219,0,50,50,50,0,0,25.5260362625122,23.2525
2026-08-18 20:00:00,2,0,0,2,26.0888957977295,25.1800003051758,26.25,23,21,30,10,24.1499996185303,26.75,0,0,1.48472392559052,0,50,50,50,0,0,25.5293388366699,23.06
2026-08-18 20:15:00,2,0,0,2,26.1015596389771,25.2549991607666,26.2649993896484,23,21,30,10,24.2449998855591,26.75,0,0,1.48648226261139,0,50,50,50,0,0,25.5324287414551,22.865
2026-08-18 20:30:00,2,0,0,2,26.1193008422852,25.3099994659424,26.269998550415,23,21,30,10,24.269998550415,26.75,0,0,1.48893415927887,0,50,50,50,0,0,25.5344066619873,22.67
2026-08-18 20:45:00,2,0,0,2,26.1371946334839,25.2649993896484,26.2649993896484,23,21,30,10,24.3249998092652,26.7550001144409,0,0,1.48329889774323,0,50,50,50,0,0,25.5329647064209,22.475
2026-08-18 21:00:00,2,0,0,2,26.149227142334,25.25,26.269998550415,23,21,30,10,24.3999996185303,26.7600002288818,0,0,1.48814034461975,0,50,50,50,0,0,25.5408611297607,22.28
2026-08-18 21:15:00,2,0,0,2,26.1632137298584,25.2849998474121,26.2899990081787,23,21,30,10,24.4099998474121,26.769998550415,0,0,1.48606067895889,0,50,50,50,0,0,25.5406188964844,22.215
2026-08-18 21:30:00,2,0,0,2,26.1791381835938,25.3199996948242,26.2899990081787,23,21,30,10,24.4899997711182,26.7600002288818,0,0,1.48827922344208,0,50,50,50,0,0,25.5435600280762,22.15
2026-08-18 21:45:00,2,0,0,2,26.1903438568116,25.3699989318848,26.2899990081787,23,21,30,10,24.4799995422363,26.774998664856,0,0,1.48517972230911,0,50,50,50,0,0,25.5449581146241,22.085
2026-08-18 22:00:00,2,0,0,2,26.2016429901123,25.3400001525879,26.3099994659424,23,21,30,10,24.4699993133545,26.7899990081787,0,0,1.48497831821442,0,50,50,50,0,0,25.5493717193604,22.02
2026-08-18 22:15:00,2,0,0,2,26.2132425308228,25.3699998855591,26.2999992370605,23,21,30,10,24.5499992370606,26.7849988937378,0,0,1.48906487226487,0,50,50,50,0,0,25.5540151596069,21.955
2026-08-18 22:30:00,2,0,0,2,26.2223072052002,25.3699989318848,26.3199996948242,23,21,30,10,24.5299987792969,26.7799987792969,0,0,1.48764383792877,0,50,50,50,0,0,25.5561389923096,21.89
2026-08-18 22:45:00,2,0,0,2,26.2339773178101,25.3249998092652,26.3199996948242,23,21,30,10,24.5549993515015,26.7849988937378,0,0,1.48429638147354,0,50,50,50,0,0,25.5593614578247,21.825
2026-08-18 23:00:00,2,0,0,2,26.2453479766846,25.3500003814697,26.3299999237061,23,21,30,10,24.6299991607666,26.7899990081787,0,0,1.48621368408203,0,50,50,50,0,0,25.557767868042,21.76
2026-08-18 23:15:00,2,0,0,2,26.2535352706909,25.3949995040894,26.3299999237061,23,21,30,10,24.6350002288819,26.7949991226196,0,0,1.48553657531739,0,50,50,50,0,0,25.5639905929566,21.695
2026-08-18 23:30:00,2,0,0,2,26.2633628845215,25.3899993896484,26.3299999237061,23,21,30,10,24.7399997711182,26.7999992370605,0,0,1.48951888084412,0,50,50,50,0,0,25.5708084106445,21.63
2026-08-18 23:45:00,2,0,0,2,26.2688121795655,25.4250001907349,26.3449993133545,23,21,30,10,24.7449989318848,26.7999992370605,0,0,1.49579775333405,0,50,50,50,0,0,25.5751581192017,21.565
2026-08-19 00:00:00,2,0,0,2,26.2733840942383,25.3899993896484,26.3499984741211,23,21,30,10,24.7799987792969,26.8099994659424,0,0,1.47876536846161,0,50,50,50,0,0,25.5788841247559,19.78
2026-08-19 00:15:00,2,0,0,2,26.2812585830689,25.4149990081787,26.3499984741211,23,21,30,10,24.769998550415,26.8099994659424,0,0,1.47743451595307,0,50,50,50,0,0,25.5828723907471,19.7775
2026-08-19 00:30:00,2,0,0,2,26.287899017334,25.4799995422363,26.3499984741211,23,21,30,10,24.8199996948242,26.8099994659424,0,0,1.47862696647644,0,50,50,50,0,0,25.5852603912354,19.775
2026-08-19 00:45:00,2,0,0,2,26.3033475875855,25.4549999237061,26.3599987030029,23,21,30,10,24.8599996566773,26.8149995803833,0,0,1.47631001472473,0,50,50,50,0,0,25.5812292098999,19.7725
2026-08-19 01:00:00,2,0,0,2,26.3074226379395,25.4799995422363,26.3599987030029,23,21,30,10,24.8799991607666,26.8199996948242,0,0,1.47672665119171,0,50,50,50,0,0,25.588207244873,19.77
2026-08-19 01:15:00,2,0,0,2,26.3160772323608,25.4899988174439,26.3699989318848,23,21,30,10,24.9449987411499,26.8199996948243,0,0,1.47723096609116,0,50,50,50,0,0,25.5861291885376,19.77
2026-08-19 01:30:00,2,0,0,2,26.3232612609863,25.5299987792969,26.3799991607666,23,21,30,10,24.939998626709,26.8299999237061,0,0,1.47825372219086,0,50,50,50,0,0,25.5907611846924,19.77
2026-08-19 01:45:00,2,0,0,2,26.327410697937,25.5199995040894,26.3749990463257,23,21,30,10,24.9899997711182,26.835000038147,0,0,1.47731214761734,0,50,50,50,0,0,25.5936365127564,19.77
2026-08-19 02:00:00,2,0,0,2,26.3349723815918,25.5599994659424,26.3699989318848,23,21,30,10,25.019998550415,26.8400001525879,0,0,1.4797021150589,0,50,50,50,0,0,25.5920543670654,19.77
2026-08-19 02:15:00,2,0,0,2,26.3397636413574,25.5499992370606,26.3899993896484,23,21,30,10,25.045000076294,26.8449993133545,0,0,1.47828328609467,0,50,50,50,0,0,25.5998725891114,19.77
2026-08-19 02:30:00,2,0,0,2,26.3459930419922,25.5399990081787,26.3999996185303,23,21,30,10,25.1299991607666,26.8499984741211,0,0,1.48083090782166,0,50,50,50,0,0,25.5998630523682,19.77
2026-08-19 02:45:00,2,0,0,2,26.3556776046753,25.5799999237061,26.3949995040894,23,21,30,10,25.1000003814697,26.8449993133545,0,0,1.47684502601624,0,50,50,50,0,0,25.5992374420166,19.77
2026-08-19 03:00:00,2,0,0,2,26.3610382080078,25.5799999237061,26.3999996185303,23,21,30,10,25.1199989318848,26.8599987030029,0,0,1.47716176509857,0,50,50,50,0,0,25.6059284210205,19.77
2026-08-19 03:15:00,2,0,0,2,26.3680610656739,25.6049995422364,26.4049997329712,23,21,30,10,25.1999998092652,26.8649988174439,0,0,1.4791744351387,0,50,50,50,0,0,25.6083583831787,19.7925
2026-08-19 03:30:00,2,0,0,2,26.3740386962891,25.5999984741211,26.3999996185303,23,21,30,10,25.1800003051758,26.8799991607666,0,0,1.48159062862396,0,50,50,50,0,0,25.6100616455078,19.815
2026-08-19 03:45:00,2,0,0,2,26.3799343109131,25.6449995040894,26.4099998474121,23,21,30,10,25.2149991989136,26.8699989318848,0,0,1.47915959358216,0,50,50,50,0,0,25.6156482696533,19.8375
2026-08-19 04:00:00,2,0,0,2,26.3811016082764,25.6399993896484,26.4200000762939,23,21,30,10,25.2299995422363,26.8699989318848,0,0,1.47711074352264,0,50,50,50,0,0,25.6192836761475,19.86
2026-08-19 04:15:00,2,0,0,2,26.3891277313232,25.6249990463257,26.4099998474121,23,21,30,10,25.2849998474121,26.8849992752075,0,0,1.47963690757752,0,50,50,50,0,0,25.6206541061402,19.88
2026-08-19 04:30:00,2,0,0,2,26.3972873687744,25.6599998474121,26.4200000762939,23,21,30,10,25.25,26.8799991607666,0,0,1.48009645938873,0,50,50,50,0,0,25.6234226226807,19.9
2026-08-19 04:45:00,2,0,0,2,26.4036417007447,25.664999961853,26.4300003051758,23,21,30,10,25.3049993515015,26.8799991607666,0,0,1.47946834564209,0,50,50,50,0,0,25.6258573532105,19.92
2026-08-19 05:00:00,2,0,0,2,26.4093246459961,25.6499996185303,26.4200000762939,23,21,30,10,25.3199996948242,26.8899993896484,0,0,1.47778701782227,0,50,50,50,0,0,25.6300106048584,19.94
2026-08-19 05:15:00,2,0,0,2,26.417236328125,25.6800003051758,26.4300003051758,23,21,30,10,25.3699989318848,26.8999996185303,0,0,1.47713828086853,0,50,50,50,0,0,25.6312885284424,19.9625
2026-08-19 05:30:00,2,0,0,2,26.4202156066895,25.7199993133545,26.4300003051758,23,21,30,10,25.3899993896484,26.8899993896484,0,0,1.47627830505371,0,50,50,50,0,0,25.6340007781982,19.985
2026-08-19 05:45:00,2,0,0,2,26.420708656311,25.7249994277955,26.4449987411499,23,21,30,10,25.4249992370606,26.8999996185303,0,0,1.47520536184311,0,50,50,50,0,0,25.64053440094,20.0075
2026-08-19 06:00:00,2,0,0,2,26.4268074035645,25.7399997711182,26.439998626709,23,21,30,10,25.4699993133545,26.8999996185303,0,0,1.47680413722992,0,50,50,50,0,0,25.6480312347412,20.03
2026-08-19 06:15:00,2,0,0,2,26.4420385360718,25.7550001144409,26.4399995803833,23,21,30,10,25.4849987030029,26.8949995040894,0,0,1.47836834192276,0,50,50,50,0,0,25.6532869338989,20.065
2026-08-19 06:30:00,2,0,0,2,26.4499664306641,25.75,26.4499988555908,23,21,30,10,25.5,26.9099998474121,0,0,1.47582793235779,0,50,50,50,0,0,25.6559219360352,20.1
2026-08-19 06:45:00,2,0,0,2,26.4566268920899,25.7699995040894,26.4649991989136,23,21,30,10,25.5549993515015,26.9049997329712,0,0,1.47899425029755,0,50,50,50,0,0,25.6558456420899,20.135
2026-08-19 07:00:00,2,0,0,2,26.4638538360596,25.7899990081787,26.4599990844727,23,21,30,10,25.5399990081787,26.9200000762939,0,0,1.47679781913757,0,50,50,50,0,0,25.6656837463379,20.17
2026-08-19 07:15:00,2,0,0,2,26.4733219146729,25.8049993515015,26.4599990844727,23,21,30,10,25.5599994659424,26.914999961853,0,0,1.48101556301117,0,50,50,50,0,0,25.6630611419678,20.2025
2026-08-19 07:30:00,2,0,0,2,26.4783668518066,25.8099994659424,26.4599990844727,23,21,30,10,25.5799999237061,26.9200000762939,0,0,1.47348117828369,0,50,50,50,0,0,25.6739692687988,20.235
2026-08-19 07:45:00,2,0,0,2,26.478443145752,25.8199987411499,26.4799995422363,23,21,30,10,25.6399993896484,26.9250001907349,0,0,2.59159660339356,0,88,88,88,0,0,25.6878700256348,20.2675
2026-08-19 08:00:00,2,0,0,2,26.4756488800049,25.8199996948242,26.4899997711182,23,21,30,10,25.6499996185303,26.9300003051758,0,0,2.10574436187744,0,91,91,91,0,0,25.6914978027344,20.3
2026-08-19 08:15:00,2,0,0,2,26.4734029769897,25.8400001525879,26.4849996566773,23,21,30,10,25.7149991989136,26.9300003051758,0,0,2.59333097934723,0,97,97,97,0,0,25.6987867355347,20.335
2026-08-19 08:30:00,2,0,0,2,26.4724349975586,25.8599987030029,26.5,23,21,30,10,25.7299995422363,26.9300003051758,0,0,3.08278703689575,0,102,102,102,0,0,25.6955642700195,20.37
2026-08-19 08:45:00,2,0,0,2,26.3829383850098,25.859998703003,26.4899997711182,23,21,30,10,25.7599992752076,26.9300003051758,0,0,1.48047661781311,0,108,111,108,0,0,25.6506080627442,20.405
2026-08-19 09:00:00,2,0,0,2,26.2900466918945,25.8599987030029,26.5,23,21,30,10,25.7799987792969,26.939998626709,0,0,1.48335742950439,0,114,114,114,0,0,25.5887317657471,20.44
2026-08-19 09:15:00,2,0,0,2,26.2929639816284,25.8749990463257,26.4849996566773,23,21,30,10,25.7949991226196,26.939998626709,0,0,1.48269075155258,0,123,123,123,0,0,25.5644226074219,20.7325
2026-08-19 09:30:00,2,0,0,2,26.3633651733398,25.8799991607666,26.4599990844727,23,21,30,10,25.8099994659424,26.9300003051758,0,0,2.10464978218079,0,126,126,126,0,0,25.6009120941162,21.025
2026-08-19 09:45:00,2,0,0,2,26.361650466919,25.8949995040894,26.4200000762939,23,21,30,10,25.8149995803833,26.9049997329712,0,0,2.10399055480957,0,126,126,126,0,0,25.5927886962891,21.3175
2026-08-19 10:00:00,2,0,0,2,26.3069038391113,25.9099998474121,26.3899993896484,23,21,30,10,25.8199996948242,26.8999996185303,0,0,2.09553122520447,0,132,132,132,0,0,25.5967636108398,21.61
2026-08-19 10:15:00,2,0,0,2,26.253360748291,25.920000076294,26.3699989318848,23,21,30,10,25.835000038147,26.8749990463257,0,0,2.09098601341248,0,138,138,138,0,0,25.5895490646362,21.9025
2026-08-19 10:30:00,2,0,0,2,26.1902961730957,25.8999996185303,26.3499984741211,23,21,30,10,25.769998550415,26.8499984741211,0,0,1.46513736248016,0,138,138,138,0,0,25.5857467651367,22.195
2026-08-19 10:45:00,2,0,0,2,26.1467828750611,25.8999996185303,26.3249998092652,23,21,30,10,25.5599994659424,26.8199996948243,0,0,2.24982786178589,0,138,138,138,0,0,25.5760250091553,22.4875
2026-08-19 11:00:00,2,0,0,2,26.1037616729736,25.8699989318848,26.3099994659424,23,21,30,10,25.3899993896484,26.7999992370605,0,0,2.09620380401611,0,138,138,138,0,0,25.5658226013184,22.78
2026-08-19 11:15:00,2,0,0,2,26.0653696060181,25.835000038147,26.2949991226196,23,21,30,10,25.1949996948242,26.7949991226196,0,0,2.5658712387085,0,138,138,138,0,0,25.5587720870972,23.0725
2026-08-19 11:30:00,2,0,0,2,26.0301990509033,25.8400001525879,26.2799987792969,23,21,30,10,25.1499996185303,26.7799987792969,0,0,3.06654238700867,0,138,138,138,0,0,25.5494079589844,23.365
2026-08-19 11:45:00,2,0,0,2,25.9960079193115,25.8049993515015,26.2699995040894,23,21,30,10,24.9999990463257,26.7649993896484,0,0,3.36063134670258,0,138,138,138,0,0,25.5393438339234,23.6575
2026-08-19 12:00:00,2,0,0,2,25.9690723419189,25.75,26.2600002288818,23,21,30,10,24.75,26.75,0,0,3.06578636169434,0,138,138,138,0,0,25.5205516815186,23.95
2026-08-19 12:15:00,2,0,0,2,25.9464921951294,25.7299995422363,26.25,23,21,30,10,24.7649993896485,26.7449998855591,0,0,3.06528735160828,0,120,120,120,0,0,25.5151128768921,24.1425
2026-08-19 12:30:00,2,0,0,2,25.92578125,25.6999988555908,26.2600002288818,23,21,30,10,24.5799999237061,26.7299995422363,0,0,3.06114864349365,0,120,120,120,0,0,25.5103645324707,24.335
2026-08-19 12:45:00,2,0,0,2,25.9096660614014,25.6549997329712,26.25,23,21,30,10,24.4749994277954,26.7099990844727,0,0,2.58067762851715,0,50,50,50,0,0,25.514575958252,24.5275
2026-08-19 13:00:00,2,0,0,2,25.8873310089111,25.6599998474121,26.2600002288818,23,21,30,10,24.4499988555908,26.7099990844727,0,0,4.11140918731689,0,50,50,50,0,0,25.51584815979,24.72
2026-08-19 13:15:00,2,0,0,2,25.8676376342774,25.5649995803833,26.2399997711182,23,21,30,10,24.4349994659424,26.7049989700318,0,0,3.06124186515808,0,50,50,50,0,0,25.5176639556885,24.9125
2026-08-19 13:30:00,2,0,0,2,25.8519954681396,25.5900001525879,26.2399997711182,23,21,30,10,24.2299995422363,26.689998626709,0,0,3.06448841094971,0,50,50,50,0,0,25.5197505950928,25.105
2026-08-19 13:45:00,2,0,0,2,25.8339347839356,25.5649995803833,26.2099990844727,23,21,30,10,24.2449998855591,26.6949987411499,0,0,3.58466744422913,0,126,126,126,0,0,25.5033321380616,25.2975
2026-08-19 14:00:00,2,0,0,2,25.8223304748535,25.5599994659424,26.2199993133545,23,21,30,10,24.189998626709,26.689998626709,0,0,3.06423664093018,0,126,126,126,0,0,25.5012855529785,25.49
2026-08-19 14:15:00,2,0,0,2,25.8141822814942,25.4949989318848,26.2149991989136,23,21,30,10,24.1649990081787,26.6750001907349,0,0,2.57944035530091,0,132,132,132,0,0,25.5006170272827,25.6825
2026-08-19 14:30:00,2,0,0,2,25.7951469421387,25.5499992370605,26.2099990844727,23,21,30,10,24.1800003051758,26.6599998474121,0,0,3.05603194236755,0,132,132,132,0,0,25.4915180206299,25.875
2026-08-19 14:45:00,2,0,0,2,25.7902193069458,25.4899997711182,26.2199993133545,23,21,30,10,24.0249996185303,26.670000076294,0,0,1.4639065861702,0,132,132,132,0,0,25.5298404693604,26.0675
2026-08-19 15:00:00,2,0,0,2,25.7982559204102,25.4099998474121,26.2399997711182,23,21,30,10,24.0599994659424,26.689998626709,0,0,1.46439647674561,0,132,132,132,0,0,25.5921459197998,26.26
2026-08-19 15:15:00,2,0,0,2,25.8222770690918,25.3949995040894,26.2449998855591,23,21,30,10,24.0499992370606,26.6949987411499,0,0,1.4648027420044,0,138,138,138,0,0,25.6415185928345,25.7675
2026-08-19 15:30:00,2,0,0,2,25.8439693450928,25.4300003051758,26.269998550415,23,21,30,10,24.019998550415,26.689998626709,0,0,1.46359670162201,0,138,138,138,0,0,25.6325588226318,25.275
2026-08-19 15:45:00,2,0,0,2,25.8657817840576,25.3849992752076,26.2649993896484,23,21,30,10,24.0899991989136,26.7049989700318,0,0,1.4622677564621,0,138,138,138,0,0,25.6307363510132,24.7825
2026-08-19 16:00:00,2,0,0,2,25.881067276001,25.3799991607666,26.269998550415,23,21,30,10,24.0599994659424,26.7099990844727,0,0,1.46277093887329,0,138,138,138,0,0,25.6318912506104,24.29
2026-08-19 16:15:00,2,0,0,2,25.9040632247925,25.4149999618531,26.2799987792969,23,21,30,10,23.9749994277955,26.7199993133545,0,0,1.46358186006546,0,138,138,138,0,0,25.6440486907959,23.795
2026-08-19 16:30:00,2,0,0,2,25.914005279541,25.3999996185303,26.2799987792969,23,21,30,10,23.9799995422363,26.7199993133545,0,0,1.46082925796509,0,138,138,138,0,0,25.6881256103516,23.3
2026-08-19 16:45:00,2,0,0,2,25.9301414489747,25.3649997711182,26.2799987792969,23,21,30,10,24.0100002288818,26.7399997711182,0,0,1.46375584602356,0,138,138,138,0,0,25.6698474884033,22.805
2026-08-19 17:00:00,2,0,0,2,25.9527530670166,25.269998550415,26.2899990081787,23,21,30,10,24.0799999237061,26.7399997711182,0,0,1.462162733078,0,138,138,138,0,0,25.6403675079346,22.31
2026-08-19 17:15:00,2,0,0,2,25.9686832427979,25.3899993896485,26.2949991226196,23,21,30,10,23.9799995422364,26.7449998855591,0,0,1.4618057012558,0,138,138,138,0,0,25.6228847503662,21.815
2026-08-19 17:30:00,2,0,0,2,25.991662979126,25.3199996948242,26.2999992370605,23,21,30,10,23.9499988555908,26.75,0,0,1.46530365943909,0,138,138,138,0,0,25.6254482269287,21.32
2026-08-19 17:45:00,2,0,0,2,26.0087985992432,25.3149995803833,26.3099994659424,23,21,30,10,24.0649995803833,26.7550001144409,0,0,1.46375745534897,0,114,114,114,0,0,25.6175365447998,20.825
2026-08-19 18:00:00,2,0,0,2,26.0308475494385,25.3500003814697,26.3099994659424,23,21,30,10,24.1099987030029,26.7600002288818,0,0,1.46530449390411,0,114,114,114,0,0,25.6246280670166,20.33
2026-08-19 18:15:00,2,0,0,2,26.0682907104492,25.3049993515015,26.3299999237061,23,21,30,10,24.0999994277954,26.7799987792969,0,0,1.46554046869278,0,114,114,114,0,0,25.628607749939,20.1425
2026-08-19 18:30:00,2,0,0,2,26.0789241790771,25.2899990081787,26.3199996948242,23,21,30,10,24.1299991607666,26.769998550415,0,0,1.46406185626984,0,114,114,114,0,0,25.6282424926758,19.955
2026-08-19 18:45:00,2,0,0,2,26.1003999710083,25.3699989318848,26.335000038147,23,21,30,10,24.1849994659424,26.7799987792969,0,0,1.46497201919556,0,50,50,50,0,0,25.6280298233032,19.7675
2026-08-19 19:00:00,2,0,0,2,26.1133613586426,25.3999996185303,26.3499984741211,23,21,30,10,24.1499996185303,26.7799987792969,0,0,1.46244919300079,0,50,50,50,0,0,25.6281585693359,19.58
2026-08-19 19:15:00,2,0,0,2,26.1410255432129,25.4099998474121,26.359998703003,23,21,30,10,24.2049989700318,26.7849988937378,0,0,1.46745562553406,0,50,50,50,0,0,25.6321153640747,19.39
2026-08-19 19:30:00,2,0,0,2,26.1634082794189,25.3400001525879,26.3599987030029,23,21,30,10,24.1700000762939,26.7999992370605,0,0,1.46648919582367,0,50,50,50,0,0,25.6330051422119,19.2
2026-08-19 19:45:00,2,0,0,2,26.183198928833,25.4099998474121,26.3849992752075,23,21,30,10,24.2799997329712,26.8049993515015,0,0,1.4678767323494,0,50,50,50,0,0,25.6397428512573,19.01
2026-08-19 20:00:00,2,0,0,2,26.2028160095215,25.3899993896484,26.3899993896484,23,21,30,10,24.269998550415,26.8099994659424,0,0,1.46308720111847,0,50,50,50,0,0,25.6436958312988,18.82
2026-08-19 20:15:00,2,0,0,2,26.2220468521119,25.4499988555909,26.3949995040894,23,21,30,10,24.2599992752075,26.8149995803833,0,0,1.46596151590348,0,50,50,50,0,0,25.6481256484986,18.6325
2026-08-19 20:30:00,2,0,0,2,26.2388858795166,25.4200000762939,26.3999996185303,23,21,30,10,24.4300003051758,26.8299999237061,0,0,1.47262227535248,0,50,50,50,0,0,25.6514873504639,18.445
2026-08-19 20:45:00,2,0,0,2,26.255898475647,25.4449987411499,26.4049997329712,23,21,30,10,24.4549999237061,26.8299999237061,0,0,1.4762162566185,0,50,50,50,0,0,25.6549854278565,18.2575
2026-08-19 21:00:00,2,0,0,2,26.2658290863037,25.4099998474121,26.4099998474121,23,21,30,10,24.4200000762939,26.8400001525879,0,0,1.47358059883118,0,50,50,50,0,0,25.6582260131836,18.07
2026-08-19 21:15:00,2,0,0,2,26.282395362854,25.439998626709,26.3999996185303,23,21,30,10,24.4799995422363,26.8399991989136,0,0,1.47630375623703,0,50,50,50,0,0,25.6656951904297,17.9775
2026-08-19 21:30:00,2,0,0,2,26.295747756958,25.4599990844727,26.4099998474121,23,21,30,10,24.4599990844727,26.8400001525879,0,0,1.47619879245758,0,50,50,50,0,0,25.67333984375,17.885
2026-08-19 21:45:00,2,0,0,2,26.3058834075928,25.460000038147,26.4200000762939,23,21,30,10,24.5499992370606,26.859998703003,0,0,1.47592842578888,0,50,50,50,0,0,25.6763772964478,17.7925
2026-08-19 22:00:00,2,0,0,2,26.3151836395264,25.3999996185303,26.4300003051758,23,21,30,10,24.5699996948242,26.8699989318848,0,0,1.48194265365601,0,50,50,50,0,0,25.6793308258057,17.7
2026-08-19 22:15:00,2,0,0,2,26.3223199844361,25.5100002288818,26.4300003051758,23,21,30,10,24.6099996566773,26.8699989318848,0,0,1.47692734003067,0,50,50,50,0,0,25.6831178665161,17.6075
2026-08-19 22:30:00,2,0,0,2,26.326904296875,25.4899997711182,26.4300003051758,23,21,30,10,24.6700000762939,26.8799991607666,0,0,1.47492337226868,0,50,50,50,0,0,25.6884918212891,17.515
2026-08-19 22:45:00,2,0,0,2,26.3379039764404,25.4899997711182,26.4449987411499,23,21,30,10,24.6949996948243,26.8849992752075,0,0,1.47673058509827,0,50,50,50,0,0,25.6899538040161,17.4225
2026-08-19 23:00:00,2,0,0,2,26.3437614440918,25.5299987792969,26.439998626709,23,21,30,10,24.6800003051758,26.8899993896484,0,0,1.47767698764801,0,50,50,50,0,0,25.690881729126,17.33
2026-08-19 23:15:00,2,0,0,2,26.3502893447876,25.5399990081787,26.4449987411499,23,21,30,10,24.7499990463257,26.8899993896484,0,0,1.47901356220245,0,50,50,50,0,0,25.6923112869263,17.24
2026-08-19 23:30:00,2,0,0,2,26.3562698364258,25.5699996948242,26.4499988555908,23,21,30,10,24.769998550415,26.8899993896484,0,0,1.478156208992,0,50,50,50,0,0,25.693790435791,17.15
2026-08-19 23:45:00,2,0,0,2,26.3631639480591,25.5299997329712,26.4549989700318,23,21,30,10,24.8049993515015,26.8999996185303,0,0,1.48541653156281,0,50,50,50,0,0,25.6962432861329,17.06
2026-08-20 00:00:00,2,0,0,2,26.3721885681152,25.5699996948242,26.4599990844727,23,21,30,10,24.8599987030029,26.8999996185303,0,0,1.48061800003052,0,50,50,50,0,0,25.6996593475342,17.1
2026-08-20 00:15:00,2,0,0,2,26.3770093917847,25.5799999237061,26.4599990844727,23,21,30,10,24.875,26.8999996185303,0,0,1.48473054170609,0,50,50,50,0,0,25.69983959198,16.9475
2026-08-20 00:30:00,2,0,0,2,26.3820953369141,25.5399990081787,26.4599990844727,23,21,30,10,24.9499988555908,26.8899993896484,0,0,1.47858917713165,0,50,50,50,0,0,25.6993103027344,16.795
2026-08-20 00:45:00,2,0,0,2,26.3874635696412,25.609998703003,26.4649991989136,23,21,30,10,24.9599990844727,26.9049997329712,0,0,1.48054021596909,0,50,50,50,0,0,25.701470375061,16.6425
2026-08-20 01:00:00,2,0,0,2,26.3923110961914,25.5599994659424,26.4699993133545,23,21,30,10,24.939998626709,26.9099998474121,0,0,1.48554658889771,0,50,50,50,0,0,25.7022476196289,16.49
2026-08-20 01:15:00,2,0,0,2,26.3998966217041,25.5799989700318,26.4799995422363,23,21,30,10,24.9549989700318,26.9099998474121,0,0,1.47863781452179,0,50,50,50,0,0,25.6973886489869,16.335
2026-08-20 01:30:00,2,0,0,2,26.4052715301514,25.6199989318848,26.4799995422363,23,21,30,10,25,26.9099998474121,0,0,1.47999179363251,0,50,50,50,0,0,25.69921875,16.18
2026-08-20 01:45:00,2,0,0,2,26.4105815887451,25.6249990463257,26.4799995422363,23,21,30,10,25.0449991226197,26.9200000762939,0,0,1.47857457399368,0,50,50,50,0,0,25.7005739212037,16.025
2026-08-20 02:00:00,2,0,0,2,26.413990020752,25.6499996185303,26.4799995422363,23,21,30,10,25.0399990081787,26.9200000762939,0,0,1.47762823104858,0,50,50,50,0,0,25.7041130065918,15.87
2026-08-20 02:15:00,2,0,0,2,26.4193878173828,25.6249990463257,26.4899997711182,23,21,30,10,25.1249990463257,26.9200000762939,0,0,1.47540718317032,0,50,50,50,0,0,25.7032365798951,15.7175
2026-08-20 02:30:00,2,0,0,2,26.4224262237549,25.6399993896484,26.4899997711182,23,21,30,10,25.1099987030029,26.9099998474121,0,0,1.47918879985809,0,50,50,50,0,0,25.7016773223877,15.565
2026-08-20 02:45:00,2,0,0,2,26.4268598556519,25.6599998474121,26.4849996566773,23,21,30,10,25.1199989318848,26.9200000762939,0,0,1.47681969404221,0,50,50,50,0,0,25.7049961090088,15.4125
2026-08-20 03:00:00,2,0,0,2,26.4293479919434,25.6700000762939,26.5100002288818,23,21,30,10,25.1499996185303,26.9200000762939,0,0,1.47816753387451,0,50,50,50,0,0,25.7073307037354,15.26
2026-08-20 03:15:00,2,0,0,2,26.4319906234741,25.6549997329712,26.4899997711182,23,21,30,10,25.1849994659424,26.9250001907349,0,0,1.48025059700012,0,50,50,50,0,0,25.7018766403199,15.1975
2026-08-20 03:30:00,2,0,0,2,26.436128616333,25.6949996948243,26.4949998855591,23,21,30,10,25.2399988174439,26.9250001907349,0,0,1.47538614273072,0,50,50,50,0,0,25.7060270309448,15.135
2026-08-20 03:45:00,2,0,0,2,26.4382629394531,25.7199993133545,26.5,23,21,30,10,25.25,26.9300003051758,0,0,1.48280811309814,0,50,50,50,0,0,25.7088298797607,15.0725
2026-08-20 04:00:00,2,0,0,2,26.4441766738892,25.7299995422364,26.5,23,21,30,10,25.2899999618531,26.9300003051758,0,0,1.47695589065552,0,50,50,50,0,0,25.7068109512329,15.01
2026-08-20 04:15:00,2,0,0,2,26.4482822418213,25.7299995422363,26.5100002288818,23,21,30,10,25.2899990081787,26.9300003051758,0,0,1.47845709323883,0,50,50,50,0,0,25.7054805755615,14.9475
2026-08-20 04:30:00,2,0,0,2,26.4521923065186,25.75,26.5100002288818,23,21,30,10,25.3400001525879,26.9300003051758,0,0,1.47787541151047,0,50,50,50,0,0,25.7059164047241,14.885
2026-08-20 04:45:00,2,0,0,2,26.4561500549316,25.769998550415,26.519998550415,23,21,30,10,25.3500003814697,26.9300003051758,0,0,1.47461545467377,0,50,50,50,0,0,25.7092723846436,14.8225
2026-08-20 05:00:00,2,0,0,2,26.4594287872315,25.7649993896484,26.5149993896484,23,21,30,10,25.3849992752076,26.9300003051758,0,0,1.47528767585755,0,50,50,50,0,0,25.7126092910767,14.76
2026-08-20 05:15:00,2,0,0,2,26.4614524841309,25.7899990081787,26.5100002288818,23,21,30,10,25.3799991607666,26.9300003051758,0,0,1.47978818416595,0,50,50,50,0,0,25.7137489318848,14.6975
2026-08-20 05:30:00,2,0,0,2,26.4643316268921,25.7949991226197,26.5149993896484,23,21,30,10,25.4899997711182,26.939998626709,0,0,1.47634637355805,0,50,50,50,0,0,25.7172508239746,14.635
2026-08-20 05:45:00,2,0,0,2,26.4655075073242,25.8299999237061,26.5299987792969,23,21,30,10,25.4899997711182,26.939998626709,0,0,1.47497081756592,0,50,50,50,0,0,25.71533203125,14.5725
2026-08-20 06:00:00,2,0,0,2,26.4688539505005,25.8249998092652,26.5299987792969,23,21,30,10,25.4699993133545,26.9349994659424,0,0,1.47784394025803,0,50,50,50,0,0,25.7043886184693,14.51
2026-08-20 06:15:00,2,0,0,2,26.4724979400635,25.7999992370605,26.519998550415,23,21,30,10,25.519998550415,26.939998626709,0,0,1.47772192955017,0,50,50,50,0,0,25.7025814056396,14.59
2026-08-20 06:30:00,2,0,0,2,26.4737882614136,25.8249998092652,26.5199995040894,23,21,30,10,25.4999990463257,26.9449987411499,0,0,1.48148494958878,0,50,50,50,0,0,25.6996469497681,14.67
2026-08-20 06:45:00,2,0,0,2,26.4753303527832,25.8499984741211,26.5299987792969,23,21,30,10,25.5599994659424,26.939998626709,0,0,1.48140001296997,0,50,50,50,0,0,25.700216293335,14.75
2026-08-20 07:00:00,2,0,0,2,26.4772157669068,25.8599987030029,26.519998550415,23,21,30,10,25.5949993133545,26.9499988555908,0,0,1.47951185703278,0,50,50,50,0,0,25.6947402954102,14.83
2026-08-20 07:15:00,2,0,0,2,26.477123260498,25.8699989318848,26.5299987792969,23,21,30,10,25.5900001525879,26.939998626709,0,0,1.4805760383606,0,50,50,50,0,0,25.6934604644775,14.9075
2026-08-20 07:30:00,2,0,0,2,26.4722099304199,25.8899993896485,26.5199995040894,23,21,30,10,25.6099996566773,26.9449987411499,0,0,1.79131162166596,0,73.5,73.5,73.5,0,0,25.6845836639405,14.985
2026-08-20 07:45:00,2,0,0,2,26.4544525146484,25.8899993896484,26.4899997711182,23,21,30,10,25.6299991607666,26.9300003051758,0,0,1.47459077835083,0,97,97,97,0,0,25.6337261199951,15.0625
2026-08-20 08:00:00,2,0,0,2,26.4118232727051,25.9099998474121,26.4599990844727,23,21,30,10,25.6199989318848,26.9099998474121,0,0,2.10245096683502,0,105,105,105,0,0,25.572286605835,15.14
2026-08-20 08:15:00,2,0,0,2,26.3627166748047,25.8999996185303,26.439998626709,23,21,30,10,25.6499996185303,26.8899993896484,0,0,1.49562466144562,0,108,108,108,0,0,25.5396213531494,15.2175
2026-08-20 08:30:00,2,0,0,2,26.3158864974976,25.8999996185303,26.414999961853,23,21,30,10,25.6549997329712,26.8499994277955,0,0,1.48729050159455,0,117,117,117,0,0,25.4599533081055,15.295
2026-08-20 08:45:00,2,0,0,2,26.2761631011963,25.8899993896484,26.3999996185303,23,21,30,10,25.6499996185303,26.8199996948242,0,0,1.50203514099121,0,120,120,120,0,0,25.3452281951904,15.3725
2026-08-20 09:00:00,2,0,0,2,26.2428998947144,25.9049997329712,26.3949995040894,23,21,30,10,25.664999961853,26.8149995803833,0,0,1.48580932617188,0,129,129,129,0,0,25.3082685470582,15.45
2026-08-20 09:15:00,2,0,0,2,26.215970993042,25.8999996185303,26.3699989318848,23,21,30,10,25.689998626709,26.7899990081787,0,0,1.48469114303589,0,132,132,132,0,0,25.3227767944336,15.8475
2026-08-20 09:30:00,2,0,0,2,26.1905374526978,25.9049997329712,26.354998588562,23,21,30,10,25.6849994659424,26.7849988937378,0,0,1.47931951284409,0,138,138,138,0,0,25.3322229385376,16.245
2026-08-20 09:45:00,2,0,0,2,26.1679000854492,25.9200000762939,26.3499984741211,23,21,30,10,25.7299995422363,26.7799987792969,0,0,1.48444759845734,0,138,138,138,0,0,25.3614482879639,16.6425
2026-08-20 10:00:00,2,0,0,2,26.1356534957886,25.9250001907349,26.3299999237061,23,21,30,10,25.7299995422364,26.774998664856,0,0,1.48094385862351,0,147,147,147,0,0,25.3858346939087,17.04
2026-08-20 10:15:00,2,0,0,2,26.078540802002,25.9200000762939,26.2999992370605,23,21,30,10,25.7399997711182,26.7399997711182,0,0,1.47816443443298,0,150,150,150,0,0,25.3909568786621,17.435
2026-08-20 10:30:00,2,0,0,2,26.024863243103,25.9099998474121,26.274998664856,23,21,30,10,25.7849988937378,26.7199993133545,0,0,1.48536986112595,0,150,150,150,0,0,25.3909101486206,17.83
2026-08-20 10:45:00,2,0,0,2,25.9801139831543,25.8899993896484,26.2600002288818,23,21,30,10,25.8099994659424,26.689998626709,0,0,1.48429143428802,0,150,150,150,0,0,25.3872737884521,18.225
2026-08-20 11:00:00,2,0,0,2,25.9355659484863,25.9049997329712,26.2349996566773,23,21,30,10,25.7649993896484,26.689998626709,0,0,1.48761796951294,0,150,150,150,0,0,25.3835439682007,18.62
2026-08-20 11:15:00,2,0,0,2,25.8967380523682,25.8999996185303,26.2099990844727,23,21,30,10,25.6399993896484,26.6700000762939,0,0,1.48821151256561,0,150,150,150,0,0,25.3790760040283,19.015
2026-08-20 11:30:00,2,0,0,2,25.8715448379517,25.8999996185303,26.2049989700318,23,21,30,10,25.4799995422364,26.664999961853,0,0,1.49056345224381,0,150,150,150,0,0,25.378966331482,19.41
2026-08-20 11:45:00,2,0,0,2,25.8412551879883,25.8599987030029,26.189998626709,23,21,30,10,25.2199993133545,26.6499996185303,0,0,2.1084132194519,0,150,150,150,0,0,25.372974395752,19.805
2026-08-20 12:00:00,2,0,0,2,25.814832687378,25.835000038147,26.1849994659424,23,21,30,10,25.0299997329712,26.6449995040894,0,0,3.08201515674591,0,141,141,141,0,0,25.3680362701416,20.2
2026-08-20 12:15:00,2,0,0,2,25.7934341430664,25.7799987792969,26.1700000762939,23,21,30,10,24.8799991607666,26.6299991607666,0,0,1.48902869224548,0,132,132,132,0,0,25.3688182830811,20.42
2026-08-20 12:30:00,2,0,0,2,25.7824201583863,25.7299995422364,26.164999961853,23,21,30,10,24.7399988174439,26.6249990463257,0,0,2.28414225578308,0,91,91,91,0,0,25.3730783462525,20.64
2026-08-20 12:45:00,2,0,0,2,25.7706775665283,25.7099990844727,26.1499996185303,23,21,30,10,24.5799999237061,26.6199989318848,0,0,3.07834053039551,0,50,50,50,0,0,25.3712615966797,20.86
2026-08-20 13:00:00,2,0,0,2,25.7618446350098,25.7049989700318,26.1449995040894,23,21,30,10,24.4749994277954,26.6149988174439,0,0,3.08044421672821,0,50,50,50,0,0,25.3753843307495,21.08
2026-08-20 13:15:00,2,0,0,2,25.7547569274902,25.6599998474121,26.1399993896484,23,21,30,10,24.3999996185303,26.6199989318848,0,0,4.12636804580688,0,50,50,50,0,0,25.3761138916016,21.2975
2026-08-20 13:30:00,2,0,0,2,25.7409734725952,25.6199989318848,26.1399993896484,23,21,30,10,24.2999992370606,26.604998588562,0,0,2.59828794002533,0,94,94,94,0,0,25.3767318725586,21.515
2026-08-20 13:45:00,2,0,0,2,25.7320728302002,25.6599998474121,26.1399993896484,23,21,30,10,24.2199993133545,26.5900001525879,0,0,2.06297016143799,0,138,138,138,0,0,25.3751468658447,21.7325
2026-08-20 14:00:00,2,0,0,2,25.7171421051026,25.5949993133545,26.1299991607666,23,21,30,10,24.1899995803833,26.585000038147,0,0,3.07859790325165,0,141,141,141,0,0,25.368127822876,21.95
2026-08-20 14:15:00,2,0,0,2,25.7081127166748,25.5599994659424,26.1199989318848,23,21,30,10,24.0699996948242,26.5699996948242,0,0,3.08105087280273,0,144,144,144,0,0,25.3745231628418,22.17
2026-08-20 14:30:00,2,0,0,2,25.703369140625,25.5100002288818,26.1149988174439,23,21,30,10,24.0599994659424,26.5699996948242,0,0,1.87447416782379,0,144,144,144,0,0,25.3744306564332,22.39
2026-08-20 14:45:00,2,0,0,2,25.7122859954834,25.5100002288818,26.1299991607666,23,21,30,10,23.9499988555908,26.5699996948242,0,0,1.47356343269348,0,144,144,144,0,0,25.409688949585,22.61
2026-08-20 15:00:00,2,0,0,2,25.7260494232178,25.4899988174439,26.1349992752075,23,21,30,10,23.9650001525879,26.5599994659424,0,0,1.47502601146698,0,147,147,147,0,0,25.4455413818359,22.83
2026-08-20 15:15:00,2,0,0,2,25.7399711608887,25.4499988555908,26.1499996185303,23,21,30,10,24.0399990081787,26.5599994659424,0,0,1.47561287879944,0,150,150,150,0,0,25.4375324249268,22.73
2026-08-20 15:30:00,2,0,0,2,25.7604742050171,25.4549999237061,26.1549997329712,23,21,30,10,23.8549995422363,26.5699996948242,0,0,1.47435986995697,0,150,150,150,0,0,25.4396944046021,22.63
2026-08-20 15:45:00,2,0,0,2,25.7850723266602,25.3599987030029,26.1599998474121,23,21,30,10,23.8299999237061,26.5699996948242,0,0,1.47814428806305,0,150,150,150,0,0,25.477014541626,22.53
2026-08-20 16:00:00,2,0,0,2,25.8069334030152,25.4099998474121,26.1700000762939,23,21,30,10,23.8199996948242,26.5949993133545,0,0,1.474868953228,0,150,150,150,0,0,25.4876413345337,22.43
2026-08-20 16:15:00,2,0,0,2,25.8308734893799,25.3099994659424,26.189998626709,23,21,30,10,23.8299999237061,26.5900001525879,0,0,1.47211968898773,0,150,150,150,0,0,25.4948139190674,22.33
2026-08-20 16:30:00,2,0,0,2,25.8479518890381,25.3099994659424,26.1899995803833,23,21,30,10,23.9249992370606,26.604998588562,0,0,1.47304660081863,0,144,144,144,0,0,25.5143623352051,22.23
2026-08-20 16:45:00,2,0,0,2,25.8611755371094,25.3699989318848,26.2099990844727,23,21,30,10,23.8500003814697,26.6199989318848,0,0,1.47640717029572,0,138,138,138,0,0,25.4912624359131,22.13
2026-08-20 17:00:00,2,0,0,2,25.8828706741333,25.3899993896485,26.2149991989136,23,21,30,10,23.9099988937378,26.6149988174439,0,0,1.46736133098603,0,138,138,138,0,0,25.4912815093994,22.03
2026-08-20 17:15:00,2,0,0,2,25.9066276550293,25.2600002288818,26.2299995422363,23,21,30,10,23.8999996185303,26.6199989318848,0,0,1.46608889102936,0,138,138,138,0,0,25.4919700622559,21.93
2026-08-20 17:30:00,2,0,0,2,25.9265031814575,25.3599987030029,26.2249994277954,23,21,30,10,23.9099998474121,26.6249990463257,0,0,1.47835427522659,0,126,126,126,0,0,25.5004873275757,21.83
2026-08-20 17:45:00,2,0,0,2,25.9473342895508,25.3500003814697,26.2299995422363,23,21,30,10,23.8799991607666,26.6199989318848,0,0,1.48538053035736,0,114,114,114,0,0,25.5119876861572,21.73
2026-08-20 18:00:00,2,0,0,2,25.9641609191895,25.3499994277954,26.2349996566773,23,21,30,10,23.8949995040894,26.6349992752075,0,0,1.47684067487717,0,114,114,114,0,0,25.5153007507325,21.63
2026-08-20 18:15:00,2,0,0,2,25.982889175415,25.2399997711182,26.25,23,21,30,10,23.939998626709,26.6399993896484,0,0,1.47863602638245,0,114,114,114,0,0,25.515905380249,21.3575
2026-08-20 18:30:00,2,0,0,2,26.0007104873657,25.2799997329712,26.2550001144409,23,21,30,10,24.0249996185303,26.6449995040894,0,0,1.48171126842499,0,82,82,82,0,0,25.5256185531617,21.085
2026-08-20 18:45:00,2,0,0,2,26.0163249969482,25.3899993896484,26.2600002288818,23,21,30,10,24.019998550415,26.6399993896484,0,0,1.47965717315674,0,50,50,50,0,0,25.5364799499512,20.8125
2026-08-20 19:00:00,2,0,0,2,26.033712387085,25.3649988174439,26.2550001144409,23,21,30,10,24.024998664856,26.6499996185303,0,0,1.47235494852066,0,50,50,50,0,0,25.5433492660523,20.54
2026-08-20 19:15:00,2,0,0,2,26.0506916046143,25.3699989318848,26.2600002288818,23,21,30,10,24.0299987792969,26.6499996185303,0,0,1.48191010951996,0,50,50,50,0,0,25.5547027587891,20.2675
2026-08-20 19:30:00,2,0,0,2,26.0659914016724,25.3549995422363,26.2649993896484,23,21,30,10,24.1149997711182,26.6599998474121,0,0,1.47789788246155,0,50,50,50,0,0,25.5664215087891,19.995
2026-08-20 19:45:00,2,0,0,2,26.0760612487793,25.2299995422363,26.2600002288818,23,21,30,10,24.1299991607666,26.6599998474121,0,0,1.4850001335144,0,50,50,50,0,0,25.575122833252,19.7225
2026-08-20 20:00:00,2,0,0,2,26.0963182449341,25.2599992752076,26.2799987792969,23,21,30,10,24.1349992752075,26.6700000762939,0,0,1.47725749015809,0,50,50,50,0,0,25.5752763748169,19.45
2026-08-20 20:15:00,2,0,0,2,26.1132011413574,25.3899993896484,26.2899990081787,23,21,30,10,24.1399993896484,26.6800003051758,0,0,1.48087811470032,0,50,50,50,0,0,25.576732635498,19.175
2026-08-20 20:30:00,2,0,0,2,26.1287202835083,25.3400001525879,26.2949991226197,23,21,30,10,24.1549997329712,26.6849994659424,0,0,1.48066008090973,0,50,50,50,0,0,25.5808935165406,18.9
2026-08-20 20:45:00,2,0,0,2,26.1464691162109,25.3799991607666,26.2899990081787,23,21,30,10,24.2899990081787,26.6800003051758,0,0,1.48174166679382,0,50,50,50,0,0,25.5876026153564,18.625
2026-08-20 21:00:00,2,0,0,2,26.1570587158203,25.335000038147,26.3099994659424,23,21,30,10,24.2849998474122,26.6949987411499,0,0,1.47684848308564,0,50,50,50,0,0,25.5919055938721,18.35
2026-08-20 21:15:00,2,0,0,2,26.1704425811768,25.3199996948242,26.3099994659424,23,21,30,10,24.3099994659424,26.689998626709,0,0,1.47869062423706,0,50,50,50,0,0,25.5934066772461,18.1975
2026-08-20 21:30:00,2,0,0,2,26.1805467605591,25.3999996185303,26.3199996948243,23,21,30,10,24.3499994277954,26.7099990844727,0,0,1.47771227359772,0,50,50,50,0,0,25.59672164917,18.045
2026-08-20 21:45:00,2,0,0,2,26.1900901794434,25.3999996185303,26.3199996948242,23,21,30,10,24.3500003814697,26.7199993133545,0,0,1.48366546630859,0,50,50,50,0,0,25.5992164611816,17.8925
2026-08-20 22:00:00,2,0,0,2,26.1985321044922,25.4249992370606,26.335000038147,23,21,30,10,24.4349994659424,26.7249994277954,0,0,1.47271472215652,0,50,50,50,0,0,25.6101446151734,17.74
2026-08-20 22:15:00,2,0,0,2,26.2050113677979,25.4099998474121,26.3299999237061,23,21,30,10,24.4899997711182,26.7199993133545,0,0,1.48116385936737,0,50,50,50,0,0,25.6132698059082,17.5875
2026-08-20 22:30:00,2,0,0,2,26.2139940261841,25.4499988555909,26.335000038147,23,21,30,10,24.4499998092652,26.7399997711182,0,0,1.46996361017227,0,50,50,50,0,0,25.6171483993531,17.435
2026-08-20 22:45:00,2,0,0,2,26.2169876098633,25.3899993896484,26.3400001525879,23,21,30,10,24.4699993133545,26.75,0,0,1.45632684230804,0,50,50,50,0,0,25.6246318817139,17.2825
2026-08-20 23:00:00,2,0,0,2,26.2206525802613,25.4049997329712,26.3449993133545,23,21,30,10,24.5549993515015,26.7449998855591,0,0,1.45646160840988,0,50,50,50,0,0,25.6244430541992,17.13
2026-08-20 23:15:00,2,0,0,2,26.2259044647217,25.3999996185303,26.3299999237061,23,21,30,10,24.6099987030029,26.75,0,0,1.45848631858826,0,50,50,50,0,0,25.6247406005859,16.9775
2026-08-20 23:30:00,2,0,0,2,26.2332611083985,25.414999961853,26.3400001525879,23,21,30,10,24.5899991989136,26.75,0,0,1.45443058013916,0,50,50,50,0,0,25.6266307830811,16.825
2026-08-20 23:45:00,2,0,0,2,26.2398681640625,25.4300003051758,26.3499984741211,23,21,30,10,24.6700000762939,26.75,0,0,1.4561516046524,0,50,50,50,0,0,25.6190872192383,16.6725
2026-08-21 00:00:00,2,0,0,2,26.2470741271973,25.4649991989136,26.3449993133545,23,21,30,10,24.6949996948242,26.75,0,0,1.45486915111542,0,50,50,50,0,0,25.6204767227173,15.99
2026-08-21 00:15:00,2,0,0,2,26.2535934448242,25.4899997711182,26.3599987030029,23,21,30,10,24.6800003051758,26.75,0,0,1.45450055599213,0,50,50,50,0,0,25.6270732879639,15.945
2026-08-21 00:30:00,2,0,0,2,26.2594556808472,25.5050001144409,26.3599987030029,23,21,30,10,24.7549991607666,26.7600002288818,0,0,1.45349508523942,0,50,50,50,0,0,25.6277742385865,15.9
2026-08-21 00:45:00,2,0,0,2,26.2647304534912,25.5100002288818,26.3599987030029,23,21,30,10,24.7299995422363,26.7600002288818,0,0,1.45732653141022,0,50,50,50,0,0,25.6270523071289,15.855
2026-08-21 01:00:00,2,0,0,2,26.2698154449463,25.4849987030029,26.3699989318848,23,21,30,10,24.7549991607666,26.774998664856,0,0,1.45495820045471,0,50,50,50,0,0,25.6311950683594,15.81
2026-08-21 01:15:00,2,0,0,2,26.2747993469238,25.5100002288818,26.3699989318848,23,21,30,10,24.7799987792969,26.769998550415,0,0,1.45627844333649,0,50,50,50,0,0,25.6293106079102,15.7675
2026-08-21 01:30:00,2,0,0,2,26.2796907424927,25.5299987792969,26.3699989318848,23,21,30,10,24.8499994277954,26.774998664856,0,0,1.45791816711426,0,50,50,50,0,0,25.6301927566529,15.725
2026-08-21 01:45:00,2,0,0,2,26.2843933105469,25.5299987792969,26.3699989318848,23,21,30,10,24.9099998474121,26.769998550415,0,0,1.45791459083557,0,50,50,50,0,0,25.6318855285645,15.6825
2026-08-21 02:00:00,2,0,0,2,26.288052558899,25.5649995803833,26.3749990463257,23,21,30,10,24.9299993515015,26.7799987792969,0,0,1.4590032696724,0,50,50,50,0,0,25.6352453231812,15.64
2026-08-21 02:15:00,2,0,0,2,26.2931289672852,25.5599994659424,26.3699989318848,23,21,30,10,24.9799995422363,26.7799987792969,0,0,1.45611524581909,0,50,50,50,0,0,25.6376361846924,15.595
2026-08-21 02:30:00,2,0,0,2,26.2968263626099,25.5699996948243,26.3849992752075,23,21,30,10,24.979998588562,26.7849988937378,0,0,1.45661926269531,0,50,50,50,0,0,25.6396398544312,15.55
2026-08-21 02:45:00,2,0,0,2,26.3008232116699,25.5599994659424,26.3899993896484,23,21,30,10,24.9899997711182,26.7899990081787,0,0,1.45410120487213,0,50,50,50,0,0,25.6413345336914,15.505
2026-08-21 03:00:00,2,0,0,2,26.3012504577637,25.5949993133545,26.3749990463257,23,21,30,10,24.9599990844727,26.7899990081787,0,0,1.45741999149323,0,50,50,50,0,0,25.6438140869141,15.46
2026-08-21 03:15:00,2,0,0,2,26.300802230835,25.6249990463257,26.3849992752075,23,21,30,10,25.0249996185303,26.7899990081787,0,0,1.45276266336441,0,50,50,50,0,0,25.6464700698853,15.3825
2026-08-21 03:30:00,2,0,0,2,26.3050994873047,25.5999984741211,26.3799991607666,23,21,30,10,25.0399990081787,26.7899990081787,0,0,1.46829605102539,0,50,50,50,0,0,25.6427688598633,15.305
2026-08-21 03:45:00,2,0,0,2,26.3094482421875,25.6299991607666,26.3899993896484,23,21,30,10,25.0949993133545,26.7899990081787,0,0,1.4674214720726,0,50,50,50,0,0,25.6422023773194,15.2275
2026-08-21 04:00:00,2,0,0,2,26.3087368011475,25.6399993896484,26.3899993896484,23,21,30,10,25.1199989318848,26.7999992370605,0,0,1.46313798427582,0,50,50,50,0,0,25.6436061859131,15.15
2026-08-21 04:15:00,2,0,0,2,26.3116455078125,25.6349992752076,26.3999996185303,23,21,30,10,25.1399993896485,26.7949991226196,0,0,1.48519307374954,0,50,50,50,0,0,25.6444339752198,15.0725
2026-08-21 04:30:00,2,0,0,2,26.3159999847412,25.6199989318848,26.3899993896484,23,21,30,10,25.1800003051758,26.7999992370605,0,0,1.48187410831451,0,50,50,50,0,0,25.6423664093018,14.995
2026-08-21 04:45:00,2,0,0,2,26.3256330490113,25.664999961853,26.3999996185303,23,21,30,10,25.170000076294,26.7999992370605,0,0,1.48819506168366,0,50,50,50,0,0,25.6441946029663,14.9175
2026-08-21 05:00:00,2,0,0,2,26.3227272033691,25.6399993896484,26.3899993896484,23,21,30,10,25.2199993133545,26.7999992370605,0,0,1.49434578418732,0,50,50,50,0,0,25.6460380554199,14.84
2026-08-21 05:15:00,2,0,0,2,26.2992610931397,25.6599998474121,26.3999996185303,23,21,30,10,25.2299995422363,26.7999992370605,0,0,1.49589812755585,0,50,50,50,0,0,25.6714811325074,14.7625
2026-08-21 05:30:00,2,0,0,2,26.2986965179443,25.6700000762939,26.4099998474121,23,21,30,10,25.25,26.8099994659424,0,0,1.49044263362885,0,50,50,50,0,0,25.6709518432617,14.685
2026-08-21 05:45:00,2,0,0,2,26.290662765503,25.6949996948243,26.4099998474121,23,21,30,10,25.2999992370605,26.7999992370605,0,0,1.48900204896927,0,50,50,50,0,0,25.6761512756348,14.6075
2026-08-21 06:00:00,2,0,0,2,26.2706985473633,25.7099990844727,26.4200000762939,23,21,30,10,25.3500003814697,26.8099994659424,0,0,1.49120223522186,0,50,50,50,0,0,25.6931381225586,14.53
2026-08-21 06:15:00,2,0,0,2,26.2791137695313,25.7049989700318,26.3999996185303,23,21,30,10,25.3450002670288,26.8099994659424,0,0,1.49823027849197,0,50,50,50,0,0,25.6982393264771,14.6025
2026-08-21 06:30:00,2,0,0,2,26.2891330718994,25.7199993133545,26.4099998474121,23,21,30,10,25.3199996948242,26.8099994659424,0,0,1.49770307540894,0,50,50,50,0,0,25.6988697052002,14.675
2026-08-21 06:45:00,2,0,0,2,26.3012113571167,25.7399997711182,26.4049997329712,23,21,30,10,25.3899993896484,26.8199996948242,0,0,1.49211299419403,0,50,50,50,0,0,25.6931495666504,14.7475
2026-08-21 07:00:00,2,0,0,2,26.3097896575928,25.7099990844727,26.4099998474121,23,21,30,10,25.4699993133545,26.8199996948242,0,0,1.48562800884247,0,50,50,50,0,0,25.6847515106201,14.82
2026-08-21 07:15:00,2,0,0,2,26.2916584014893,25.7499990463257,26.4099998474121,23,21,30,10,25.4049997329712,26.8199996948242,0,0.5,1.48604053258896,0,50,50,50,0,0,25.690227508545,14.8925
2026-08-21 07:30:00,2,0,0,2,26.2164630889893,25.769998550415,26.4099998474121,23,21,30,10,25.4300003051758,26.8099994659424,0,1,1.84108281135559,0,50,50,50,0,0,25.6662673950195,14.965
2026-08-21 07:45:00,2,0,0,2,26.2019481658936,25.774998664856,26.3949995040894,23,21,30,10,25.4299993515015,26.8099994659424,0,1,1.4984068274498,0,88,88,88,0,0,25.4255390167237,15.0375
2026-08-21 08:00:00,2,0,0,2,26.1797924041748,25.7899990081787,26.3699989318848,23,21,30,10,25.5100002288818,26.7999992370605,0,1,1.48960435390472,0,91,91,91,0,0,25.1903686523438,15.11
2026-08-21 08:15:00,2,0,0,2,26.1571340560914,25.7749996185303,26.3249998092652,23,21,30,10,25.4899997711182,26.7749996185303,0,1,2.12529230117798,0,99.5,99.5,99.5,0,0,25.0221796035767,15.1825
2026-08-21 08:30:00,2,0,0,2,26.1212329864502,25.7799987792969,26.2999992370605,23,21,30,10,25.4599990844727,26.7399997711182,0,1,2.12006878852844,0,102,102,102,0,0,24.8535785675049,15.255
2026-08-21 08:45:00,2,0,0,2,26.0502338409424,25.7699995040894,26.2849988937378,23,21,30,10,25.5149993896485,26.7099990844727,0,1,1.49028098583222,0,106.5,106.5,106.5,0,0,24.6543321609497,15.3275
2026-08-21 09:00:00,2,0,0,2,26.0064125061035,25.7999992370605,26.269998550415,23,21,30,10,25.5,26.6800003051758,0,1,1.49109828472137,0,108,108,108,0,0,24.4918937683105,15.4
2026-08-21 09:15:00,2,0,0,2,25.9828033447266,25.7699995040894,26.2449998855591,23,21,30,10,25.5349988937378,26.6549997329712,0,1,1.49273747205735,0,112.5,112.5,112.5,0,0,24.4183044433594,15.7275
2026-08-21 09:30:00,2,0,0,2,25.9707202911377,25.769998550415,26.2299995422363,23,21,30,10,25.5299987792969,26.6399993896484,0,1,1.49893391132355,0,114,114,114,0,0,24.4545097351074,16.055
2026-08-21 09:45:00,2,0,0,2,25.9816226959229,25.7849988937378,26.2199993133545,23,21,30,10,25.5549993515015,26.6249990463257,0,1,1.48395836353302,0,115.5,115.5,115.5,0,0,24.5832414627075,16.3825
2026-08-21 10:00:00,2,0,0,2,25.9784030914307,25.7799987792969,26.2199993133545,23,21,30,10,25.5699996948242,26.6099987030029,0,1,1.48165392875671,0,117,117,117,0,0,24.6612854003906,16.71
2026-08-21 10:15:00,2,0,0,2,25.9894952774048,25.7849988937378,26.2199993133545,23,21,30,10,25.5999984741211,26.6199989318848,0,1,1.50098812580109,0,120,120,120,0,0,24.7656593322754,17.04
2026-08-21 10:30:00,2,0,0,2,25.9608764648438,25.8099994659424,26.2199993133545,23,21,30,10,25.5900001525879,26.6199989318848,0,1,1.48929369449615,0,120,120,120,0,0,24.790563583374,17.37
2026-08-21 10:45:00,2,0,0,2,25.9520559310913,25.7949991226196,26.1799993515015,23,21,30,10,25.6549997329712,26.5899991989136,0,1,1.49414253234864,0,120,120,120,0,0,24.8461437225342,17.7
2026-08-21 11:00:00,2,0,0,2,25.922981262207,25.7899990081787,26.1499996185303,23,21,30,10,25.6700000762939,26.5599994659424,0,1,1.49950051307678,0,120,120,120,0,0,24.9022083282471,18.03
2026-08-21 11:15:00,2,0,0,2,25.8851375579834,25.7899990081787,26.1449995040894,23,21,30,10,25.670000076294,26.5599994659424,0,1,1.49240237474442,0,120,120,120,0,0,24.9130411148072,18.3575
2026-08-21 11:30:00,2,0,0,2,25.8476867675781,25.8099994659424,26.1299991607666,23,21,30,10,25.6700000762939,26.5399990081787,0,1,1.48616969585419,0,120,120,120,0,0,24.8981628417969,18.685
2026-08-21 11:45:00,2,0,0,2,25.816219329834,25.8149995803833,26.1149988174439,23,21,30,10,25.5549993515015,26.5149993896484,0,1,1.48923420906067,0,120,120,120,0,0,24.86807346344,19.0125
2026-08-21 12:00:00,2,0,0,2,25.7977066040039,25.7799987792969,26.0900001525879,23,21,30,10,25.3799991607666,26.5,0,1,1.48285245895386,0,120,120,120,0,0,24.9377384185791,19.34
2026-08-21 12:15:00,2,0,0,2,25.7725915908814,25.7649993896484,26.0749998092652,23,21,30,10,25.1849994659424,26.4899997711182,0,1,1.46502608060837,0,97,97,97,0,0,24.9404697418213,19.2575
2026-08-21 12:30:00,2,0,0,2,25.746955871582,25.7399997711182,26.0699996948242,23,21,30,10,25.0100002288818,26.4599990844727,0,1,1.4641500711441,0,97,97,97,0,0,24.959810256958,19.175
2026-08-21 12:45:00,2,0,0,2,25.7242012023926,25.7099990844727,26.0549993515015,23,21,30,10,24.9249992370606,26.4449996948243,0,1,1.46601301431656,0,50,50,50,0,0,24.9628686904907,19.0925
2026-08-21 13:00:00,2,0,0,2,25.7108383178711,25.6800003051758,26.0499992370605,23,21,30,10,24.7999992370605,26.4300003051758,0,1,1.47506022453308,0,50,50,50,0,0,25.0047225952148,19.01
2026-08-21 13:15:00,2,0,0,2,25.6922388076783,25.6299991607666,26.0349988937378,23,21,30,10,24.545000076294,26.4299993515015,0,1,2.09447073936463,0,50,50,50,0,0,25.0129165649414,18.9275
2026-08-21 13:30:00,2,0,0,2,25.6719989776611,25.5699996948242,26.0299987792969,23,21,30,10,24.4899997711182,26.4099998474121,0,1,2.84307456016541,0,50,50,50,0,0,25.0381259918213,18.845
2026-08-21 13:45:00,2,0,0,2,25.6630830764771,25.5749998092652,26.019998550415,23,21,30,10,24.3649988174439,26.3999996185303,0,1,1.46350073814392,0,102,102,102,0,0,25.0449438095093,18.7625
2026-08-21 14:00:00,2,0,0,2,25.6445636749268,25.5599994659424,26.0100002288818,23,21,30,10,24.3199996948242,26.3999996185303,0,1,1.47040331363678,0,102,102,102,0,0,25.0353908538818,18.68
2026-08-21 14:15:00,2,0,0,2,25.6335697174073,25.5249996185303,26,23,21,30,10,24.2049989700318,26.3949995040894,0,1,2.09635961055756,0,108,108,108,0,0,25.045223236084,18.6
2026-08-21 14:30:00,2,0,0,2,25.6263236999512,25.4200000762939,25.9899997711182,23,21,30,10,24.0900001525879,26.3899993896484,0,1,1.46634829044342,0,108,108,108,0,0,25.0636653900146,18.52
2026-08-21 14:45:00,2,0,0,2,25.6099300384522,25.4099998474121,26,23,21,30,10,23.9749994277954,26.3849992752075,0,0,1.54754477739334,0,108,108,108,0,0,25.0515947341919,18.44
2026-08-21 15:00:00,2,0,0,2,25.6195964813232,25.3699989318848,26.0100002288818,23,21,30,10,24.0499992370605,26.3799991607666,0,0,1.54228270053864,0,108,108,108,0,0,25.0639801025391,18.36
2026-08-21 15:15:00,2,0,0,2,25.6361846923828,25.3699989318848,26.0199995040894,23,21,30,10,23.9299993515015,26.3899993896484,0,0,1.53977245092392,0,114,114,114,0,0,25.0949144363403,18.22
2026-08-21 15:30:00,2,0,0,2,25.6441173553467,25.3999996185303,26.0299987792969,23,21,30,10,23.8599987030029,26.3899993896484,0,0,1.54091453552246,0,114,114,114,0,0,25.1331882476807,18.08
2026-08-21 15:45:00,2,0,0,2,25.6561355590821,25.3999996185303,26.019998550415,23,21,30,10,23.8349990844727,26.3949995040894,0,0,1.53784906864167,0,114,114,114,0,0,25.1588945388794,17.94
2026-08-21 16:00:00,2,0,0,2,25.6572589874268,25.3299999237061,26.0299987792969,23,21,30,10,23.8199996948242,26.4099998474121,0,0,1.5376433134079,0,114,114,114,0,0,25.1769847869873,17.8
2026-08-21 16:15:00,2,0,0,2,25.676025390625,25.3299999237061,26.0349988937378,23,21,30,10,23.7799987792969,26.4099998474121,0,0,1.5383085012436,0,114,114,114,0,0,25.2094106674194,17.6625
2026-08-21 16:30:00,2,0,0,2,25.6819229125977,25.269998550415,26.019998550415,23,21,30,10,23.7999992370605,26.4200000762939,0,0,1.53755259513855,0,114,114,114,0,0,25.2316188812256,17.525
2026-08-21 16:45:00,2,0,0,2,25.7038431167603,25.2949991226197,26.0299987792969,23,21,30,10,23.8599996566773,26.4250001907349,0,0,1.53710007667542,0,97,97,97,0,0,25.2520942687988,17.3875
2026-08-21 17:00:00,2,0,0,2,25.7256412506104,25.2399997711182,26.0399990081787,23,21,30,10,23.8500003814697,26.4300003051758,0,0,1.53757441043854,0,97,97,97,0,0,25.268440246582,17.25
2026-08-21 17:15:00,2,0,0,2,25.7478771209717,25.2449998855591,26.0499992370605,23,21,30,10,23.8249998092652,26.439998626709,0,0,1.5408553481102,0,97,97,97,0,0,25.2851657867432,17.11
2026-08-21 17:30:00,2,0,0,2,25.769401550293,25.2999992370605,26.0599994659424,23,21,30,10,23.9599990844727,26.4499988555908,0,0,1.54004371166229,0,97,97,97,0,0,25.2999744415283,16.97
2026-08-21 17:45:00,2,0,0,2,25.7797622680664,25.1799993515015,26.0749998092652,23,21,30,10,23.8799991607666,26.4549989700318,0,0,1.55299490690232,0,79,79,79,0,0,25.3041925430298,16.83
2026-08-21 18:00:00,2,0,0,2,25.7923488616943,25.2600002288818,26.0499992370605,23,21,30,10,23.8599987030029,26.4599990844727,0,0,1.5755672454834,0,79,79,79,0,0,25.3150062561035,16.69
2026-08-21 18:15:00,2,0,0,2,25.8074455261231,25.1799993515015,26.0649995803833,23,21,30,10,23.8599996566773,26.4599990844727,0,0,1.55535262823105,0,79,79,79,0,0,25.3259172439575,16.5525
2026-08-21 18:30:00,2,0,0,2,25.820140838623,25.269998550415,26.0699996948242,23,21,30,10,23.939998626709,26.4699993133545,0,0,1.54997849464417,0,79,79,79,0,0,25.3345718383789,16.415
2026-08-21 18:45:00,2,0,0,2,25.8356304168701,25.1749992370606,26.0699996948243,23,21,30,10,23.9399995803833,26.4649991989136,0,0,1.54007023572922,0,50,50,50,0,0,25.355658531189,16.2775
2026-08-21 19:00:00,2,0,0,2,25.8437194824219,25.2199993133545,26.0799999237061,23,21,30,10,24.0799999237061,26.4799995422363,0,0,1.54381680488586,0,50,50,50,0,0,25.3613910675049,16.14
2026-08-21 19:15:00,2,0,0,2,25.8515691757202,25.2299995422364,26.0699996948242,23,21,30,10,24.0149993896484,26.4699993133545,0,0,1.54265010356903,0,50,50,50,0,0,25.3780860900879,16.0025
2026-08-21 19:30:00,2,0,0,2,25.8569755554199,25.2199993133545,26.0799999237061,23,21,30,10,24.019998550415,26.4599990844727,0,0,1.54084193706512,0,50,50,50,0,0,25.3942604064941,15.865
2026-08-21 19:45:00,2,0,0,2,25.8632783889771,25.1750001907349,26.0749998092652,23,21,30,10,24.0949993133545,26.4749994277954,0,0,1.53814965486527,0,50,50,50,0,0,25.3967046737671,15.7275
2026-08-21 20:00:00,2,0,0,2,25.8651790618896,25.2299995422363,26.0699996948242,23,21,30,10,24.0499992370605,26.4799995422363,0,0,1.53988361358643,0,50,50,50,0,0,25.409761428833,15.59
2026-08-21 20:15:00,2,0,0,2,25.8650026321411,25.1999998092652,26.0749998092652,23,21,30,10,24.1399993896484,26.4749994277954,0,0,1.54100078344345,0,50,50,50,0,0,25.4196586608887,15.455
2026-08-21 20:30:00,2,0,0,2,25.8693218231201,25.2099990844727,26.0900001525879,23,21,30,10,24.1499996185303,26.4799995422363,0,0,1.54080486297607,0,50,50,50,0,0,25.4099006652832,15.32
2026-08-21 20:45:00,2,0,0,2,25.8744297027588,25.2099990844727,26.0799999237061,23,21,30,10,24.1649999618531,26.4799995422363,0,0,1.53874468803406,0,50,50,50,0,0,25.4096431732178,15.185
2026-08-21 21:00:00,2,0,0,2,25.8768730163574,25.2399997711182,26.0799999237061,23,21,30,10,24.25,26.4799995422363,0,0,1.53878307342529,0,50,50,50,0,0,25.4149608612061,15.05
2026-08-21 21:15:00,2,0,0,2,25.8948593139649,25.2249994277955,26.0799999237061,23,21,30,10,24.2599992752075,26.4799995422363,0,0,1.54143589735031,0,50,50,50,0,0,25.403247833252,14.9125
2026-08-21 21:30:00,2,0,0,2,25.9054660797119,25.189998626709,26.0799999237061,23,21,30,10,24.2899990081787,26.4799995422363,0,0,1.54020011425018,0,50,50,50,0,0,25.3993606567383,14.775
2026-08-21 21:45:00,2,0,0,2,25.9118833541871,25.2349996566773,26.0749998092652,23,21,30,10,24.2899990081787,26.4799995422363,0,0,1.53938692808152,0,50,50,50,0,0,25.402006149292,14.6375
2026-08-21 22:00:00,2,0,0,2,25.9177761077881,25.2099990844727,26.0999984741211,23,21,30,10,24.4200000762939,26.4799995422363,0,0,1.53945302963257,0,50,50,50,0,0,25.3995170593262,14.5
2026-08-21 22:15:00,2,0,0,2,25.9202337265015,25.1849994659424,26.0999984741211,23,21,30,10,24.3449993133545,26.4799995422363,0,0,1.53824412822724,0,50,50,50,0,0,25.4005765914917,14.3625
2026-08-21 22:30:00,2,0,0,2,25.92333984375,25.2399997711182,26.0900001525879,23,21,30,10,24.3500003814697,26.4799995422363,0,0,1.53186821937561,0,50,50,50,0,0,25.4011726379395,14.225
2026-08-21 22:45:00,2,0,0,2,25.9265041351318,25.2399997711182,26.085000038147,23,21,30,10,24.414999961853,26.4849996566773,0,0,1.53297054767609,0,50,50,50,0,0,25.3963975906372,14.0875
2026-08-21 23:00:00,2,0,0,2,25.9307899475098,25.25,26.0799999237061,23,21,30,10,24.5399990081787,26.4899997711182,0,0,1.53099524974823,0,50,50,50,0,0,25.3988838195801,13.95
2026-08-21 23:15:00,2,0,0,2,25.9310092926026,25.2349996566773,26.0899991989136,23,21,30,10,24.4549989700318,26.4799995422363,0,0,1.49462103843689,0,50,50,50,0,0,25.3949003219605,13.8125
2026-08-21 23:30:00,2,0,0,2,25.9285888671875,25.25,26.0799999237061,23,21,30,10,24.4799995422363,26.4899997711182,0,0,1.46625995635986,0,50,50,50,0,0,25.4011745452881,13.675
2026-08-21 23:45:00,2,0,0,2,25.9316339492798,25.2699995040894,26.0799999237061,23,21,30,10,24.5549993515015,26.4799995422363,0,0,1.46699684858322,0,50,50,50,0,0,25.3924226760865,13.5375
2026-08-22 00:00:00,2,0,0,2,25.9313640594482,25.2799987792969,26.0799999237061,23,21,30,10,24.5699996948242,26.4799995422363,0,0,1.46447825431824,0,50,50,50,0,0,25.3898620605469,13.55
2026-08-22 00:15:00,2,0,0,2,25.9313488006592,25.2599992752076,26.085000038147,23,21,30,10,24.6149997711182,26.4799995422363,0,0,1.46369504928589,0,50,50,50,0,0,25.3943004608154,13.465
2026-08-22 00:30:00,2,0,0,2,25.9295597076416,25.2600002288818,26.0699996948242,23,21,30,10,24.689998626709,26.4799995422363,0,0,1.46476101875305,0,50,50,50,0,0,25.3920993804932,13.38
2026-08-22 00:45:00,2,0,0,2,25.930160522461,25.2749996185303,26.0799999237061,23,21,30,10,24.6299991607666,26.4799995422363,0,0,1.46263921260834,0,50,50,50,0,0,25.3959226608277,13.295
2026-08-22 01:00:00,2,0,0,2,25.9318237304688,25.2799987792969,26.0699996948242,23,21,30,10,24.6999988555908,26.4699993133545,0,0,1.46017348766327,0,50,50,50,0,0,25.3970623016357,13.21
2026-08-22 01:15:00,2,0,0,2,25.9308366775513,25.2999992370605,26.0799999237061,23,21,30,10,24.6649999618531,26.4749994277954,0,0,1.46323335170746,0,50,50,50,0,0,25.3915605545044,13.1275
2026-08-22 01:30:00,2,0,0,2,25.9330654144287,25.3199996948242,26.0900001525879,23,21,30,10,24.689998626709,26.4799995422363,0,0,1.4640166759491,0,50,50,50,0,0,25.3894386291504,13.045
2026-08-22 01:45:00,2,0,0,2,25.9303855895996,25.2949991226196,26.0799999237061,23,21,30,10,24.7299995422364,26.4799995422363,0,0,1.46131056547165,0,50,50,50,0,0,25.3903169631958,12.9625
2026-08-22 02:00:00,2,0,0,2,25.9319152832031,25.3699989318848,26.0699996948242,23,21,30,10,24.8199996948242,26.4799995422363,0,0,1.4637622833252,0,50,50,50,0,0,25.3850536346436,12.88
2026-08-22 02:15:00,2,0,0,2,25.9316148757935,25.335000038147,26.0749998092652,23,21,30,10,24.8049993515015,26.4749994277954,0,0,1.46464347839356,0,50,50,50,0,0,25.3866348266602,12.7975
2026-08-22 02:30:00,2,0,0,2,25.9290351867676,25.2999992370605,26.0599994659424,23,21,30,10,24.8500003814697,26.4799995422363,0,0,1.46186685562134,0,50,50,50,0,0,25.3843059539795,12.715
2026-08-22 02:45:00,2,0,0,2,25.9301128387452,25.3249998092652,26.0599994659424,23,21,30,10,24.8599987030029,26.4699993133545,0,0,1.46288025379181,0,50,50,50,0,0,25.3807191848755,12.6325
2026-08-22 03:00:00,2,0,0,2,25.9281921386719,25.3500003814697,26.0599994659424,23,21,30,10,24.8500003814697,26.4699993133545,0,0,1.45950150489807,0,50,50,50,0,0,25.3789253234863,12.55
2026-08-22 03:15:00,2,0,0,2,25.9271500905355,25.3466663360596,26.0566660563151,23,21,30,10,24.953332901001,26.4633324941,0,0,1.46373188495636,0,50,50,50,0,0,25.3789412180583,12.4825
2026-08-22 03:30:00,2,0,0,2,25.9221267700195,25.3599987030029,26.0499992370605,23,21,30,10,24.8999996185303,26.4699993133545,0,0,1.46290874481201,0,50,50,50,0,0,25.3852100372314,12.415
2026-08-22 03:45:00,2,0,0,2,25.919755935669,25.3599996566773,26.0449991226196,23,21,30,10,24.9549989700318,26.4549989700318,0,0,1.46151387691498,0,50,50,50,0,0,25.382890701294,12.3475
2026-08-22 04:00:00,2,0,0,2,25.9179382324219,25.3999996185303,26.0499992370605,23,21,30,10,24.9499988555908,26.4499988555908,0,0,1.46240174770355,0,50,50,50,0,0,25.3790798187256,12.28
2026-08-22 04:15:00,2,0,0,2,25.9131803512574,25.3899993896485,26.0399990081787,23,21,30,10,24.9949998855591,26.4499988555909,0,0,1.46242791414261,0,50,50,50,0,0,25.3794250488282,12.21
2026-08-22 04:30:00,2,0,0,2,25.9063014984131,25.3699989318848,26.0499992370605,23,21,30,10,24.9599990844727,26.439998626709,0,0,1.46322071552277,0,50,50,50,0,0,25.3756771087646,12.14
2026-08-22 04:45:00,2,0,0,2,25.9041776657105,25.3999996185303,26.0399990081787,23,21,30,10,25.0149993896485,26.4349994659424,0,0,1.46444565057755,0,50,50,50,0,0,25.3727416992188,12.07
2026-08-22 05:00:00,2,0,0,2,25.898193359375,25.4099998474121,26.0299987792969,23,21,30,10,25.0100002288818,26.439998626709,0,0,1.46147429943085,0,50,50,50,0,0,25.3706874847412,12
2026-08-22 05:15:00,2,0,0,2,25.8959150314331,25.4099998474121,26.024998664856,23,21,30,10,25.0599994659424,26.4349994659424,0,0,1.46216762065888,0,50,50,50,0,0,25.3684997558594,11.9325
2026-08-22 05:30:00,2,0,0,2,25.8875141143799,25.4200000762939,26.0299987792969,23,21,30,10,25.0900001525879,26.4200000762939,0,0,1.46490907669067,0,50,50,50,0,0,25.3620433807373,11.865
2026-08-22 05:45:00,2,0,0,2,25.8855867385865,25.4099998474121,26.0149993896484,23,21,30,10,25.1049995422363,26.414999961853,0,0,1.46356070041657,0,50,50,50,0,0,25.3551607131958,11.7975
2026-08-22 06:00:00,2,0,0,2,25.8815536499023,25.4300003051758,26.019998550415,23,21,30,10,25.1000003814697,26.4200000762939,0,0,1.4601366519928,0,50,50,50,0,0,25.3530330657959,11.73
2026-08-22 06:15:00,2,0,0,2,25.8783702850342,25.439998626709,26.0149993896484,23,21,30,10,25.1399993896485,26.4099998474121,0,0,1.46547335386277,0,50,50,50,0,0,25.345760345459,11.7875
2026-08-22 06:30:00,2,0,0,2,25.8754596710205,25.4200000762939,26,23,21,30,10,25.1099987030029,26.3999996185303,0,0,1.46711313724518,0,50,50,50,0,0,25.3460273742676,11.845
2026-08-22 06:45:00,2,0,0,2,25.8689422607422,25.4349994659424,25.9949998855591,23,21,30,10,25.1549997329712,26.3999996185303,0,0,1.46057635545731,0,50,50,50,0,0,25.3414402008057,11.9025
2026-08-22 07:00:00,2,0,0,2,25.864164352417,25.4699993133545,25.9899997711182,23,21,30,10,25.1599998474121,26.3999996185303,0,0,1.46413064002991,0,50,50,50,0,0,25.3327445983887,11.96
2026-08-22 07:15:00,2,0,0,2,25.8581762313843,25.4549989700318,25.9949998855591,23,21,30,10,25.1800003051758,26.3949995040894,0,0,1.46457332372666,0,50,50,50,0,0,25.3318061828614,12.02
2026-08-22 07:30:00,2,0,0,2,25.8604488372803,25.4300003051758,25.9799995422363,23,21,30,10,25.1999988555908,26.3899993896484,0,0,1.45870089530945,0,50,50,50,0,0,25.3206348419189,12.08
2026-08-22 07:45:00,2,0,0,2,25.85733127594,25.4449987411499,25.9799995422364,23,21,30,10,25.2399997711182,26.3849992752075,0,0,1.46245396137238,0,50,50,50,0,0,25.3202419281006,12.14
2026-08-22 08:00:00,2,0,0,2,25.8564834594727,25.4599990844727,25.9799995422363,23,21,30,10,25.2199993133545,26.3799991607666,0,0,1.46025025844574,0,50,50,50,0,0,25.3178367614746,12.2
2026-08-22 08:15:00,2,0,0,2,25.8532638549805,25.4649991989136,25.9649991989136,23,21,30,10,25.269998550415,26.3749990463257,0,0,1.46173429489136,0,50,50,50,0,0,25.3128871917725,12.2575
2026-08-22 08:30:00,2,0,0,2,25.8506374359131,25.4799995422363,25.9599990844727,23,21,30,10,25.269998550415,26.3799991607666,0,0,1.45993888378143,0,50,50,50,0,0,25.31272315979,12.315
2026-08-22 08:45:00,2,0,0,2,25.8461570739746,25.4899997711182,25.9449987411499,23,21,30,10,25.2899990081787,26.3749990463257,0,0,1.46244311332703,0,50,50,50,0,0,25.3053121566773,12.3725
2026-08-22 09:00:00,2,0,0,2,25.8422622680664,25.4799995422363,25.9499988555908,23,21,30,10,25.2799987792969,26.3799991607666,0,0,1.46541833877563,0,50,50,50,0,0,25.3001003265381,12.43
2026-08-22 09:15:00,2,0,0,2,25.8388710021973,25.4949998855591,25.9449987411499,23,21,30,10,25.3249998092652,26.3699989318848,0,0,1.46390759944916,0,50,50,50,0,0,25.2922153472901,12.8675
2026-08-22 09:30:00,2,0,0,2,25.8350448608398,25.5100002288818,25.9499988555908,23,21,30,10,25.3599987030029,26.3699989318848,0,0,1.46039724349976,0,50,50,50,0,0,25.2900409698486,13.305
2026-08-22 09:45:00,2,0,0,2,25.8300037384033,25.5050001144409,25.939998626709,23,21,30,10,25.3799991607666,26.3599987030029,0,0,1.45824790000916,0,50,50,50,0,0,25.2844877243042,13.7425
2026-08-22 10:00:00,2,0,0,2,25.8259315490723,25.519998550415,25.939998626709,23,21,30,10,25.3899993896484,26.3499984741211,0,0,1.46484470367432,0,50,50,50,0,0,25.281608581543,14.18
2026-08-22 10:15:00,2,0,0,2,25.8233318328858,25.5299987792969,25.920000076294,23,21,30,10,25.4049997329712,26.3599987030029,0,0,1.46125376224518,0,50,50,50,0,0,25.2801151275635,14.615
2026-08-22 10:30:00,2,0,0,2,25.8213386535645,25.519998550415,25.9200000762939,23,21,30,10,25.4099998474121,26.3499984741211,0,0,1.46011102199554,0,50,50,50,0,0,25.2772102355957,15.05
2026-08-22 10:45:00,2,0,0,2,25.8161792755127,25.5349988937378,25.9200000762939,23,21,30,10,25.414999961853,26.354998588562,0,0,1.46174848079682,0,50,50,50,0,0,25.2752370834351,15.485
2026-08-22 11:00:00,2,0,0,2,25.8118534088135,25.5399990081787,25.9200000762939,23,21,30,10,25.4200000762939,26.3499984741211,0,0,1.46155118942261,0,50,50,50,0,0,25.2724056243896,15.92
2026-08-22 11:15:00,2,0,0,2,25.8083848953247,25.5399990081787,25.9099998474121,23,21,30,10,25.4349994659424,26.3449993133545,0,0,1.46458739042282,0,50,50,50,0,0,25.2692012786865,16.3575
2026-08-22 11:30:00,2,0,0,2,25.8030548095703,25.5299987792969,25.9099998474121,23,21,30,10,25.4300003051758,26.3499984741211,0,0,1.47219812870026,0,50,50,50,0,0,25.2639999389648,16.795
2026-08-22 11:45:00,2,0,0,2,25.7976007461548,25.5399990081787,25.9049997329712,23,21,30,10,25.4549989700318,26.3449993133545,0,0,1.4717892408371,0,50,50,50,0,0,25.2619390487671,17.2325
2026-08-22 12:00:00,2,0,0,2,25.7943553924561,25.5499992370605,25.8999996185303,23,21,30,10,25.4799995422363,26.3299999237061,0,0,1.46820366382599,0,50,50,50,0,0,25.257007598877,17.67
2026-08-22 12:15:00,2,0,0,2,25.7880086898804,25.5649995803833,25.8899993896484,23,21,30,10,25.5,26.3199996948242,0,0,1.4684374332428,0,50,50,50,0,0,25.2573661804199,17.965
2026-08-22 12:30:00,2,0,0,2,25.7809600830078,25.5699996948242,25.8899993896484,23,21,30,10,25.519998550415,26.3199996948242,0,0,1.46844041347504,0,50,50,50,0,0,25.2570972442627,18.26
2026-08-22 12:45:00,2,0,0,2,25.7808094024659,25.585000038147,25.8849992752075,23,21,30,10,25.524998664856,26.3199996948243,0,0,1.47203290462494,0,50,50,50,0,0,25.2497234344483,18.555
2026-08-22 13:00:00,2,0,0,2,25.7760601043701,25.5599994659424,25.8899993896484,23,21,30,10,25.519998550415,26.3199996948242,0,0,1.46933305263519,0,50,50,50,0,0,25.2489337921143,18.85
2026-08-22 13:15:00,2,0,0,2,25.7763433456421,25.5749998092652,25.8799991607666,23,21,30,10,25.5299987792969,26.3099994659424,0,0,1.46774315834045,0,50,50,50,0,0,25.2434606552124,19.145
2026-08-22 13:30:00,2,0,0,2,25.7723541259766,25.5799999237061,25.8799991607666,23,21,30,10,25.5399990081787,26.2999992370605,0,0,1.47446131706238,0,50,50,50,0,0,25.2440509796143,19.44
2026-08-22 13:45:00,2,0,0,2,25.7632150650024,25.585000038147,25.8699989318848,23,21,30,10,25.5499992370605,26.2949991226196,0,0,1.46913176774979,0,50,50,50,0,0,25.2429094314575,19.735
2026-08-22 14:00:00,2,0,0,2,25.7570648193359,25.5900001525879,25.8799991607666,23,21,30,10,25.5499992370605,26.2799987792969,0,0,1.46800363063812,0,50,50,50,0,0,25.2384662628174,20.03
2026-08-22 14:15:00,2,0,0,2,25.7528877258301,25.5949993133545,25.8699989318848,23,21,30,10,25.5699996948242,26.2799987792969,0,0,1.46796011924744,0,50,50,50,0,0,25.2412042617798,20.3225
2026-08-22 14:30:00,2,0,0,2,25.7461242675781,25.6099987030029,25.8599987030029,23,21,30,10,25.5900001525879,26.2799987792969,0,0,1.46985113620758,0,50,50,50,0,0,25.2432556152344,20.615
2026-08-22 14:45:00,2,0,0,2,25.7467756271363,25.5949993133545,25.8699989318848,23,21,30,10,25.585000038147,26.2649993896484,0,0,1.47338217496872,0,50,50,50,0,0,25.2357778549195,20.9075
2026-08-22 15:00:00,2,0,0,2,25.7421607971191,25.5999984741211,25.8699989318848,23,21,30,10,25.5999984741211,26.269998550415,0,0,1.47135877609253,0,50,50,50,0,0,25.2313117980957,21.2
2026-08-22 15:15:00,2,0,0,2,25.7394170761109,25.604998588562,25.8649988174439,23,21,30,10,25.6299991607666,26.2649993896484,0,0,1.47186613082886,0,50,50,50,0,0,25.2301769256592,21.025
2026-08-22 15:30:00,2,0,0,2,25.7460098266602,25.6199989318848,25.8699989318848,23,21,30,10,25.5999984741211,26.2600002288818,0,0,1.47563886642456,0,50,50,50,0,0,25.2250347137451,20.85
2026-08-22 15:45:00,2,0,0,2,25.7291193008423,25.6099987030029,25.8649988174439,23,21,30,10,25.6249990463257,26.25,0,0,1.47352284193039,0,50,50,50,0,0,25.2293252944946,20.675
2026-08-22 16:00:00,2,0,0,2,25.7278614044189,25.6099987030029,25.8699989318848,23,21,30,10,25.6499996185303,26.25,0,0,1.47173261642456,0,50,50,50,0,0,25.2290496826172,20.5
2026-08-22 16:15:00,2,0,0,2,25.7143087387085,25.6149988174439,25.854998588562,23,21,30,10,25.6399993896485,26.2550001144409,0,0,1.47055184841156,0,50,50,50,0,0,25.2283210754395,20.325
2026-08-22 16:30:00,2,0,0,2,25.6887607574463,25.6199989318848,25.8499984741211,23,21,30,10,25.6399993896484,26.2399997711182,0,0,1.47044956684113,0,50,50,50,0,0,25.2384281158447,20.15
2026-08-22 16:45:00,2,0,0,2,25.6939964294434,25.6199989318848,25.8499994277954,23,21,30,10,25.6449995040894,26.2449998855591,0,0,1.46892273426056,0,50,50,50,0,0,25.2280836105347,19.975
2026-08-22 17:00:00,2,0,0,2,25.7072296142578,25.6399993896484,25.8400001525879,23,21,30,10,25.6499996185303,26.2399997711182,0,0,1.47239792346954,0,50,50,50,0,0,25.2215042114258,19.8
2026-08-22 17:15:00,2,0,0,2,25.700969696045,25.6299991607666,25.8499984741211,23,21,30,10,25.664999961853,26.2399997711182,0,0,1.46913087368012,0,50,50,50,0,0,25.2201557159424,19.625
2026-08-22 17:30:00,2,0,0,2,25.6968517303467,25.6299991607666,25.8599987030029,23,21,30,10,25.6599998474121,26.2399997711182,0,0,1.46863305568695,0,50,50,50,0,0,25.2186794281006,19.45
2026-08-22 17:45:00,2,0,0,2,25.6915168762207,25.6299991607666,25.8449993133545,23,21,30,10,25.6549997329712,26.2349996566773,0,0,1.4673023223877,0,50,50,50,0,0,25.2167873382569,19.275
2026-08-22 18:00:00,2,0,0,2,25.6786365509033,25.6299991607666,25.8400001525879,23,21,30,10,25.6599998474121,26.2299995422363,0,0,1.4678829908371,0,50,50,50,0,0,25.2180442810059,19.1
2026-08-22 18:15:00,2,0,0,2,25.6430988311768,25.6399993896484,25.8449993133545,23,21,30,10,25.6700000762939,26.2299995422363,0,0,1.46983969211579,0,50,50,50,0,0,25.2306661605835,18.89
2026-08-22 18:30:00,2,0,0,2,25.6037826538086,25.6399993896484,25.8400001525879,23,21,30,10,25.6700000762939,26.2299995422363,0,0,1.47201120853424,0,50,50,50,0,0,25.2453422546387,18.68
2026-08-22 18:45:00,2,0,0,2,25.6204147338867,25.6449995040894,25.835000038147,23,21,30,10,25.6750001907349,26.2199993133545,0,0,1.47052162885666,0,50,50,50,0,0,25.2335758209229,18.47
2026-08-22 19:00:00,2,0,0,2,25.6428813934326,25.6499996185303,25.8299999237061,23,21,30,10,25.6700000762939,26.2199993133545,0,0,1.47025775909424,0,50,50,50,0,0,25.2139453887939,18.26
2026-08-22 19:15:00,2,0,0,2,25.6326398849487,25.6549997329712,25.8299999237061,23,21,30,10,25.6849994659424,26.2249994277954,0,0,1.47134387493134,0,50,50,50,0,0,25.2192564010621,18.05
2026-08-22 19:30:00,2,0,0,2,25.6386966705322,25.6499996185303,25.8299999237061,23,21,30,10,25.6800003051758,26.2199993133545,0,0,1.47113597393036,0,50,50,50,0,0,25.2120571136475,17.84
2026-08-22 19:45:00,2,0,0,2,25.6142873764039,25.6499996185303,25.8199996948242,23,21,30,10,25.6999988555909,26.2099990844727,0,0,1.46906995773316,0,50,50,50,0,0,25.2274322509766,17.63
2026-08-22 20:00:00,2,0,0,2,25.6024227142334,25.6499996185303,25.8199996948242,23,21,30,10,25.6999988555908,26.2099990844727,0,0,1.47420299053192,0,50,50,50,0,0,25.2233772277832,17.42
2026-08-22 20:15:00,2,0,0,2,25.607668876648,25.6499996185303,25.8199996948242,23,21,30,10,25.7049989700318,26.2099990844727,0,0,1.47020822763443,0,50,50,50,0,0,25.2089471817017,17.21
2026-08-22 20:30:00,2,0,0,2,25.6079425811768,25.6499996185303,25.8099994659424,23,21,30,10,25.7199993133545,26.1999988555908,0,0,1.47166609764099,0,50,50,50,0,0,25.2032928466797,17
2026-08-22 20:45:00,2,0,0,2,25.5845193862915,25.6549997329712,25.8049993515015,23,21,30,10,25.7099990844727,26.2099990844727,0,0,1.47244477272034,0,50,50,50,0,0,25.2145795822144,16.79
2026-08-22 21:00:00,2,0,0,2,25.585844039917,25.6599998474121,25.7999992370605,23,21,30,10,25.7199993133545,26.1999988555908,0,0,1.47049295902252,0,50,50,50,0,0,25.2079296112061,16.58
2026-08-22 21:15:00,2,0,0,2,25.5931301116944,25.6549997329712,25.8049993515015,23,21,30,10,25.7249994277954,26.2049989700318,0,0,1.47281903028488,0,50,50,50,0,0,25.2023544311524,16.4175
2026-08-22 21:30:00,2,0,0,2,25.5921268463135,25.6700000762939,25.7899990081787,23,21,30,10,25.7600002288818,26.1999988555908,0,0,1.46816802024841,0,50,50,50,0,0,25.1932716369629,16.255
2026-08-22 21:45:00,2,0,0,2,25.5896711349488,25.6599998474121,25.7949991226196,23,21,30,10,25.774998664856,26.1999988555908,0,0,1.46390819549561,0,50,50,50,0,0,25.195013999939,16.0925
2026-08-22 22:00:00,2,0,0,2,25.6152858734131,25.6700000762939,25.7999992370605,23,21,30,10,25.7899990081787,26.1999988555908,0,0,1.45748865604401,0,50,50,50,0,0,25.1749744415283,15.93
2026-08-22 22:15:00,2,0,0,2,25.5794343948365,25.664999961853,25.7899990081787,23,21,30,10,25.7799987792969,26.1899995803833,0,0,1.46254563331604,0,50,50,50,0,0,25.1950540542603,15.77
2026-08-22 22:30:00,2,0,0,2,25.5736255645752,25.6499996185303,25.7899990081787,23,21,30,10,25.7999992370605,26.189998626709,0,0,1.46105325222015,0,50,50,50,0,0,25.1903018951416,15.61
2026-08-22 22:45:00,2,0,0,2,25.5805969238281,25.6750001907349,25.7899990081787,23,21,30,10,25.8049993515015,26.1799993515015,0,0,1.45877647399903,0,50,50,50,0,0,25.1760349273682,15.45
2026-08-22 23:00:00,2,0,0,2,25.5752220153809,25.6700000762939,25.7899990081787,23,21,30,10,25.7999992370605,26.1800003051758,0,0,1.45958268642426,0,50,50,50,0,0,25.1760120391846,15.29
2026-08-22 23:15:00,2,0,0,2,25.5752563476563,25.6700000762939,25.7849988937378,23,21,30,10,25.8099994659424,26.1750001907349,0,0,1.46190041303635,0,50,50,50,0,0,25.1678485870361,15.1275
2026-08-22 23:30:00,2,0,0,2,25.5458965301514,25.689998626709,25.7799987792969,23,21,30,10,25.8099994659424,26.1700000762939,0,0,1.46401977539062,0,50,50,50,0,0,25.1840648651123,14.965
2026-08-22 23:45:00,2,0,0,2,25.5638198852539,25.6750001907349,25.7799987792969,23,21,30,10,25.8149995803833,26.1750001907349,0,0,1.46395087242127,0,50,50,50,0,0,25.1711587905884,14.8025
2026-08-23 00:00:00,2,0,0,2,25.5899429321289,25.6700000762939,25.769998550415,23,21,30,10,25.8199996948242,26.1599998474121,0,0,1.46108937263489,0,50,50,50,0,0,25.1575317382812,15.29
2026-08-23 00:15:00,2,0,0,2,25.5600061416626,25.6800003051758,25.774998664856,23,21,30,10,25.8249998092652,26.1599998474121,0,0,1.46422398090363,0,50,50,50,0,0,25.1629981994629,15.135
2026-08-23 00:30:00,2,0,0,2,25.5692081451416,25.6800003051758,25.769998550415,23,21,30,10,25.8199996948242,26.1599998474121,0,0,1.46377778053284,0,50,50,50,0,0,25.1582336425781,14.98
2026-08-23 00:45:00,2,0,0,2,25.5689821243286,25.6800003051758,25.769998550415,23,21,30,10,25.835000038147,26.1549997329712,0,0,1.46523892879486,0,50,50,50,0,0,25.1525774002075,14.825
2026-08-23 01:00:00,2,0,0,2,25.5530261993408,25.689998626709,25.769998550415,23,21,30,10,25.8400001525879,26.1499996185303,0,0,1.46263027191162,0,50,50,50,0,0,25.1555309295654,14.67
2026-08-23 01:15:00,2,0,0,2,25.5664157867432,25.6849994659424,25.769998550415,23,21,30,10,25.8449993133545,26.1449995040894,0,0,1.46226704120636,0,50,50,50,0,0,25.1435775756836,14.515
2026-08-23 01:30:00,2,0,0,2,25.5748653411865,25.689998626709,25.7399997711182,23,21,30,10,25.8299999237061,26.1499996185303,0,0,1.45949113368988,0,50,50,50,0,0,25.1394424438477,14.36
2026-08-23 01:45:00,2,0,0,2,25.5658054351807,25.6849994659424,25.7599992752075,23,21,30,10,25.8499984741211,26.1449995040894,0,0,1.462497651577,0,50,50,50,0,0,25.14319896698,14.205
2026-08-23 02:00:00,2,0,0,2,25.5563354492188,25.6999988555908,25.75,23,21,30,10,25.8599987030029,26.1399993896484,0,0,1.46077764034271,0,50,50,50,0,0,25.1420497894287,14.05
2026-08-23 02:15:00,2,0,0,2,25.5377883911133,25.689998626709,25.75,23,21,30,10,25.8549995422364,26.1299991607666,0,0,1.46276777982712,0,50,50,50,0,0,25.1451425552368,13.895
2026-08-23 02:30:00,2,0,0,2,25.5102596282959,25.689998626709,25.7399997711182,23,21,30,10,25.8799991607666,26.1399993896484,0,0,1.45824873447418,0,50,50,50,0,0,25.1576900482178,13.74
2026-08-23 02:45:00,2,0,0,2,25.4686183929443,25.689998626709,25.75,23,21,30,10,25.8799991607666,26.1349992752075,0,0,1.46693402528763,0,50,50,50,0,0,25.1709032058716,13.585
2026-08-23 03:00:00,2,0,0,2,25.4775619506836,25.6800003051758,25.7299995422363,23,21,30,10,25.8799991607666,26.1399993896484,0,0,1.48783946037292,0,50,50,50,0,0,25.1596279144287,13.43
2026-08-23 03:15:00,2,0,0,2,25.4616489410401,25.689998626709,25.7399997711182,23,21,30,10,25.8899993896484,26.1299991607666,0,0,1.46596747636795,0,50,50,50,0,0,25.163161277771,13.3325
2026-08-23 03:30:00,2,0,0,2,25.4510488510132,25.6949987411499,25.7399997711182,23,21,30,10,25.8899993896484,26.1199989318848,0,0,1.46060878038407,0,50,50,50,0,0,25.1586265563965,13.235
2026-08-23 03:45:00,2,0,0,2,25.454080581665,25.6999988555908,25.7399997711182,23,21,30,10,25.8899993896484,26.1199989318848,0,0,1.46056926250458,0,50,50,50,0,0,25.1554489135742,13.1375
2026-08-23 04:00:00,2,0,0,2,25.4736213684082,25.689998626709,25.7399997711182,23,21,30,10,25.8999996185303,26.1199989318848,0,0,1.46131998300552,0,50,50,50,0,0,25.1433382034302,13.04
2026-08-23 04:15:00,2,0,0,2,25.5250053405762,25.6999988555908,25.7199993133545,23,21,30,10,25.9200000762939,26.1199989318848,0,0,1.45805358886719,0,50,50,50,0,0,25.1153526306152,12.94
2026-08-23 04:30:00,2,0,0,2,25.52956199646,25.6949987411499,25.7249994277954,23,21,30,10,25.9099998474121,26.1099987030029,0,0,1.46323549747467,0,50,50,50,0,0,25.1057939529419,12.84
2026-08-23 04:45:00,2,0,0,2,25.4842567443848,25.6999988555908,25.7099990844727,23,21,30,10,25.9099998474121,26.1099987030029,0,0,1.45898628234863,0,50,50,50,0,0,25.1328544616699,12.74
2026-08-23 05:00:00,2,0,0,2,25.5068101882935,25.6949987411499,25.7249994277954,23,21,30,10,25.9049997329712,26.1099987030029,0,0,1.46079969406128,0,50,50,50,0,0,25.1100797653199,12.64
2026-08-23 05:15:00,2,0,0,2,25.4948978424072,25.6999988555908,25.7099990844727,23,21,30,10,25.9300003051758,26.0999984741211,0,0,1.46141970157623,0,50,50,50,0,0,25.1082153320312,12.5425
2026-08-23 05:30:00,2,0,0,2,25.4428100585938,25.6999988555908,25.7149991989136,23,21,30,10,25.9349994659424,26.0999984741211,0,0,1.45890080928803,0,50,50,50,0,0,25.1365013122559,12.445
2026-08-23 05:45:00,2,0,0,2,25.4533557891846,25.6999988555908,25.7099990844727,23,21,30,10,25.9300003051758,26.0999984741211,0,0,1.4609911441803,0,50,50,50,0,0,25.1197776794434,12.3475
2026-08-23 06:00:00,2,0,0,2,25.4214811325074,25.6949987411499,25.7049989700318,23,21,30,10,25.9250001907349,26.0999984741211,0,0,1.46308207511902,0,50,50,50,0,0,25.1292724609375,12.25
2026-08-23 06:15:00,2,0,0,2,25.4124069213867,25.6800003051758,25.6999988555908,23,21,30,10,25.9300003051758,26.0999984741211,0,0,1.46116673946381,0,50,50,50,0,0,25.1281929016113,12.3025
2026-08-23 06:30:00,2,0,0,2,25.400562286377,25.6999988555909,25.6949987411499,23,21,30,10,25.939998626709,26.0949993133545,0,0,1.46120768785477,0,50,50,50,0,0,25.1158657073975,12.355
2026-08-23 06:45:00,2,0,0,2,25.3974056243896,25.689998626709,25.689998626709,23,21,30,10,25.939998626709,26.0999984741211,0,0,1.45896565914154,0,50,50,50,0,0,25.1095790863037,12.4075
2026-08-23 07:00:00,2,0,0,2,25.3955869674683,25.6949987411499,25.6750001907349,23,21,30,10,25.9250001907349,26.0900001525879,0,0,1.46237397193909,0,50,50,50,0,0,25.1002931594849,12.46
2026-08-23 07:15:00,2,0,0,2,25.428991317749,25.689998626709,25.6800003051758,23,21,30,10,25.939998626709,26.0900001525879,0,1,1.46215164661407,0,150,260,150,0,0,25.0720882415771,12.5125
2026-08-23 07:30:00,2,0,0,2,25.4167127609253,25.689998626709,25.664999961853,23,21,30,10,25.9349994659424,26.0900001525879,0,1,1.46187484264374,0,150,260,150,0,0,25.0754680633545,12.565
2026-08-23 07:45:00,2,0,0,2,25.3999366760254,25.689998626709,25.6599998474121,23,21,30,10,25.9499988555908,26.0900001525879,0,1,1.46260678768158,0,150,260,150,0,0,25.077693939209,12.6175
2026-08-23 08:00:00,2,0,0,2,25.3920669555664,25.6949987411499,25.6599998474121,23,21,30,10,25.9250001907349,26.0799999237061,0,1,1.46005409955979,0,150,260,150,0,0,25.0740108489991,12.67
2026-08-23 08:15:00,2,0,0,2,25.3850841522217,25.689998626709,25.6399993896484,23,21,30,10,25.9300003051758,26.0799999237061,0,1,1.45910096168518,0,150,260,150,0,0,25.0658893585205,12.72
2026-08-23 08:30:00,2,0,0,2,25.4007120132447,25.6949987411499,25.6449995040894,23,21,30,10,25.939998626709,26.0699996948242,0,1,1.46113103628159,0,150,260,150,0,0,25.0512285232544,12.77
2026-08-23 08:45:00,2,0,0,2,25.4300155639648,25.689998626709,25.6499996185303,23,21,30,10,25.939998626709,26.0699996948242,0,1,1.45930325984955,0,150,260,150,0,0,25.0310497283936,12.82
2026-08-23 09:00:00,2,0,0,2,25.414704322815,25.689998626709,25.6349992752075,23,21,30,10,25.9349994659424,26.0649995803833,0,0.5,1.46235501766205,0,100,155,100,0,0,25.0299377441407,12.87
2026-08-23 09:15:00,2,0,0,2,25.4271335601807,25.689998626709,25.6199989318848,23,21,30,10,25.9300003051758,26.0599994659424,0,1,1.46067535877228,0,150,260,150,0,0,25.0118255615234,13.3275
2026-08-23 09:30:00,2,0,0,2,25.4372787475586,25.689998626709,25.6299991607666,23,21,30,10,25.9349994659424,26.0549993515015,0,0,1.45836675167084,0,50,50,50,0,0,25.0100860595703,13.785
2026-08-23 09:45:00,2,0,0,2,25.4120979309082,25.689998626709,25.6099987030029,23,21,30,10,25.9200000762939,26.0499992370605,0,0,1.45671582221985,0,50,50,50,0,0,25.011438369751,14.2425
2026-08-23 10:00:00,2,0,0,2,25.3568124771118,25.6849994659424,25.6149988174439,23,21,30,10,25.920000076294,26.0449991226197,0,0,1.46161806583405,0,50,50,50,0,0,25.030647277832,14.7
2026-08-23 10:15:00,2,0,0,2,25.3681201934814,25.689998626709,25.6099987030029,23,21,30,10,25.9300003051758,26.0499992370605,0,0,1.46063804626465,0,50,50,50,0,0,25.0196132659912,15.1575
2026-08-23 10:30:00,2,0,0,2,25.3217315673828,25.6849994659424,25.5999984741211,23,21,30,10,25.9250001907349,26.0299987792969,0,0,1.46157908439637,0,50,50,50,0,0,25.0130681991578,15.615
2026-08-23 10:45:00,2,0,0,2,25.3246955871582,25.689998626709,25.6099987030029,23,21,30,10,25.9300003051758,26.019998550415,0,0,1.45849823951721,0,50,50,50,0,0,25.0006980895996,16.0725
2026-08-23 11:00:00,2,0,0,2,25.3109502792359,25.6849994659424,25.604998588562,23,21,30,10,25.9249992370606,26.019998550415,0,0,1.46211081743241,0,50,50,50,0,0,25.0023460388184,16.53
2026-08-23 11:15:00,2,0,0,2,25.2984142303467,25.6800003051758,25.5999984741211,23,21,30,10,25.9099998474121,26.0100002288818,0,0,1.45966637134552,0,50,50,50,0,0,24.9898853302002,16.9875
2026-08-23 11:30:00,2,0,0,2,25.3325967788697,25.6849994659424,25.5949993133545,23,21,30,10,25.914999961853,26,0,0,1.46294754743577,0,50,50,50,0,0,24.9804134368897,17.445
2026-08-23 11:45:00,2,0,0,2,25.2910385131836,25.6800003051758,25.5799999237061,23,21,30,10,25.9099998474121,26.0100002288818,0,0,1.45733249187469,0,50,50,50,0,0,24.9759254455566,17.9025
2026-08-23 12:00:00,2,0,0,2,25.3230485916138,25.6800003051758,25.5799999237061,23,21,30,10,25.9099998474121,26,0,0,1.46286803483964,0,50,50,50,0,0,24.9727535247803,18.36
2026-08-23 12:15:00,2,0,0,2,25.2982635498047,25.6800003051758,25.5900001525879,23,21,30,10,25.9200000762939,26,0,0,1.46257400512695,0,50,50,50,0,0,24.97389793396,18.665
2026-08-23 12:30:00,2,0,0,2,25.271092414856,25.6800003051758,25.585000038147,23,21,30,10,25.9200000762939,25.9949998855591,0,0,1.4619329571724,0,50,50,50,0,0,24.9605560302735,18.97
2026-08-23 12:45:00,2,0,0,2,25.3055553436279,25.6700000762939,25.5900001525879,23,21,30,10,25.9099998474121,25.9899997711182,0,0,1.45901012420654,0,50,50,50,0,0,24.9568958282471,19.275
2026-08-23 13:00:00,2,0,0,2,25.2909345626831,25.6750001907349,25.5699996948242,23,21,30,10,25.9250001907349,25.9899997711182,0,0,1.45974761247635,0,50,50,50,0,0,24.9539747238159,19.58
2026-08-23 13:15:00,2,0,0,2,25.2783203125,25.6800003051758,25.5699996948242,23,21,30,10,25.9200000762939,25.9899997711182,0,0,1.46513211727142,0,50,50,50,0,0,24.9517860412598,19.8825
2026-08-23 13:30:00,2,0,0,2,25.2758169174195,25.6800003051758,25.5749998092652,23,21,30,10,25.9200000762939,25.9799995422363,0,0,1.46159493923187,0,50,50,50,0,0,24.939700126648,20.185
2026-08-23 13:45:00,2,0,0,2,25.284107208252,25.6700000762939,25.5799999237061,23,21,30,10,25.9200000762939,25.9799995422363,0,0,1.45819807052612,0,50,50,50,0,0,24.9429111480713,20.4875
2026-08-23 14:00:00,2,0,0,2,25.2553234100342,25.6700000762939,25.5649995803833,23,21,30,10,25.9200000762939,25.9749994277954,0,0,1.46083164215088,0,50,50,50,0,0,24.9256401062012,20.79
2026-08-23 14:15:00,2,0,0,2,25.2799015045166,25.6599998474121,25.5499992370605,23,21,30,10,25.8999996185303,25.9699993133545,0,0,1.45934164524078,0,50,50,50,0,0,24.9262771606445,21.095
2026-08-23 14:30:00,2,0,0,2,25.2666349411011,25.6700000762939,25.5599994659424,23,21,30,10,25.9049997329712,25.9699993133545,0,0,1.46007466316224,0,50,50,50,0,0,24.9247493743897,21.4
2026-08-23 14:45:00,2,0,0,2,25.2445182800293,25.6599998474121,25.5699996948242,23,21,30,10,25.8999996185303,25.9699993133545,0,0,1.45864546298981,0,50,50,50,0,0,24.9109745025635,21.705
2026-08-23 15:00:00,2,0,0,2,25.2730016708374,25.664999961853,25.5549993515015,23,21,30,10,25.9099998474121,25.9649991989136,0,0,1.46273946762085,0,50,50,50,0,0,24.918963432312,22.01
2026-08-23 15:15:00,2,0,0,2,25.26393699646,25.6599998474121,25.5599994659424,23,21,30,10,25.9099998474121,25.9599990844727,0,0,1.46789455413818,0,50,50,50,0,0,24.9153175354004,21.9225
2026-08-23 15:30:00,2,0,0,2,25.2542238235474,25.6599998474121,25.5549993515015,23,21,30,10,25.8999996185303,25.9599990844727,0,0,1.46264719963074,0,50,50,50,0,0,24.903094291687,21.835
2026-08-23 15:45:00,2,0,0,2,25.2618389129639,25.6599998474121,25.5499992370605,23,21,30,10,25.8999996185303,25.9699993133545,0,0,1.46449410915375,0,50,50,50,0,0,24.905445098877,21.7475
2026-08-23 16:00:00,2,0,0,2,25.2316884994507,25.6549997329712,25.5449991226196,23,21,30,10,25.8999996185303,25.9599990844727,0,0,1.45881688594818,0,50,50,50,0,0,24.8932132720948,21.66
2026-08-23 16:15:00,2,0,0,2,25.2470569610596,25.6599998474121,25.5399990081787,23,21,30,10,25.9099998474121,25.9599990844727,0,0,1.46347987651825,0,50,50,50,0,0,24.891242980957,21.575
2026-08-23 16:30:00,2,0,0,2,25.2235565185547,25.6549997329712,25.5399990081787,23,21,30,10,25.8949995040894,25.9599990844727,0,0,1.45992398262024,0,50,50,50,0,0,24.8842458724976,21.49
2026-08-23 16:45:00,2,0,0,2,25.2311782836914,25.6499996185303,25.5299987792969,23,21,30,10,25.8899993896484,25.9499988555908,0,0,1.46293449401855,0,50,50,50,0,0,24.8835010528564,21.405
2026-08-23 17:00:00,2,0,0,2,25.2538099288941,25.6449995040894,25.5399990081787,23,21,30,10,25.8999996185303,25.9499988555908,0,0,1.4607698917389,0,50,50,50,0,0,24.886381149292,21.32
2026-08-23 17:15:00,2,0,0,2,25.2502975463867,25.6499996185303,25.5299987792969,23,21,30,10,25.8999996185303,25.9499988555908,0,0,1.4619232416153,0,50,50,50,0,0,24.8866367340088,21.235
2026-08-23 17:30:00,2,0,0,2,25.2430629730225,25.6599998474121,25.5399990081787,23,21,30,10,25.8999996185303,25.9349994659424,0,0,1.45836555957794,0,50,50,50,0,0,24.8877449035645,21.15
2026-08-23 17:45:00,2,0,0,2,25.2214622497559,25.6399993896484,25.5299987792969,23,21,30,10,25.8999996185303,25.939998626709,0,0,1.45983195304871,0,50,50,50,0,0,24.8841495513916,21.065
2026-08-23 18:00:00,2,0,0,2,25.2495784759522,25.6449995040894,25.5299987792969,23,21,30,10,25.8899993896484,25.939998626709,0,0,1.45940387248993,0,50,50,50,0,0,24.8854942321778,20.98
2026-08-23 18:15:00,2,0,0,2,25.2297496795654,25.6399993896484,25.5299987792969,23,21,30,10,25.8899993896484,25.939998626709,0,0,1.46294403076172,0,50,50,50,0,0,24.8851451873779,20.69
2026-08-23 18:30:00,2,0,0,2,25.2572860717774,25.6399993896484,25.524998664856,23,21,30,10,25.8899993896484,25.9349994659424,0,0,1.45938533544541,0,50,50,50,0,0,24.8862743377686,20.4
2026-08-23 18:45:00,2,0,0,2,25.2150211334229,25.6299991607666,25.519998550415,23,21,30,10,25.8999996185303,25.939998626709,0,0,1.45934534072876,0,50,50,50,0,0,24.8885803222656,20.11
2026-08-23 19:00:00,2,0,0,2,25.1972560882569,25.6449995040894,25.5149993896484,23,21,30,10,25.8849992752075,25.9250001907349,0,0,1.46055412292481,0,50,50,50,0,0,24.8808193206787,19.82
2026-08-23 19:15:00,2,0,0,2,25.1874828338623,25.6399993896484,25.519998550415,23,21,30,10,25.8799991607666,25.9300003051758,0,0,1.46263313293457,0,50,50,50,0,0,24.8701343536377,19.5325
2026-08-23 19:30:00,2,0,0,2,25.1638021469116,25.6399993896484,25.519998550415,23,21,30,10,25.8849992752075,25.9300003051758,0,0,1.45994025468826,0,50,50,50,0,0,24.849739074707,19.245
2026-08-23 19:45:00,2,0,0,2,25.1731643676758,25.6399993896484,25.5,23,21,30,10,25.8799991607666,25.9300003051758,0,0,1.46139800548553,0,50,50,50,0,0,24.8477802276611,18.9575
2026-08-23 20:00:00,2,0,0,2,25.175952911377,25.6399993896484,25.5,23,21,30,10,25.8849992752075,25.9099998474121,0,0,1.46057009696961,0,50,50,50,0,0,24.8455581665039,18.67
2026-08-23 20:15:00,2,0,0,2,25.1753730773926,25.6399993896484,25.5100002288818,23,21,30,10,25.8799991607666,25.9200000762939,0,0,1.45865380764008,0,50,50,50,0,0,24.8428058624268,18.38
2026-08-23 20:30:00,2,0,0,2,25.2009401321411,25.6299991607666,25.5100002288818,23,21,30,10,25.8799991607666,25.920000076294,0,0,1.46108102798462,0,50,50,50,0,0,24.8544578552246,18.09
2026-08-23 20:45:00,2,0,0,2,25.1756839752197,25.6399993896484,25.5,23,21,30,10,25.8799991607666,25.9099998474121,0,0,1.46021318435669,0,50,50,50,0,0,24.8460693359375,17.8
2026-08-23 21:00:00,2,0,0,2,25.1770858764649,25.6349992752075,25.5,23,21,30,10,25.8749990463257,25.914999961853,0,0,1.46016025543213,0,50,50,50,0,0,24.8481807708741,17.51
2026-08-23 21:15:00,2,0,0,2,25.2018413543701,25.6299991607666,25.5100002288818,23,21,30,10,25.8699989318848,25.9099998474121,0,0,1.46314191818237,0,50,50,50,0,0,24.8548316955566,17.3175
2026-08-23 21:30:00,2,0,0,2,25.2022199630738,25.6249990463257,25.5,23,21,30,10,25.8749990463257,25.9049997329712,0,0,1.46327239274979,0,50,50,50,0,0,24.8572778701783,17.125
2026-08-23 21:45:00,2,0,0,2,25.2168445587158,25.6199989318848,25.4899997711182,23,21,30,10,25.8599987030029,25.8999996185303,0,0,1.45982599258423,0,50,50,50,0,0,24.864839553833,16.9325
2026-08-23 22:00:00,2,0,0,2,25.2215328216553,25.6249990463257,25.5,23,21,30,10,25.8749990463257,25.9049997329712,0,0,1.45999777317047,0,50,50,50,0,0,24.8708009719849,16.74
2026-08-23 22:15:00,2,0,0,2,25.2089176177979,25.6299991607666,25.5,23,21,30,10,25.8799991607666,25.9099998474121,0,0,1.45898246765137,0,50,50,50,0,0,24.8712024688721,16.55
2026-08-23 22:30:00,2,0,0,2,25.2279310226441,25.6199989318848,25.4949998855591,23,21,30,10,25.8749990463257,25.8999996185303,0,0,1.46131712198258,0,50,50,50,0,0,24.8755588531494,16.36
2026-08-23 22:45:00,2,0,0,2,25.2314910888672,25.6099987030029,25.5,23,21,30,10,25.8599987030029,25.9099998474121,0,0,1.46234440803528,0,50,50,50,0,0,24.8791217803955,16.17
2026-08-23 23:00:00,2,0,0,2,25.2250204086304,25.6199989318848,25.4949998855591,23,21,30,10,25.8699989318848,25.8999996185303,0,0,1.46066987514496,0,50,50,50,0,0,24.8795404434204,15.98
2026-08-23 23:15:00,2,0,0,2,25.2442684173584,25.6099987030029,25.5,23,21,30,10,25.8599987030029,25.8799991607666,0,0,1.45962238311768,0,50,50,50,0,0,24.8833541870117,15.7875
2026-08-23 23:30:00,2,0,0,2,25.2478857040405,25.6099987030029,25.4849996566773,23,21,30,10,25.8649988174439,25.8799991607666,0,0,1.46111935377121,0,50,50,50,0,0,24.8759860992432,15.595
2026-08-23 23:45:00,2,0,0,2,25.2002582550049,25.6099987030029,25.4899997711182,23,21,30,10,25.8799991607666,25.8899993896484,0,0,1.45919227600098,0,50,50,50,0,0,24.8852958679199,15.4025
2026-08-24 00:00:00,2,0,0,2,25.1920757293702,25.6099987030029,25.4899997711182,23,21,30,10,25.8649988174439,25.8849992752075,0,0,1.46475630998612,0,50,50,50,0,0,24.8889036178589,16.8
2026-08-24 00:15:00,2,0,0,2,25.2123832702637,25.6099987030029,25.4899997711182,23,21,30,10,25.8699989318848,25.8799991607666,0,0,1.46394538879395,0,50,50,50,0,0,24.8816680908203,16.71
2026-08-24 00:30:00,2,0,0,2,25.1629333496094,25.6099987030029,25.4799995422363,23,21,30,10,25.8699989318848,25.8749990463257,0,0,1.46486854553223,0,50,50,50,0,0,24.8862371444702,16.62
2026-08-24 00:45:00,2,0,0,2,25.153772354126,25.5999984741211,25.4699993133545,23,21,30,10,25.8799991607666,25.8699989318848,0,0,1.45884263515472,0,50,50,50,0,0,24.8791465759277,16.53
2026-08-24 01:00:00,2,0,0,2,25.1628065109253,25.5999994277954,25.4849996566773,23,21,30,10,25.8699989318848,25.8799991607666,0,0,1.46343010663986,0,50,50,50,0,0,24.882664680481,16.44
2026-08-24 01:15:00,2,0,0,2,25.153751373291,25.5999984741211,25.4599990844727,23,21,30,10,25.8699989318848,25.8699989318848,0,0,1.46121788024902,0,50,50,50,0,0,24.8831462860107,16.35
2026-08-24 01:30:00,2,0,0,2,25.1688842773438,25.5999984741211,25.4799995422363,23,21,30,10,25.8599987030029,25.8699989318848,0,0,1.46349006891251,0,50,50,50,0,0,24.8798694610596,16.26
2026-08-24 01:45:00,2,0,0,2,25.1699237823486,25.5999984741211,25.4599990844727,23,21,30,10,25.8599987030029,25.8699989318848,0,0,1.46082365512848,0,50,50,50,0,0,24.8797836303711,16.17
2026-08-24 02:00:00,2,0,0,2,25.147970199585,25.5949993133545,25.4749994277954,23,21,30,10,25.8599987030029,25.8649988174439,0,0,1.46074265241623,0,50,50,50,0,0,24.8781728744507,16.08
2026-08-24 02:15:00,2,0,0,2,25.1447563171387,25.5900001525879,25.4799995422363,23,21,30,10,25.8599987030029,25.8599987030029,0,0,1.46656274795532,0,50,50,50,0,0,24.8733978271484,15.99
2026-08-24 02:30:00,2,0,0,2,25.1357622146607,25.5949993133545,25.4649991989136,23,21,30,10,25.8599987030029,25.8599987030029,0,0,1.46293395757675,0,50,50,50,0,0,24.8733081817627,15.9
2026-08-24 02:45:00,2,0,0,2,25.1469116210938,25.5900001525879,25.4699993133545,23,21,30,10,25.8599987030029,25.8599987030029,0,0,1.46390628814697,0,50,50,50,0,0,24.8730602264404,15.81
2026-08-24 03:00:00,2,0,0,2,25.1350069046021,25.585000038147,25.4599990844727,23,21,30,10,25.854998588562,25.854998588562,0,0,1.46270257234573,0,50,50,50,0,0,24.8700466156006,15.72
2026-08-24 03:15:00,2,0,0,2,25.1364459991455,25.5900001525879,25.4599990844727,23,21,30,10,25.8599987030029,25.8499984741211,0,0,1.4632933139801,0,50,50,50,0,0,24.8637657165527,15.66
2026-08-24 03:30:00,2,0,0,2,25.1373329162598,25.5799999237061,25.4499988555908,23,21,30,10,25.8499984741211,25.8449993133545,0,0,1.46083426475525,0,50,50,50,0,0,24.8669776916504,15.6
2026-08-24 03:45:00,2,0,0,2,25.1434478759766,25.5799999237061,25.439998626709,23,21,30,10,25.8599987030029,25.8499984741211,0,0,1.46083962917328,0,50,50,50,0,0,24.8577175140381,15.54
2026-08-24 04:00:00,2,0,0,2,25.1299686431885,25.585000038147,25.4499988555909,23,21,30,10,25.8499984741211,25.8400001525879,0,0,1.46081769466401,0,50,50,50,0,0,24.8650770187378,15.48
2026-08-24 04:15:00,2,0,0,2,25.1184310913086,25.5900001525879,25.4499988555908,23,21,30,10,25.8499984741211,25.8400001525879,0,0,1.46176397800446,0,50,50,50,0,0,24.8540859222412,15.42
2026-08-24 04:30:00,2,0,0,2,25.1202564239502,25.5749998092652,25.4349994659424,23,21,30,10,25.8499984741211,25.835000038147,0,0,1.46263897418976,0,50,50,50,0,0,24.8497972488404,15.36
2026-08-24 04:45:00,2,0,0,2,25.1154556274414,25.5699996948242,25.439998626709,23,21,30,10,25.8499984741211,25.8499984741211,0,0,1.46329653263092,0,50,50,50,0,0,24.8506412506104,15.3
2026-08-24 05:00:00,2,0,0,2,25.105658531189,25.5749998092652,25.4300003051758,23,21,30,10,25.8400001525879,25.8299999237061,0,0,1.46036851406098,0,50,50,50,0,0,24.8414354324341,15.24
2026-08-24 05:15:00,2,0,0,2,25.1021118164062,25.5799999237061,25.4300003051758,23,21,30,10,25.8400001525879,25.8299999237061,0,0,1.45845007896423,0,50,50,50,0,0,24.8366870880127,15.18
2026-08-24 05:30:00,2,0,0,2,25.0971384048462,25.5649995803833,25.439998626709,23,21,30,10,25.8449993133545,25.8299999237061,0,0,1.46148747205734,0,50,50,50,0,0,24.830418586731,15.12
2026-08-24 05:45:00,2,0,0,2,25.0904960632324,25.5699996948242,25.4099998474121,23,21,30,10,25.8400001525879,25.8199996948242,0,0,1.45788431167603,0,50,50,50,0,0,24.8255405426025,15.06
2026-08-24 06:00:00,2,0,0,2,25.0929803848267,25.5649995803833,25.4250001907349,23,21,30,10,25.835000038147,25.8199996948242,0,0,1.46092921495438,0,50,50,50,0,0,24.818060874939,15
2026-08-24 06:15:00,2,0,0,2,25.0776653289795,25.5599994659424,25.4099998474121,23,21,30,10,25.8299999237061,25.8099994659424,0,0,1.466428399086,0,50,50,50,0,0,24.8095760345459,15.0325
2026-08-24 06:30:00,2,0,0,2,25.0831995010376,25.5599994659424,25.4099998474121,23,21,30,10,25.8299999237061,25.8199996948242,0,0,1.46462446451187,0,50,50,50,0,0,24.8091382980347,15.065
2026-08-24 06:45:00,2,0,0,2,25.0885448455811,25.5599994659424,25.3999996185303,23,21,30,10,25.8299999237061,25.8099994659424,0,0,1.46513426303864,0,50,50,50,0,0,24.8034515380859,15.0975
2026-08-24 07:00:00,2,0,0,2,25.0989313125611,25.5499992370606,25.3999996185303,23,21,30,10,25.8199996948242,25.8099994659424,0,0,1.46382892131806,0,50,50,50,0,0,24.8015098571778,15.13
2026-08-24 07:15:00,2,0,0,2,25.0856399536133,25.5499992370605,25.3699989318848,23,21,30,10,25.8400001525879,25.7999992370605,0,0,1.4665435552597,0,50,50,50,0,0,24.8002872467041,15.16
2026-08-24 07:30:00,2,0,0,2,25.0497560501099,25.5449991226197,25.3949995040894,23,21,30,10,25.8249998092652,25.7999992370605,0,1,1.77673584222794,0,73.5,73.5,73.5,0,0,24.62109375,15.19
2026-08-24 07:45:00,2,0,0,2,25.0242729187012,25.5299987792969,25.3799991607666,23,21,30,10,25.8199996948242,25.7899990081787,0,1,1.98128497600555,0,97,97,97,0,0,24.2048664093018,15.22
2026-08-24 08:00:00,2,0,0,2,25.0117883682251,25.524998664856,25.3499994277954,23,21,30,10,25.8049993515015,25.7599992752076,0,1,1.46280866861344,0,105,105,105,0,0,23.9136095046997,15.25
2026-08-24 08:15:00,2,0,0,2,24.9935207366943,25.5100002288818,25.3299999237061,23,21,30,10,25.7899990081787,25.7099990844727,0,1,1.45691514015198,0,108,108,108,0,0,23.6750545501709,15.28
2026-08-24 08:30:00,2,0,0,2,24.9742736816406,25.5099992752075,25.3249998092652,23,21,30,10,25.774998664856,25.6949996948243,0,1,1.45976561307907,0,117,117,117,0,0,23.4689426422119,15.31
2026-08-24 08:45:00,2,0,0,2,24.9494800567627,25.4899997711182,25.2999992370605,23,21,30,10,25.7600002288818,25.6499996185303,0,1,1.45966184139252,0,120,120,120,0,0,23.2571620941162,15.34
2026-08-24 09:00:00,2,0,0,2,24.9250364303589,25.4849996566773,25.2549991607666,23,21,30,10,25.7449998855591,25.609998703003,0,1,1.45949268341065,0,129,129,129,0,0,23.1480350494385,15.37
2026-08-24 09:15:00,2,0,0,2,24.902063369751,25.4699993133545,25.2399997711182,23,21,30,10,25.7399997711182,25.5799999237061,0,1,1.4551967382431,0,132,132,132,0,0,23.0607318878174,15.615
2026-08-24 09:30:00,2,0,0,2,24.8805875778199,25.4649991989136,25.2199993133545,23,21,30,10,25.7249994277954,25.5549993515015,0,1,1.45786833763123,0,138,138,138,0,0,22.9625606536866,15.86
2026-08-24 09:45:00,2,0,0,2,24.8581562042236,25.4599990844727,25.1999988555908,23,21,30,10,25.6999988555908,25.5399990081787,0,1,1.46595883369446,0,138,138,138,0,0,22.9146556854248,16.105
2026-08-24 10:00:00,2,0,0,2,24.8358983993531,25.4349994659424,25.1899995803833,23,21,30,10,25.6849994659424,25.5049991607666,0,1,1.45808637142181,0,147,144,147,0,0,22.9218482971192,16.35
2026-08-24 10:15:00,2,0,0,2,24.8141021728516,25.4200000762939,25.1599998474121,23,21,30,10,25.6599998474121,25.4699993133545,0,1,1.46181344985962,0,150,144,150,0,0,22.8832397460938,16.5925
2026-08-24 10:30:00,2,0,0,2,24.7929315567017,25.414999961853,25.1499996185303,23,21,30,10,25.6399993896485,25.4499988555909,0,1,1.45523691177369,0,150,150,150,0,0,22.8510217666626,16.835
2026-08-24 10:45:00,2,0,0,2,24.7722549438477,25.3899993896484,25.1499996185303,23,21,30,10,25.6099987030029,25.4300003051758,0,1,1.45658326148987,0,150,150,150,0,0,22.8837451934814,17.0775
2026-08-24 11:00:00,2,0,0,2,24.7583932876587,25.3849992752075,25.1199989318848,23,21,30,10,25.604998588562,25.4200000762939,0,1,1.45940005779267,0,150,150,150,0,0,22.9396600723267,17.32
2026-08-24 11:15:00,2,0,0,2,24.7370758056641,25.3799991607666,25.1299991607666,23,21,30,10,25.5900001525879,25.4099998474121,0,1,1.45799267292023,0,150,150,150,0,0,22.943172454834,17.565
2026-08-24 11:30:00,2,0,0,2,24.7210416793824,25.3649988174439,25.1000003814697,23,21,30,10,25.585000038147,25.3899993896485,0,1,1.46160113811493,0,150,260,150,0,0,22.9719181060791,17.81
2026-08-24 11:45:00,2,0,0,2,24.7064476013184,25.3699989318848,25.0799999237061,23,21,30,10,25.5799999237061,25.3899993896484,0,1,1.46053242683411,0,150,260,150,0,0,23.0090675354004,18.055
2026-08-24 12:00:00,2,0,0,2,24.6832246780396,25.3450002670288,25.0749998092652,23,21,30,10,25.5649995803833,25.3549995422363,0,1,1.46143943071366,0,141,141,141,0,0,23.0453653335572,18.3
2026-08-24 12:15:00,2,0,0,2,24.6657943725586,25.3299999237061,25.0599994659424,23,21,30,10,25.519998550415,25.3400001525879,0,1,1.46327424049377,0,132,132,132,0,0,23.1790676116943,18.8025
2026-08-24 12:30:00,2,0,0,2,24.6439723968506,25.3299999237061,25.0599994659424,23,21,30,10,25.4649991989136,25.3249998092652,0,1,1.45584988594056,0,91,91,91,0,0,23.2467403411866,19.305
2026-08-24 12:45:00,2,0,0,2,24.6281585693359,25.3199996948242,25.0499992370605,23,21,30,10,25.3699989318848,25.3299999237061,0,1,1.4603773355484,0,50,50,50,0,0,23.3452854156494,19.8075
2026-08-24 13:00:00,2,0,0,2,24.6120090484619,25.2999992370605,25.0499992370605,23,21,30,10,25.1799993515015,25.3149995803833,0,1,1.46014624834061,0,50,50,50,0,0,23.4020576477051,20.31
2026-08-24 13:15:00,2,0,0,2,24.5984401702881,25.269998550415,25.0299987792969,23,21,30,10,24.9499988555908,25.2999992370605,0,1,1.4613618850708,0,50,50,50,0,0,23.4759826660156,20.815
2026-08-24 13:30:00,2,0,0,2,24.583703994751,25.2199993133545,25.0349988937378,23,21,30,10,24.7649993896485,25.3099994659424,0,1,1.45616328716278,0,94,94,94,0,0,23.5194692611695,21.32
2026-08-24 13:45:00,2,0,0,2,24.5758895874023,25.1800003051758,25.0100002288818,23,21,30,10,24.5399990081787,25.2999992370605,0,1,1.45917534828186,0,138,138,138,0,0,23.5829544067383,21.825
2026-08-24 14:00:00,2,0,0,2,24.5750331878662,25.1249990463257,25.0100002288818,23,21,30,10,24.420000076294,25.2999992370605,0,1,1.45792108774186,0,141,141,141,0,0,23.6972446441651,22.33
2026-08-24 14:15:00,2,0,0,2,24.5717315673828,25.0799999237061,25.0100002288818,23,21,30,10,24.2099990844727,25.2899990081787,0,1,1.45958650112152,0,144,144,144,0,0,23.7864780426025,22.8325
2026-08-24 14:30:00,2,0,0,2,24.556923866272,25.0349988937378,25.0050001144409,23,21,30,10,24.085000038147,25.2999992370605,0,0.5,1.44022136926651,0,144,144,144,0,0,23.849500656128,23.335
2026-08-24 14:45:00,2,0,0,2,24.5380229949951,25,24.9899997711182,23,21,30,10,23.939998626709,25.2899990081787,0,0,1.45124006271362,0,144,144,144,0,0,23.874532699585,23.8375
2026-08-24 15:00:00,2,0,0,2,24.5292940139771,24.9449996948242,25.0149993896484,23,21,30,10,23.8149995803833,25.3049993515015,0,0,1.44664490222931,0,147,147,147,0,0,23.8988780975342,24.34
2026-08-24 15:15:00,2,0,0,2,24.5245723724365,24.8999996185303,25,23,21,30,10,23.6000003814697,25.2999992370605,0,0,1.52268600463867,0,150,150,150,0,0,23.9323616027832,24.2575
2026-08-24 15:30:00,2,0,0,2,24.5330562591553,24.8649997711182,25.0149993896484,23,21,30,10,23.6099996566773,25.3049993515015,0,0,1.52974516153336,0,150,150,150,0,0,23.9908475875855,24.175
2026-08-24 15:45:00,2,0,0,2,24.5288982391357,24.8299999237061,25.0100002288818,23,21,30,10,23.4799995422363,25.3099994659424,0,0,1.52599501609802,0,150,150,150,0,0,24.0171527862549,24.0925
2026-08-24 16:00:00,2,0,0,2,24.5283689498901,24.7899990081787,25.0100002288818,23,21,30,10,23.4299993515015,25.3099994659424,0,0,1.52347403764725,0,150,150,150,0,0,24.0503425598145,24.01
2026-08-24 16:15:00,2,0,0,2,24.5360298156738,24.7899990081787,24.9899997711182,23,21,30,10,23.3799991607666,25.3199996948242,0,0,1.52627801895142,0,150,150,150,0,0,24.0858116149902,23.93
2026-08-24 16:30:00,2,0,0,2,24.5247688293457,24.7299995422364,25.0050001144409,23,21,30,10,23.3699998855591,25.3299999237061,0,0,1.52654075622559,0,144,144,144,0,0,24.0993785858154,23.85
2026-08-24 16:45:00,2,0,0,2,24.5437316894531,24.7099990844727,25.0100002288818,23,21,30,10,23.269998550415,25.3299999237061,0,0,1.52073407173157,0,138,138,138,0,0,24.134220123291,23.77
2026-08-24 17:00:00,2,0,0,2,24.5515069961548,24.6549997329712,25.0050001144409,23,21,30,10,23.2949991226196,25.335000038147,0,0,1.52416950464249,0,138,138,138,0,0,24.1638536453247,23.69
2026-08-24 17:15:00,2,0,0,2,24.5406131744385,24.6599998474121,25.019998550415,23,21,30,10,23.2799987792969,25.3199996948242,0,0,1.52097058296204,0,138,138,138,0,0,24.1692962646484,23.6075
2026-08-24 17:30:00,2,0,0,2,24.5482778549195,24.5950002670288,25,23,21,30,10,23.2649993896484,25.3450002670288,0,0,1.52377110719681,0,126,126,126,0,0,24.1861944198608,23.525
2026-08-24 17:45:00,2,0,0,2,24.5668487548828,24.5599994659424,25.0100002288818,23,21,30,10,23.2299995422363,25.3500003814697,0,0,1.52138018608093,0,114,114,114,0,0,24.2211036682129,23.4425
2026-08-24 18:00:00,2,0,0,2,24.5692205429077,24.5699996948242,25.0149993896484,23,21,30,10,23.289999961853,25.3599996566773,0,0,1.52515161037445,0,114,114,114,0,0,24.2330570220948,23.36
2026-08-24 18:15:00,2,0,0,2,24.573429107666,24.6199989318848,25,23,21,30,10,23.25,25.3699989318848,0,0,1.52088093757629,0,114,114,114,0,0,24.2468223571777,23.19
2026-08-24 18:30:00,2,0,0,2,24.5683784484864,24.5799989700317,25.0050001144409,23,21,30,10,23.3000001907349,25.3749990463257,0,0,1.52290606498719,0,82,82,82,0,0,24.2551946640015,23.02
2026-08-24 18:45:00,2,0,0,2,24.5642566680908,24.5499992370605,25.0100002288818,23,21,30,10,23.2600002288818,25.3599987030029,0,0,1.52571558952332,0,50,50,50,0,0,24.2641639709473,22.85
2026-08-24 19:00:00,2,0,0,2,24.5763931274414,24.5399990081787,25.0149993896484,23,21,30,10,23.2999992370605,25.3799991607666,0,0,1.52199071645737,0,50,50,50,0,0,24.2830753326416,22.68
2026-08-24 19:15:00,2,0,0,2,24.5800838470459,24.5299987792969,25.0100002288818,23,21,30,10,23.2899990081787,25.3899993896484,0,0,1.52851283550262,0,50,50,50,0,0,24.2942695617676,22.5125
2026-08-24 19:30:00,2,0,0,2,24.5806379318237,24.4699993133545,25.019998550415,23,21,30,10,23.3049993515015,25.3899993896484,0,0,1.52391135692596,0,50,50,50,0,0,24.3026475906373,22.345
2026-08-24 19:45:00,2,0,0,2,24.5717258453369,24.439998626709,25.0100002288818,23,21,30,10,23.2899990081787,25.3899993896484,0,0,1.52617192268372,0,50,50,50,0,0,24.303409576416,22.1775
2026-08-24 20:00:00,2,0,0,2,24.5727844238282,24.4899997711182,25.024998664856,23,21,30,10,23.3549995422364,25.3999996185303,0,0,1.52461564540863,0,50,50,50,0,0,24.310227394104,22.01
2026-08-24 20:15:00,2,0,0,2,24.5945491790771,24.4899997711182,25.0100002288818,23,21,30,10,23.3099994659424,25.4099998474121,0,0,1.52483725547791,0,50,50,50,0,0,24.3324928283691,21.8425
2026-08-24 20:30:00,2,0,0,2,24.5836162567139,24.4899997711182,25.024998664856,23,21,30,10,23.3499994277954,25.3999996185303,0,0,1.52559870481491,0,50,50,50,0,0,24.3299951553345,21.675
2026-08-24 20:45:00,2,0,0,2,24.5820865631104,24.4300003051758,25.0299987792969,23,21,30,10,23.3899993896484,25.3999996185303,0,0,1.52580606937408,0,50,50,50,0,0,24.3383083343506,21.5075
2026-08-24 21:00:00,2,0,0,2,24.5904178619385,24.4699993133545,25.0199995040894,23,21,30,10,23.4199991226197,25.4099998474121,0,0,1.52426606416702,0,50,50,50,0,0,24.3473167419434,21.34
2026-08-24 21:15:00,2,0,0,2,24.5929546356201,24.439998626709,25.0299987792969,23,21,30,10,23.5,25.4099998474121,0,0,1.52789783477783,0,50,50,50,0,0,24.3564224243164,20.95
2026-08-24 21:30:00,2,0,0,2,24.591516494751,24.4699993133545,25.024998664856,23,21,30,10,23.4549989700318,25.4049997329712,0,0,1.52529489994049,0,50,50,50,0,0,24.3591032028199,20.56
2026-08-24 21:45:00,2,0,0,2,24.5902233123779,24.5100002288818,25.0299987792969,23,21,30,10,23.5100002288818,25.4099998474121,0,0,1.52463960647583,0,50,50,50,0,0,24.357873916626,20.17
2026-08-24 22:00:00,2,0,0,2,24.6017036437989,24.5,25.0349988937378,23,21,30,10,23.5099992752076,25.4200000762939,0,0,1.52371096611023,0,50,50,50,0,0,24.3721427917481,19.78
2026-08-24 22:15:00,2,0,0,2,24.6043701171875,24.4699993133545,25.0399990081787,23,21,30,10,23.5599994659424,25.4200000762939,0,0,1.52842438220978,0,50,50,50,0,0,24.3822727203369,19.3925
2026-08-24 22:30:00,2,0,0,2,24.6164026260376,24.4599990844727,25.0299987792969,23,21,30,10,23.5849990844727,25.414999961853,0,0,1.52258670330048,0,50,50,50,0,0,24.3897409439087,19.005
2026-08-24 22:45:00,2,0,0,2,24.6244068145752,24.4699993133545,25.0299987792969,23,21,30,10,23.6000003814697,25.4099998474121,0,0,1.5296915769577,0,50,50,50,0,0,24.3994960784912,18.6175
2026-08-24 23:00:00,2,0,0,2,24.6189155578613,24.4599990844727,25.0349988937378,23,21,30,10,23.6099996566773,25.4250001907349,0,0,1.52684533596039,0,50,50,50,0,0,24.4044361114502,18.23
2026-08-24 23:15:00,2,0,0,2,24.6450328826904,24.4899997711182,25.0399990081787,23,21,30,10,23.6099987030029,25.4300003051758,0,0,1.52198433876038,0,50,50,50,0,0,24.4217491149902,17.84
2026-08-24 23:30:00,2,0,0,2,24.6537342071534,24.4899997711182,25.0449991226196,23,21,30,10,23.664999961853,25.4299993515015,0,0,1.52685499191285,0,50,50,50,0,0,24.4324741363525,17.45
2026-08-24 23:45:00,2,0,0,2,24.6705989837646,24.5100002288818,25.0399990081787,23,21,30,10,23.6499996185303,25.4300003051758,0,0,1.5195574760437,0,50,50,50,0,0,24.4451999664307,17.06
2026-08-25 00:00:00,2,0,0,2,24.6531295776367,24.4949998855591,25.0449991226196,23,21,30,10,23.6699991226197,25.4449987411499,0,0,1.52541452646256,0,50,50,50,0,0,24.4460973739624,18.83
2026-08-25 00:15:00,2,0,0,2,24.6649188995361,24.5100002288818,25.0399990081787,23,21,30,10,23.689998626709,25.439998626709,0,0,1.52574515342712,0,50,50,50,0,0,24.4543056488037,18.7375
2026-08-25 00:30:00,2,0,0,2,24.6563329696655,24.5149993896484,25.0449991226196,23,21,30,10,23.7399997711182,25.439998626709,0,0,1.52743405103684,0,50,50,50,0,0,24.4634380340577,18.645
2026-08-25 00:45:00,2,0,0,2,24.6633148193359,24.5100002288818,25.0499992370605,23,21,30,10,23.7399997711182,25.439998626709,0,0,1.52398288249969,0,50,50,50,0,0,24.4661235809326,18.5525
2026-08-25 01:00:00,2,0,0,2,24.6849250793457,24.4999990463257,25.0599994659424,23,21,30,10,23.7999992370606,25.4549989700318,0,0,1.52962690591812,0,50,50,50,0,0,24.479814529419,18.46
2026-08-25 01:15:00,2,0,0,2,24.6718673706055,24.5100002288818,25.0599994659424,23,21,30,10,23.7899990081787,25.4599990844727,0,0,1.52745282649994,0,50,50,50,0,0,24.4717712402344,18.3675
2026-08-25 01:30:00,2,0,0,2,24.6997299194336,24.524998664856,25.0649995803833,23,21,30,10,23.8349990844727,25.4599990844727,0,0,1.49151718616486,0,50,50,50,0,0,24.4838304519654,18.275
2026-08-25 01:45:00,2,0,0,2,24.7068519592285,24.5599994659424,25.0599994659424,23,21,30,10,23.939998626709,25.4599990844727,0,0,1.45637941360474,0,50,50,50,0,0,24.4828643798828,18.1825
2026-08-25 02:00:00,2,0,0,2,24.7022848129272,24.5149993896484,25.0649995803833,23,21,30,10,23.8649988174439,25.4749994277954,0,0,1.45132106542588,0,50,50,50,0,0,24.4927463531495,18.09
2026-08-25 02:15:00,2,0,0,2,24.7243633270264,24.5299987792969,25.0599994659424,23,21,30,10,23.9099998474121,25.4699993133545,0,0,1.45415008068085,0,50,50,50,0,0,24.4901790618896,17.995
2026-08-25 02:30:00,2,0,0,2,24.7258844375611,24.5499992370606,25.0699996948243,23,21,30,10,23.920000076294,25.4749994277954,0,0,1.45064580440521,0,50,50,50,0,0,24.4986019134522,17.9
2026-08-25 02:45:00,2,0,0,2,24.7467021942139,24.5399990081787,25.0599994659424,23,21,30,10,23.9499988555908,25.4799995422363,0,0,1.45178234577179,0,50,50,50,0,0,24.5026988983154,17.805
2026-08-25 03:00:00,2,0,0,2,24.7382135391236,24.5649995803833,25.0749998092652,23,21,30,10,23.9899997711182,25.4799995422363,0,0,1.45306235551834,0,50,50,50,0,0,24.5169906616211,17.71
2026-08-25 03:15:00,2,0,0,2,24.7392539978027,24.5699996948242,25.0699996948242,23,21,30,10,24.0399990081787,25.4799995422363,0,0,1.45152354240417,0,50,50,50,0,0,24.5240516662598,17.6175
2026-08-25 03:30:00,2,0,0,2,24.7301998138428,24.5649995803833,25.0749998092652,23,21,30,10,24.0599994659424,25.4899997711182,0,0,1.45324981212616,0,50,50,50,0,0,24.527681350708,17.525
2026-08-25 03:45:00,2,0,0,2,24.7431926727295,24.5799999237061,25.0799999237061,23,21,30,10,24.0799999237061,25.5100002288818,0,0,1.44940829277039,0,50,50,50,0,0,24.5294532775879,17.4325
2026-08-25 04:00:00,2,0,0,2,24.7541122436524,24.5549993515015,25.0749998092652,23,21,30,10,24.0549993515015,25.5,0,0,1.45055609941483,0,50,50,50,0,0,24.534613609314,17.34
2026-08-25 04:15:00,2,0,0,2,24.7906131744385,24.5799999237061,25.0699996948242,23,21,30,10,24.0699996948242,25.5100002288818,0,0,1.45325005054474,0,50,50,50,0,0,24.5177555084229,17.2475
2026-08-25 04:30:00,2,0,0,2,24.761474609375,24.5749998092652,25.085000038147,23,21,30,10,24.0949993133545,25.5050001144409,0,0,1.45010083913804,0,50,50,50,0,0,24.5413484573365,17.155
2026-08-25 04:45:00,2,0,0,2,24.7488384246826,24.5900001525879,25.0799999237061,23,21,30,10,24.1299991607666,25.4899997711182,0,0,1.45060348510742,0,50,50,50,0,0,24.547981262207,17.0625
2026-08-25 05:00:00,2,0,0,2,24.7713203430176,24.6000003814697,25.085000038147,23,21,30,10,24.1499996185303,25.5,0,0,1.45004785060883,0,50,50,50,0,0,24.538182258606,16.97
2026-08-25 05:15:00,2,0,0,2,24.7887210845947,24.6099987030029,25.0799999237061,23,21,30,10,24.189998626709,25.5100002288818,0,0,1.44772791862488,0,50,50,50,0,0,24.5361156463623,16.8775
2026-08-25 05:30:00,2,0,0,2,24.7567167282105,24.6099987030029,25.085000038147,23,21,30,10,24.1899995803833,25.5149993896484,0,0,1.45238733291626,0,50,50,50,0,0,24.5500574111939,16.785
2026-08-25 05:45:00,2,0,0,2,24.7886791229248,24.6000003814697,25.0799999237061,23,21,30,10,24.2299995422363,25.5100002288818,0,0,1.44689679145813,0,50,50,50,0,0,24.5340137481689,16.6925
2026-08-25 06:00:00,2,0,0,2,24.7919750213623,24.6199989318848,25.085000038147,23,21,30,10,24.2399997711182,25.5149993896484,0,0,1.453200340271,0,50,50,50,0,0,24.5360240936279,16.6
2026-08-25 06:15:00,2,0,0,2,24.8474903106689,24.6399993896484,25.0900001525879,23,21,30,10,24.269998550415,25.519998550415,0,0,1.45376145839691,0,50,50,50,0,0,24.5074615478516,16.6175
2026-08-25 06:30:00,2,0,0,2,24.8778657913208,24.6549997329712,25.0900001525879,23,21,30,10,24.2999992370605,25.519998550415,0,0,1.4539601802826,0,50,50,50,0,0,24.5015735626221,16.635
2026-08-25 06:45:00,2,0,0,2,24.8820056915283,24.6700000762939,25.0900001525879,23,21,30,10,24.2999992370605,25.5100002288818,0,0,1.45115280151367,0,50,50,50,0,0,24.4981651306152,16.6525
2026-08-25 07:00:00,2,0,0,2,24.8910160064698,24.6499996185303,25.0900001525879,23,21,30,10,24.3299999237061,25.519998550415,0,0,1.45273041725159,0,50,50,50,0,0,24.500361442566,16.67
2026-08-25 07:15:00,2,0,0,2,24.9032440185547,24.6499996185303,25.0799999237061,23,21,30,10,24.3500003814697,25.519998550415,0,0,1.45220220088959,0,50,50,50,0,0,24.5008335113525,16.685
2026-08-25 07:30:00,2,0,0,2,24.9054460525513,24.6599998474121,25.0799999237061,23,21,30,10,24.3649988174439,25.5149993896484,0,1,2.07985198497773,0,73.5,73.5,73.5,0,0,24.4628810882568,16.7
2026-08-25 07:45:00,2,0,0,2,24.8719577789307,24.6700000762939,25.0799999237061,23,21,30,10,24.3699989318848,25.5,0,1,2.0742347240448,0,97,97,97,0,0,24.2677021026611,16.715
2026-08-25 08:00:00,2,0,0,2,24.8435325622559,24.6750001907349,25.0649995803833,23,21,30,10,24.3849992752075,25.4699993133545,0,1,1.57270473241806,0,105,105,105,0,0,24.0515394210816,16.73
2026-08-25 08:15:00,2,0,0,2,24.802770614624,24.6700000762939,25.0499992370605,23,21,30,10,24.3999996185303,25.4499988555908,0,1,2.08053660392761,0,108,108,108,0,0,23.8491401672363,16.7475
2026-08-25 08:30:00,2,0,0,2,24.7698411941529,24.6750001907349,25.0349988937378,23,21,30,10,24.3999996185303,25.4299993515015,0,1,1.79193437099457,0,114,114,114,0,0,23.6925392150879,16.765
2026-08-25 08:45:00,2,0,0,2,24.7241706848145,24.6800003051758,25.019998550415,23,21,30,10,24.3999996185303,25.3999996185303,0,1,1.4490350484848,0,120,120,120,0,0,23.4607028961182,16.7825
2026-08-25 09:00:00,2,0,0,2,24.7155323028564,24.670000076294,25.0100002288818,23,21,30,10,24.4149999618531,25.3949995040894,0,1,1.44477081298828,0,129,129,129,0,0,23.4386711120606,16.8
2026-08-25 09:15:00,2,0,0,2,24.7017078399658,24.6800003051758,25,23,21,30,10,24.4300003051758,25.3699989318848,0,1,1.44856917858124,0,132,132,132,0,0,23.4737663269043,17.08
2026-08-25 09:30:00,2,0,0,2,24.7045412063599,24.6949987411499,24.9799995422363,23,21,30,10,24.4399995803833,25.3599987030029,0,1,1.45084720849991,0,138,138,138,0,0,23.5958232879639,17.36
2026-08-25 09:45:00,2,0,0,2,24.7071266174316,24.689998626709,25,23,21,30,10,24.4300003051758,25.3699989318848,0,1,1.44990932941437,0,138,138,138,0,0,23.7160453796387,17.64
2026-08-25 10:00:00,2,0,0,2,24.7055377960205,24.6849994659424,24.9749994277954,23,21,30,10,24.4699993133545,25.3649988174439,0,1,1.445661008358,0,147,147,147,0,0,23.8058156967163,17.92
2026-08-25 10:15:00,2,0,0,2,24.7043914794922,24.689998626709,24.9599990844727,23,21,30,10,24.4899997711182,25.3699989318848,0,1,1.45017087459564,0,150,150,150,0,0,23.9169044494629,18.2
2026-08-25 10:30:00,2,0,0,2,24.695279121399,24.6999988555908,24.9649991989136,23,21,30,10,24.5,25.3499994277954,0,1,1.45154410600662,0,150,150,150,0,0,24.0340366363526,18.48
2026-08-25 10:45:00,2,0,0,2,24.6797962188721,24.6999988555908,24.9599990844727,23,21,30,10,24.519998550415,25.3699989318848,0,1,1.45232319831848,0,150,150,150,0,0,24.1129875183105,18.76
2026-08-25 11:00:00,2,0,0,2,24.6683158874512,24.7099990844727,24.9499988555908,23,21,30,10,24.5399990081787,25.3599987030029,0,1,1.45023059844971,0,150,150,150,0,0,24.1478443145752,19.04
2026-08-25 11:15:00,2,0,0,2,24.6409931182861,24.7099990844727,24.939998626709,23,21,30,10,24.5399990081787,25.3699989318848,0,,1.45434045791626,0,150,150,150,0,0,24.2072486877441,19.32
2026-08-25 11:30:00,2,0,0,2,24.6167984008789,24.6999988555908,24.939998626709,23,21,30,10,24.4099998474121,25.3899993896484,0,1,,,150,,,0,0,24.2454204559326,19.6
2026-08-25 11:45:00,,,,,,,,,,,,,,,1,1.44668245315552,0,,150,150,,,,19.88
2026-08-25 12:00:00,2,0,0,2,24.5996608734131,24.689998626709,24.939998626709,23,21,30,10,24.1099987030029,25.3899993896484,0,,2.10388541221619,0,150,150,150,0,0,24.2719497680664,20.16
2026-08-25 12:15:00,2,0,0,2,24.5862644195557,24.6799999237061,24.9359992980957,23,21,30,10,24.0199989318847,25.3899993896484,0,1,2.30001182556152,0,142.8,142.8,142.8,0,0,24.2920032501221,20.6425
2026-08-25 12:30:00,2,0,0,2,24.5789070129395,24.664999961853,24.9300003051758,23,21,30,10,23.9499988555908,25.3899993896484,0,1,2.08119893074036,0,91,91,91,0,0,24.2997484207153,21.125
2026-08-25 12:45:00,2,0,0,2,24.5698051452637,24.6399993896484,24.939998626709,23,21,30,10,23.7199993133545,25.3899993896484,0,1,3.05039739608765,0,50,50,50,0,0,24.3299789428711,21.6075
2026-08-25 13:00:00,2,0,0,2,24.5738172531128,24.6249990463257,24.9449987411499,23,21,30,10,23.6499996185303,25.3949995040894,0,1,2.564568400383,0,50,50,50,0,0,24.3378868103027,22.09
2026-08-25 13:15:00,2,0,0,2,24.576114654541,24.6000003814697,24.9599990844727,23,21,30,10,23.6800003051758,25.3999996185303,0,1,3.04990005493164,0,50,50,50,0,0,24.3471565246582,22.57
2026-08-25 13:30:00,2,0,0,2,24.577296257019,24.5749998092652,24.9699993133545,23,21,30,10,23.5749998092652,25.3999996185303,0,1,2.56590151786805,0,94,94,94,0,0,24.3640460968018,23.05
2026-08-25 13:45:00,2,0,0,2,24.5859985351562,24.5900001525879,24.9899997711182,23,21,30,10,23.4899997711182,25.4099998474121,0,1,3.05407738685608,0,138,138,138,0,0,24.3962821960449,23.53
2026-08-25 14:00:00,2,0,0,2,24.5884132385254,24.519998550415,24.9949998855591,23,21,30,10,23.3899993896485,25.4300003051758,0,1,3.05242264270783,0,141,141,141,0,0,24.4159917831421,24.01
2026-08-25 14:15:00,2,0,0,2,24.5877857208252,24.5299987792969,25,23,21,30,10,23.3999996185303,25.4200000762939,0,1,3.05205106735229,0,144,144,144,0,0,24.4395236968994,24.4925
2026-08-25 14:30:00,2,0,0,2,24.5992498397827,24.524998664856,25.0149993896484,23,21,30,10,23.335000038147,25.4349994659424,0,0.5,2.25700807571412,0,144,144,144,0,0,24.4149732589722,24.975
2026-08-25 14:45:00,2,0,0,2,24.61696434021,24.519998550415,25.0299987792969,23,21,30,10,23.1599998474121,25.439998626709,0,0,1.44715344905853,0,144,144,144,0,0,24.4981727600098,25.4575
2026-08-25 15:00:00,2,0,0,2,24.630352973938,24.5050001144409,25.0499992370605,23,21,30,10,23.2249994277954,25.4599990844727,0,0,1.45311379432678,0,147,147,147,0,0,24.5714702606201,25.94
2026-08-25 15:15:00,2,0,0,2,24.6535339355469,24.439998626709,25.0599994659424,23,21,30,10,23.269998550415,25.4699993133545,0,0,1.45189738273621,0,150,150,150,0,0,24.6023998260498,25.87
2026-08-25 15:30:00,2,0,0,2,24.6851615905762,24.4300003051758,25.0799999237061,23,21,30,10,23.2349996566773,25.4899997711182,0,0,1.44773226976395,0,150,150,150,0,0,24.6080341339112,25.8
2026-08-25 15:45:00,2,0,0,2,24.6939334869385,24.4099998474121,25.0900001525879,23,21,30,10,23.269998550415,25.519998550415,0,0,1.44970726966858,0,150,150,150,0,0,24.6398181915283,25.73
2026-08-25 16:00:00,2,0,0,2,24.7044725418091,24.4249992370606,25.1049995422363,23,21,30,10,23.1549997329712,25.524998664856,0,0,1.4515517950058,0,150,150,150,0,0,24.6712865829468,25.66
2026-08-25 16:15:00,2,0,0,2,24.7290935516357,24.4200000762939,25.1199989318848,23,21,30,10,23.1599998474121,25.5299987792969,0,0,1.44942188262939,0,150,150,150,0,0,24.6853103637695,25.59
2026-08-25 16:30:00,2,0,0,2,24.7533292770386,24.4349994659424,25.1299991607666,23,21,30,10,23.2549991607666,25.5449991226196,0,0,1.45273911952973,0,144,144,144,0,0,24.6976346969605,25.52
2026-08-25 16:45:00,2,0,0,2,24.7990741729736,24.4499988555908,25.1399993896484,23,21,30,10,23.2399997711182,25.5599994659424,0,0,1.44850730895996,0,138,138,138,0,0,24.6902885437012,25.45
2026-08-25 17:00:00,2,0,0,2,24.8124322891236,24.4349994659424,25.1599998474121,23,21,30,10,23.274998664856,25.5549993515015,0,0,1.44747966527939,0,138,138,138,0,0,24.6954765319825,25.38
2026-08-25 17:15:00,2,0,0,2,24.8108062744141,24.4200000762939,25.1599998474121,23,21,30,10,23.4200000762939,25.5699996948242,0,0,1.44765889644623,0,138,138,138,0,0,24.7106533050537,25.31
2026-08-25 17:30:00,2,0,0,2,24.8249912261963,24.3899993896485,25.1750001907349,23,21,30,10,23.4499988555909,25.5799999237061,0,0,1.45387649536133,0,126,126,126,0,0,24.7196664810181,25.24
2026-08-25 17:45:00,2,0,0,2,24.854959487915,24.4300003051758,25.189998626709,23,21,30,10,23.439998626709,25.5999984741211,0,0,1.45062792301178,0,114,114,114,0,0,24.718786239624,25.17
2026-08-25 18:00:00,2,0,0,2,24.8430490493774,24.4549999237061,25.1849994659424,23,21,30,10,23.484998703003,25.6099987030029,0,0,1.45808976888657,0,114,114,114,0,0,24.7338991165161,25.1
2026-08-25 18:15:00,2,0,0,2,24.8521003723145,24.4499988555908,25.1999988555908,23,21,30,10,23.5399990081787,25.6099987030029,0,0,1.4823431968689,0,114,114,114,0,0,24.7400646209717,24.665
2026-08-25 18:30:00,2,0,0,2,24.8637981414795,24.4049997329712,25.1949987411499,23,21,30,10,23.6099996566773,25.6199989318848,0,0,1.45474416017533,0,82,82,82,0,0,24.7411184310913,24.23
2026-08-25 18:45:00,2,0,0,2,24.8763694763184,24.4200000762939,25.1999988555908,23,21,30,10,23.689998626709,25.6299991607666,0,0,1.45885252952576,0,50,50,50,0,0,24.7442512512207,23.795
2026-08-25 19:00:00,2,0,0,2,24.8972787857056,24.4049997329712,25.2099990844727,23,21,30,10,23.6899995803833,25.6299991607666,0,0,1.45270442962647,0,50,50,50,0,0,24.7386713027954,23.36
2026-08-25 19:15:00,2,0,0,2,24.9190521240234,24.4499988555908,25.2199993133545,23,21,30,10,23.7099990844727,25.6399993896484,0,0,1.45183515548706,0,50,50,50,0,0,24.7364921569824,22.9275
2026-08-25 19:30:00,2,0,0,2,24.9101858139038,24.4899997711182,25.2249994277954,23,21,30,10,23.7549991607666,25.6449995040894,0,0,1.45505607128144,0,50,50,50,0,0,24.7426433563233,22.495
2026-08-25 19:45:00,2,0,0,2,24.9129009246826,24.4200000762939,25.2199993133545,23,21,30,10,23.7899990081787,25.6499996185303,0,0,1.45409739017487,0,50,50,50,0,0,24.7413635253906,22.0625
2026-08-25 20:00:00,2,0,0,2,24.9361877441407,24.4399995803833,25.2349996566773,23,21,30,10,23.8450002670288,25.6499996185303,0,0,1.45107877254486,0,50,50,50,0,0,24.7360897064209,21.63
2026-08-25 20:15:00,2,0,0,2,24.9545955657959,24.4899997711182,25.2299995422363,23,21,30,10,23.939998626709,25.6499996185303,0,0,1.45180809497833,0,50,50,50,0,0,24.7377815246582,21.195
2026-08-25 20:30:00,2,0,0,2,24.9824867248535,24.4749994277954,25.2399997711182,23,21,30,10,23.9349994659424,25.664999961853,0,0,1.45243984460831,0,50,50,50,0,0,24.7261934280396,20.76
2026-08-25 20:45:00,2,0,0,2,24.9973258972168,24.4799995422363,25.2399997711182,23,21,30,10,23.9300003051758,25.6700000762939,0,0,1.45194089412689,0,50,50,50,0,0,24.7248783111572,20.325
2026-08-25 21:00:00,2,0,0,2,25.0094299316406,24.4949998855591,25.2599992752075,23,21,30,10,24.0199995040894,25.6750001907349,0,0,1.45077961683274,0,50,50,50,0,0,24.7271203994751,19.89
2026-08-25 21:15:00,2,0,0,2,25.0219993591309,24.519998550415,25.269998550415,23,21,30,10,24.0499992370605,25.689998626709,0,0,1.45234131813049,0,50,50,50,0,0,24.7351570129395,19.7775
2026-08-25 21:30:00,2,0,0,2,25.0223989486695,24.5199995040894,25.269998550415,23,21,30,10,24.0749998092652,25.6849994659424,0,0,1.44990307092667,0,50,50,50,0,0,24.7360210418701,19.665
2026-08-25 21:45:00,2,0,0,2,25.0395927429199,24.5,25.2899990081787,23,21,30,10,24.1199989318848,25.689998626709,0,0,1.45201301574707,0,50,50,50,0,0,24.7299499511719,19.5525
2026-08-25 22:00:00,2,0,0,2,25.0577735900879,24.5049991607666,25.2899990081787,23,21,30,10,24.1349992752075,25.689998626709,0,0,1.44825011491776,0,50,50,50,0,0,24.7255191802979,19.44
2026-08-25 22:15:00,2,0,0,2,25.0712146759033,24.4799995422363,25.2999992370605,23,21,30,10,24.1800003051758,25.6999988555908,0,0,1.45246374607086,0,50,50,50,0,0,24.727954864502,19.325
2026-08-25 22:30:00,2,0,0,2,25.0817136764527,24.5050001144409,25.2899990081787,23,21,30,10,24.1749992370606,25.7049989700318,0,0,1.52904206514359,0,50,50,50,0,0,24.7306022644043,19.21
2026-08-25 22:45:00,2,0,0,2,25.0890712738037,24.5699996948242,25.2899990081787,23,21,30,10,24.1999988555908,25.7099990844727,0,0,1.53095877170563,0,50,50,50,0,0,24.737190246582,19.095
2026-08-25 23:00:00,2,0,0,2,25.1027946472168,24.5199995040894,25.3049993515015,23,21,30,10,24.2699995040894,25.7199993133545,0,0,1.52774798870087,0,50,50,50,0,0,24.7374114990234,18.98
2026-08-25 23:15:00,2,0,0,2,25.132942199707,24.519998550415,25.3099994659424,23,21,30,10,24.3199996948242,25.7199993133545,0,0,1.53306078910828,0,50,50,50,0,0,24.7223606109619,18.8675
2026-08-25 23:30:00,2,0,0,2,25.1349964141846,24.5449991226196,25.3149995803833,23,21,30,10,24.3049993515015,25.7249994277954,0,0,1.5297572016716,0,50,50,50,0,0,24.7294254302979,18.755
2026-08-25 23:45:00,2,0,0,2,25.1422309875488,24.5399990081787,25.3299999237061,23,21,30,10,24.3500003814697,25.7399997711182,0,0,1.52885735034943,0,50,50,50,0,0,24.7323970794678,18.6425
2026-08-26 00:00:00,2,0,0,2,25.1634340286255,24.5999994277954,25.3199996948242,23,21,30,10,24.3849992752075,25.7600002288818,0,0,1.5246479511261,0,50,50,50,0,0,24.7269449234009,18.59
2026-08-26 00:15:00,2,0,0,2,25.186559677124,24.6099987030029,25.3299999237061,23,21,30,10,24.3599987030029,25.7600002288818,0,0,1.5321432352066,0,50,50,50,0,0,24.7246227264404,18.5675
2026-08-26 00:30:00,2,0,0,2,25.2042350769043,24.5949993133545,25.3299999237061,23,21,30,10,24.4099998474121,25.7799987792969,0,0,1.5239315032959,0,50,50,50,0,0,24.7249803543091,18.545
2026-08-26 00:45:00,2,0,0,2,25.1944026947021,24.6099987030029,25.3400001525879,23,21,30,10,24.4499988555908,25.7799987792969,0,0,1.53044772148132,0,50,50,50,0,0,24.7398300170898,18.5225
2026-08-26 01:00:00,2,0,0,2,25.198184967041,24.6399993896484,25.3450002670288,23,21,30,10,24.4899997711182,25.7899990081787,0,0,1.52796548604966,0,50,50,50,0,0,24.7468347549439,18.5
2026-08-26 01:15:00,2,0,0,2,25.2105140686035,24.6399993896484,25.3599987030029,23,21,30,10,24.5,25.7999992370605,0,0,1.52363252639771,0,50,50,50,0,0,24.7481594085693,18.48
2026-08-26 01:30:00,2,0,0,2,25.2109537124634,24.6299991607666,25.3599987030029,23,21,30,10,24.5299997329712,25.8049993515015,0,0,1.52393209934235,0,50,50,50,0,0,24.7604866027832,18.46
2026-08-26 01:45:00,2,0,0,2,25.2078304290771,24.6199989318848,25.3699989318848,23,21,30,10,24.5799999237061,25.8099994659424,0,0,1.52355599403381,0,50,50,50,0,0,24.7731609344482,18.44
2026-08-26 02:00:00,2,0,0,2,25.2135829925537,24.6599998474121,25.3749990463257,23,21,30,10,24.5749998092652,25.8149995803833,0,0,1.52588254213333,0,50,50,50,0,0,24.7821989059449,18.42
2026-08-26 02:15:00,2,0,0,2,25.2272834777832,24.689998626709,25.3899993896484,23,21,30,10,24.6000003814697,25.8199996948242,0,0,1.5286363363266,0,50,50,50,0,0,24.7769012451172,18.3975
2026-08-26 02:30:00,2,0,0,2,25.2283515930176,24.7049989700318,25.3849992752075,23,21,30,10,24.6199989318848,25.8199996948242,0,0,1.52657723426819,0,50,50,50,0,0,24.7816066741944,18.375
2026-08-26 02:45:00,2,0,0,2,25.2370357513428,24.6800003051758,25.3799991607666,23,21,30,10,24.6299991607666,25.8199996948242,0,0,1.53017568588257,0,50,50,50,0,0,24.7840690612793,18.3525
2026-08-26 03:00:00,2,0,0,2,25.2423372268677,24.7149991989136,25.3899993896484,23,21,30,10,24.6799993515015,25.8249998092652,0,0,1.52899587154389,0,50,50,50,0,0,24.7903909683228,18.33
2026-08-26 03:15:00,2,0,0,2,25.2531108856201,24.7099990844727,25.4099998474121,23,21,30,10,24.6999988555908,25.8299999237061,0,0,1.52754032611847,0,50,50,50,0,0,24.7884559631348,18.2725
2026-08-26 03:30:00,2,0,0,2,25.2617654800415,24.7149991989136,25.4049997329712,23,21,30,10,24.7249994277954,25.835000038147,0,0,1.52726322412491,0,50,50,50,0,0,24.7891502380371,18.215
2026-08-26 03:45:00,2,0,0,2,25.261531829834,24.7399997711182,25.4200000762939,23,21,30,10,24.7399997711182,25.8400001525879,0,0,1.52659249305725,0,50,50,50,0,0,24.7991886138916,18.1575
2026-08-26 04:00:00,2,0,0,2,25.2752742767334,24.7599992752075,25.414999961853,23,21,30,10,24.7550001144409,25.8399991989136,0,0,1.52742511034012,0,50,50,50,0,0,24.7934427261353,18.1
2026-08-26 04:15:00,2,0,0,2,25.2824077606201,24.7600002288818,25.439998626709,23,21,30,10,24.7799987792969,25.8499984741211,0,0,1.52882933616638,0,50,50,50,0,0,24.7909717559814,18.04
2026-08-26 04:30:00,2,0,0,2,25.2920284271241,24.7849988937378,25.4250001907349,23,21,30,10,24.8099994659424,25.8599987030029,0,0,1.52875649929047,0,50,50,50,0,0,24.7919445037842,17.98
2026-08-26 04:45:00,2,0,0,2,25.3038501739502,24.7799987792969,25.4300003051758,23,21,30,10,24.8099994659424,25.8699989318848,0,0,1.52651107311249,0,50,50,50,0,0,24.7901248931885,17.92
2026-08-26 05:00:00,2,0,0,2,25.3079929351807,24.7949991226196,25.439998626709,23,21,30,10,24.8449993133545,25.8699989318848,0,0,1.52653920650482,0,50,50,50,0,0,24.7972497940064,17.86
2026-08-26 05:15:00,2,0,0,2,25.2964515686035,24.8099994659424,25.439998626709,23,21,30,10,24.8599987030029,25.8699989318848,0,0,1.52965998649597,0,50,50,50,0,0,24.8061218261719,17.8
2026-08-26 05:30:00,2,0,0,2,25.2851181030274,24.8249998092652,25.4549989700318,23,21,30,10,24.8749990463257,25.8899993896484,0,0,1.52639812231064,0,50,50,50,0,0,24.8259315490723,17.74
2026-08-26 05:45:00,2,0,0,2,25.2995223999023,24.8400001525879,25.4599990844727,23,21,30,10,24.8899993896484,25.8999996185303,0,0,1.52565324306488,0,50,50,50,0,0,24.8287143707275,17.68
2026-08-26 06:00:00,2,0,0,2,25.3319311141968,24.8549995422363,25.4499988555908,23,21,30,10,24.9099998474121,25.8999996185303,0,0,1.52812683582306,0,50,50,50,0,0,24.8073062896729,17.62
2026-08-26 06:15:00,2,0,0,2,25.3708076477051,24.8599987030029,25.4599990844727,23,21,30,10,24.939998626709,25.9099998474121,0,0,1.52879858016968,0,50,50,50,0,0,24.7866287231445,17.655
2026-08-26 06:30:00,2,0,0,2,25.3796949386597,24.8649988174439,25.4449987411499,23,21,30,10,24.9499988555909,25.9049997329712,0,0,1.52709776163102,0,50,50,50,0,0,24.7793960571289,17.69
2026-08-26 06:45:00,2,0,0,2,25.3886566162109,24.8899993896484,25.4599990844727,23,21,30,10,24.9899997711182,25.9099998474121,0,0,1.52921712398529,0,50,50,50,0,0,24.7760581970215,17.725
2026-08-26 07:00:00,2,0,0,2,25.3982477188111,24.8999996185303,25.4599990844727,23,21,30,10,24.9749994277954,25.914999961853,0,0,1.52895987033844,0,50,50,50,0,0,24.7787075042725,17.76
2026-08-26 07:15:00,2,0,0,2,25.4069709777832,24.9099998474121,25.4799995422363,23,21,30,10,25,25.9300003051758,0,0,1.52574121952057,0,50,50,50,0,0,24.7772998809814,17.7925
2026-08-26 07:30:00,2,0,0,2,25.4096126556397,24.9299993515015,25.4799995422364,23,21,30,10,25.019998550415,25.9200000762939,0,0,3.66437911987305,0,67.5,67.5,67.5,0,0,24.7897462844849,17.825
2026-08-26 07:45:00,2,0,0,2,25.4122734069824,24.9300003051758,25.4599990844727,23,21,30,10,25.0299987792969,25.8999996185303,0,0,3.14295506477356,0,85,85,85,0,0,24.7885246276855,17.8575
2026-08-26 08:00:00,2,0,0,2,25.4058332443237,24.9449987411499,25.4599990844727,23,21,30,10,25.0299987792969,25.8799991607666,0,0,4.18961882591248,0,94,94,94,0,0,24.7690124511719,17.89
2026-08-26 08:15:00,2,0,0,2,25.3829402923584,24.9499988555908,25.4599990844727,23,21,30,10,25.0499992370605,25.8799991607666,0,0,3.14119601249695,0,97,97,97,0,0,24.7574272155762,17.925
2026-08-26 08:30:00,2,0,0,2,25.3609857559204,24.9599990844727,25.439998626709,23,21,30,10,24.984998703003,25.8599987030029,0,0,3.76412415504456,0,105,105,105,0,0,24.748929977417,17.96
2026-08-26 08:45:00,2,0,0,2,25.3344497680664,24.9599990844727,25.439998626709,23,21,30,10,24.9099998474121,25.8599987030029,0,0,2.08081889152527,0,108,108,108,0,0,24.7551803588867,17.995
2026-08-26 09:00:00,2,0,0,2,25.3132820129395,24.9649991989136,25.4200000762939,23,21,30,10,24.7349987030029,25.854998588562,0,0,1.80516910552979,0,117,117,117,0,0,24.7530841827393,18.03
2026-08-26 09:15:00,2,0,0,2,25.2846393585205,24.939998626709,25.4099998474121,23,21,30,10,24.6199989318848,25.8599987030029,0,0,2.08790397644043,0,120,120,120,0,0,24.7488212585449,18.4075
2026-08-26 09:30:00,2,0,0,2,25.2555027008057,24.9299993515015,25.4099998474121,23,21,30,10,24.4599990844727,25.854998588562,0,0,2.08109247684479,0,126,126,126,0,0,24.7446146011353,18.785
2026-08-26 09:45:00,2,0,0,2,25.2302589416504,24.8999996185303,25.3999996185303,23,21,30,10,24.25,25.8599987030029,0,0,3.04684257507324,0,126,126,126,0,0,24.7391109466553,19.1625
2026-08-26 10:00:00,2,0,0,2,25.1972627639771,24.920000076294,25.3999996185303,23,21,30,10,24.2749996185303,25.8649988174439,0,0,3.04865801334381,0,135,135,135,0,0,24.7316465377808,19.54
2026-08-26 10:15:00,2,0,0,2,25.1577625274659,24.8849992752075,25.3999996185303,23,21,30,10,24.1499996185303,25.8699989318848,0,0,4.09516882896424,0,138,138,138,0,0,24.7229137420654,19.9175
2026-08-26 10:30:00,2,0,0,2,25.1259803771973,24.8549995422364,25.3999996185303,23,21,30,10,23.9599990844727,25.8799991607666,0,0,3.46825468540192,0,138,138,138,0,0,24.7097425460816,20.295
2026-08-26 10:45:00,2,0,0,2,25.1016178131104,24.8599987030029,25.3899993896484,23,21,30,10,23.939998626709,25.8799991607666,0,0,4.09878063201904,0,138,138,138,0,0,24.7002563476562,20.6725
2026-08-26 11:00:00,2,0,0,2,25.0819520950318,24.7999992370606,25.3749990463257,23,21,30,10,23.8400001525879,25.8799991607666,0,0,4.0955171585083,0,138,138,138,0,0,24.6871633529663,21.05
2026-08-26 11:15:00,2,0,0,2,25.0598621368408,24.769998550415,25.3899993896484,23,21,30,10,23.7999992370605,25.8799991607666,0,0,4.0969066619873,0,138,138,138,0,0,24.6783084869385,21.4275
2026-08-26 11:30:00,2,0,0,2,25.0407648086548,24.774998664856,25.3899993896484,23,21,30,10,23.6849994659424,25.8799991607666,0,0,4.09609460830689,0,138,138,138,0,0,24.6713733673096,21.805
2026-08-26 11:45:00,2,0,0,2,25.025785446167,24.7899990081787,25.3799991607666,23,21,30,10,23.5799999237061,25.8799991607666,0,0,4.09932518005371,0,138,138,138,0,0,24.6680316925049,22.1825
2026-08-26 12:00:00,2,0,0,2,25.0163469314575,24.7649993896485,25.3949995040894,23,21,30,10,23.6099996566773,25.8849992752075,0,0,3.57357549667359,0,129,129,129,0,0,24.6672344207764,22.56
2026-08-26 12:15:00,2,0,0,2,25.0074405670166,24.769998550415,25.3999996185303,23,21,30,10,23.5299987792969,25.8799991607666,0,0,4.10227584838867,0,120,120,120,0,0,24.6654300689697,22.905
2026-08-26 12:30:00,2,0,0,2,25.0004825592042,24.7199993133545,25.4049997329712,23,21,30,10,23.5049991607666,25.8799991607666,0,0,3.57512331008912,0,85,85,85,0,0,24.6692485809326,23.25
2026-08-26 12:45:00,2,0,0,2,24.9948959350586,24.6999988555908,25.3999996185303,23,21,30,10,23.4699993133545,25.8899993896484,0,0,3.04970145225525,0,50,50,50,0,0,24.6762142181396,23.595
2026-08-26 13:00:00,2,0,0,2,25.004192352295,24.7049999237061,25.4099998474121,23,21,30,10,23.4849996566773,25.8949995040894,0,0,3.04910051822663,0,50,50,50,0,0,24.6856908798218,23.94
2026-08-26 13:15:00,2,0,0,2,25.0015106201172,24.7099990844727,25.4200000762939,23,21,30,10,23.4499988555908,25.8899993896484,0,0,3.05600452423096,0,50,50,50,0,0,24.6968326568604,24.2875
2026-08-26 13:30:00,2,0,0,2,25.0053997039795,24.7349996566773,25.4200000762939,23,21,30,10,23.4149999618531,25.8899993896484,0,0,3.57839179039002,0,88,88,88,0,0,24.7069797515869,24.635
2026-08-26 13:45:00,2,0,0,2,25.0058460235596,24.7099990844727,25.4200000762939,23,21,30,10,23.3899993896484,25.8999996185303,0,0,4.09446334838867,0,126,126,126,0,0,24.7031288146973,24.9825
2026-08-26 14:00:00,2,0,0,2,25.002275466919,24.6849994659424,25.4250001907349,23,21,30,10,23.375,25.8999996185303,0,0,3.60901010036469,0,129,129,129,0,0,24.7114238739014,25.33
2026-08-26 14:15:00,2,0,0,2,25.0069141387939,24.6800003051758,25.4300003051758,23,21,30,10,23.439998626709,25.9099998474121,0,0,4.09226655960083,0,132,132,132,0,0,24.7153472900391,25.675
2026-08-26 14:30:00,2,0,0,2,25.0071964263916,24.6949996948243,25.4250001907349,23,21,30,10,23.4300003051758,25.9099998474121,0,0,2.78324538469315,0,132,132,132,0,0,24.7300033569336,26.02
2026-08-26 14:45:00,2,0,0,2,25.0244483947754,24.689998626709,25.439998626709,23,21,30,10,23.3299999237061,25.9300003051758,0,0,1.44995713233948,0,132,132,132,0,0,24.8306140899658,26.365
2026-08-26 15:00:00,2,0,0,2,25.0306510925293,24.670000076294,25.4449987411499,23,21,30,10,23.3699989318848,25.9349994659424,0,0,1.45351088047028,0,135,135,135,0,0,24.9777193069458,26.71
2026-08-26 15:15:00,2,0,0,2,25.0424137115479,24.6399993896484,25.4599990844727,23,21,30,10,23.2999992370605,25.939998626709,0,0,1.4499443769455,0,138,138,138,0,0,25.0455932617188,26.695
2026-08-26 15:30:00,2,0,0,2,25.0522336959839,24.6649990081787,25.4699993133545,23,21,30,10,23.3999996185303,25.939998626709,0,0,1.45378714799881,0,138,138,138,0,0,25.0865879058838,26.68
2026-08-26 15:45:00,2,0,0,2,25.0664730072021,24.6000003814697,25.4799995422363,23,21,30,10,23.4200000762939,25.939998626709,0,0,1.45222342014313,0,138,138,138,0,0,25.1217441558838,26.665
2026-08-26 16:00:00,2,0,0,2,25.0711746215821,24.6049995422363,25.4799995422363,23,21,30,10,23.3899993896484,25.9449987411499,0,0,1.44923496246338,0,138,138,138,0,0,25.1597900390625,26.65
2026-08-26 16:15:00,2,0,0,2,25.0655326843262,24.5799999237061,25.4799995422363,23,21,30,10,23.3199996948242,25.939998626709,0,0,1.45053374767303,0,138,138,138,0,0,25.21702003479,26.635
2026-08-26 16:30:00,2,0,0,2,25.0816707611084,24.6649999618531,25.4849996566773,23,21,30,10,23.3899993896485,25.939998626709,0,0,1.44988167285919,0,138,138,138,0,0,25.2221879959107,26.62
2026-08-26 16:45:00,2,0,0,2,25.1317749023438,24.5399990081787,25.4799995422363,23,21,30,10,23.3999996185303,25.939998626709,0,0,1.45489573478699,0,138,138,138,0,0,25.1657600402832,26.605
2026-08-26 17:00:00,2,0,0,2,25.1514883041382,24.6299991607666,25.4949998855591,23,21,30,10,23.4999990463257,25.9549989700318,0,0,1.45339393615723,0,138,138,138,0,0,25.1436967849732,26.59
2026-08-26 17:15:00,2,0,0,2,25.1351871490479,24.6000003814697,25.5,23,21,30,10,23.4599990844727,25.9499988555908,0,0,1.45162665843964,0,138,138,138,0,0,25.1648807525635,26.5725
2026-08-26 17:30:00,2,0,0,2,25.1675024032593,24.6499996185303,25.5149993896484,23,21,30,10,23.5999994277955,25.939998626709,0,0,1.45394426584244,0,126,126,126,0,0,25.1341762542725,26.555
2026-08-26 17:45:00,2,0,0,2,25.1691188812256,24.6199989318848,25.519998550415,23,21,30,10,23.689998626709,25.9599990844727,0,0,1.45285844802856,0,114,114,114,0,0,25.1414031982422,26.5375
2026-08-26 18:00:00,2,0,0,2,25.1713256835938,24.670000076294,25.524998664856,23,21,30,10,23.6800003051758,25.9549989700318,0,0,1.45039886236191,0,114,114,114,0,0,25.1318655014038,26.52
2026-08-26 18:15:00,2,0,0,2,25.1944160461426,24.6700000762939,25.519998550415,23,21,30,10,23.7600002288818,25.9599990844727,0,0,1.45249593257904,0,114,114,114,0,0,25.1093120574951,26.265
2026-08-26 18:30:00,2,0,0,2,25.1771850585938,24.6399993896485,25.5299987792969,23,21,30,10,23.6849994659424,25.9699993133545,0,0,1.45376640558243,0,82,82,82,0,0,25.1253089904786,26.01
2026-08-26 18:45:00,2,0,0,2,25.1757202148438,24.6800003051758,25.519998550415,23,21,30,10,23.6999988555908,25.9699993133545,0,0,1.44875490665436,0,50,50,50,0,0,25.127010345459,25.755
2026-08-26 19:00:00,2,0,0,2,25.1823682785034,24.6700000762939,25.5399990081787,23,21,30,10,23.7849988937378,25.9699993133545,0,0,1.47034305334092,0,50,50,50,0,0,25.1193361282349,25.5
2026-08-26 19:15:00,2,0,0,2,25.1753101348877,24.689998626709,25.5499992370605,23,21,30,10,23.8099994659424,25.9699993133545,0,0,1.47102630138397,0,50,50,50,0,0,25.1287899017334,25.245
2026-08-26 19:30:00,2,0,0,2,25.1797494888306,24.6299991607666,25.5549993515015,23,21,30,10,23.8249998092652,25.9749994277954,0,0,1.53379881381989,0,50,50,50,0,0,25.1233577728272,24.99
2026-08-26 19:45:00,2,0,0,2,25.1893119812012,24.6299991607666,25.5599994659424,23,21,30,10,23.9099998474121,25.9799995422363,0,0,1.45443665981293,0,50,50,50,0,0,25.1188125610352,24.735
2026-08-26 20:00:00,2,0,0,2,25.1939420700073,24.6799993515015,25.5549993515015,23,21,30,10,23.914999961853,25.9849996566773,0,0,1.45543223619461,0,50,50,50,0,0,25.1129779815674,24.48
2026-08-26 20:15:00,2,0,0,2,25.192476272583,24.6800003051758,25.5499992370605,23,21,30,10,23.9300003051758,25.9899997711182,0,0,1.44837260246277,0,50,50,50,0,0,25.1122608184814,24.225
2026-08-26 20:30:00,2,0,0,2,25.2045574188233,24.6499996185303,25.5749998092652,23,21,30,10,23.9549999237061,25.9849996566773,0,0,1.45319294929505,0,50,50,50,0,0,25.1036109924317,23.97
2026-08-26 20:45:00,2,0,0,2,25.2200355529785,24.6700000762939,25.5699996948242,23,21,30,10,23.9699993133545,26,0,0,1.45020890235901,0,50,50,50,0,0,25.0948028564453,23.715
2026-08-26 21:00:00,2,0,0,2,25.2280101776123,24.710000038147,25.5699996948242,23,21,30,10,24.0249996185303,25.9899997711182,0,0,1.4531154036522,0,50,50,50,0,0,25.0915584564209,23.46
2026-08-26 21:15:00,2,0,0,2,25.2430591583252,24.75,25.5699996948242,23,21,30,10,24.0100002288818,25.9899997711182,0,0,1.4537490606308,0,50,50,50,0,0,25.0936412811279,23.3425
2026-08-26 21:30:00,2,0,0,2,25.2501125335694,24.7249994277955,25.5799999237061,23,21,30,10,24.0900001525879,25.9949998855591,0,0,1.45450568199158,0,50,50,50,0,0,25.09361743927,23.225
2026-08-26 21:45:00,2,0,0,2,25.2506484985352,24.6999988555908,25.5900001525879,23,21,30,10,24.1800003051758,26,0,0,1.45112788677216,0,50,50,50,0,0,25.0927848815918,23.1075
2026-08-26 22:00:00,2,0,0,2,25.2625160217285,24.7449989318848,25.5949993133545,23,21,30,10,24.1149997711182,26,0,0,1.45576906204224,0,50,50,50,0,0,25.0935020446778,22.99
2026-08-26 22:15:00,2,0,0,2,25.2454528808594,24.7799987792969,25.5900001525879,23,21,30,10,24.1299991607666,26.0100002288818,0,0,1.45207703113556,0,50,50,50,0,0,25.1044139862061,22.8725
2026-08-26 22:30:00,2,0,0,2,25.2708778381348,24.7649993896484,25.5949993133545,23,21,30,10,24.1949987411499,26,0,0,1.45283949375153,0,50,50,50,0,0,25.0946130752564,22.755
2026-08-26 22:45:00,2,0,0,2,25.2882404327393,24.7799987792969,25.5999984741211,23,21,30,10,24.1999988555908,26,0,0,1.45436263084412,0,50,50,50,0,0,25.0902347564697,22.6375
2026-08-26 23:00:00,2,0,0,2,25.2990770339966,24.7949991226196,25.5999984741211,23,21,30,10,24.2749996185303,26.0149993896484,0,0,1.45266807079316,0,50,50,50,0,0,25.0868215560913,22.52
2026-08-26 23:15:00,2,0,0,2,25.3112773895264,24.8099994659424,25.6099987030029,23,21,30,10,24.3500003814697,26.0100002288818,0,0,1.45380175113678,0,50,50,50,0,0,25.0861568450928,22.4025
2026-08-26 23:30:00,2,0,0,2,25.3266572952271,24.8249998092652,25.6149988174439,23,21,30,10,24.335000038147,26.0299987792969,0,0,1.45180988311768,0,50,50,50,0,0,25.0792655944824,22.285
2026-08-26 23:45:00,2,0,0,2,25.3203353881836,24.8299999237061,25.6199989318848,23,21,30,10,24.3400001525879,26.0299987792969,0,0,1.4545191526413,0,50,50,50,0,0,25.0789623260498,22.1675
2026-08-27 00:00:00,2,0,0,2,25.2994232177735,24.8450002670288,25.6099987030029,23,21,30,10,24.3449993133545,26.0349988937378,0,0,1.45211911201477,0,50,50,50,0,0,25.0945653915405,23.4
2026-08-27 00:15:00,2,0,0,2,25.2887935638428,24.8599987030029,25.6199989318848,23,21,30,10,24.3599987030029,26.0299987792969,0,0,1.4558345079422,0,50,50,50,0,0,25.101448059082,23.045
2026-08-27 00:30:00,2,0,0,2,25.2940664291382,24.8499994277954,25.6199989318848,23,21,30,10,24.4049997329712,26.0399990081787,0,0,1.45309990644455,0,50,50,50,0,0,25.1053829193115,22.69
2026-08-27 00:45:00,2,0,0,2,25.3067111968994,24.8899993896484,25.6199989318848,23,21,30,10,24.4300003051758,26.0399990081787,0,0,1.45323467254639,0,50,50,50,0,0,25.1059093475342,22.335
2026-08-27 01:00:00,2,0,0,2,25.3112020492554,24.8799991607666,25.6349992752075,23,21,30,10,24.4549989700318,26.0549993515015,0,0,1.45352095365525,0,50,50,50,0,0,25.107536315918,21.98
2026-08-27 01:15:00,2,0,0,2,25.3167304992676,24.8999996185303,25.6299991607666,23,21,30,10,24.5,26.0599994659424,0,0,1.45321643352509,0,50,50,50,0,0,25.1135540008545,21.6225
2026-08-27 01:30:00,2,0,0,2,25.3460378646851,24.914999961853,25.6549997329712,23,21,30,10,24.5149993896484,26.0649995803833,0,0,1.45557886362076,0,50,50,50,0,0,25.1003952026368,21.265
2026-08-27 01:45:00,2,0,0,2,25.315185546875,24.8799991607666,25.6700000762939,23,21,30,10,24.5299987792969,26.0699996948242,0,0,1.45501899719238,0,50,50,50,0,0,25.1124324798584,20.9075
2026-08-27 02:00:00,2,0,0,2,25.3149976730347,24.9099998474121,25.6499996185303,23,21,30,10,24.5699996948242,26.0699996948242,0,0,1.45265126228333,0,50,50,50,0,0,25.1098012924195,20.55
2026-08-27 02:15:00,2,0,0,2,25.3155040740967,24.9300003051758,25.6599998474121,23,21,30,10,24.5799999237061,26.0699996948242,0,0,1.45981442928314,0,50,50,50,0,0,25.1150608062744,20.195
2026-08-27 02:30:00,2,0,0,2,25.3629179000855,24.9599990844727,25.664999961853,23,21,30,10,24.6049995422363,26.0699996948242,0,0,1.45139342546463,0,50,50,50,0,0,25.0978021621704,19.84
2026-08-27 02:45:00,2,0,0,2,25.3936328887939,24.9699993133545,25.6700000762939,23,21,30,10,24.6999988555908,26.0799999237061,0,0,1.45198798179626,0,50,50,50,0,0,25.0877132415771,19.485
2026-08-27 03:00:00,2,0,0,2,25.4406356811524,24.9749994277954,25.6700000762939,23,21,30,10,24.6749992370606,26.085000038147,0,0,1.4539105296135,0,50,50,50,0,0,25.0681257247925,19.13
2026-08-27 03:15:00,2,0,0,2,25.4787902832031,24.9599990844727,25.6700000762939,23,21,30,10,24.6399993896484,26.0900001525879,0,0,1.45067274570465,0,50,50,50,0,0,25.0433044433594,19.055
2026-08-27 03:30:00,2,0,0,2,25.5221843719483,24.9849996566773,25.6750001907349,23,21,30,10,24.7299995422363,26.085000038147,0,0,1.45183992385864,0,50,50,50,0,0,25.0412244796753,18.98
2026-08-27 03:45:00,2,0,0,2,25.555835723877,25.0100002288818,25.6700000762939,23,21,30,10,24.75,26.0900001525879,0,0,1.45806038379669,0,50,50,50,0,0,25.0252075195312,18.905
2026-08-27 04:00:00,2,0,0,2,25.5598087310791,24.9949998855591,25.6800003051758,23,21,30,10,24.795000076294,26.0949993133545,0,0,1.45259290933609,0,50,50,50,0,0,25.0232973098755,18.83
2026-08-27 04:15:00,2,0,0,2,25.5732173919678,25.0100002288818,25.6999988555908,23,21,30,10,24.8099994659424,26.0999984741211,0,0,1.44905710220337,0,50,50,50,0,0,25.0194034576416,18.7525
2026-08-27 04:30:00,2,0,0,2,25.5697555541992,25.019998550415,25.6949987411499,23,21,30,10,24.8249998092651,26.0999984741211,0,0,1.45247256755829,0,50,50,50,0,0,25.010235786438,18.675
2026-08-27 04:45:00,2,0,0,2,25.5786666870117,25.019998550415,25.689998626709,23,21,30,10,24.8500003814697,26.0999984741211,0,0,1.45158398151398,0,50,50,50,0,0,25.0040588378906,18.5975
2026-08-27 05:00:00,2,0,0,2,25.5795335769654,25.0499992370605,25.6949987411499,23,21,30,10,24.8699989318848,26.0949993133545,0,0,1.45294386148453,0,50,50,50,0,0,25.0095510482788,18.52
2026-08-27 05:15:00,2,0,0,2,25.555061340332,25.0499992370605,25.689998626709,23,21,30,10,24.8999996185303,26.1099987030029,0,0,1.45194721221924,0,50,50,50,0,0,24.985746383667,18.4425
2026-08-27 05:30:00,2,0,0,2,25.5702018737793,25.0649995803833,25.7049989700318,23,21,30,10,24.9149999618531,26.1099987030029,0,0,1.49884015321732,0,50,50,50,0,0,25.0126094818116,18.365
2026-08-27 05:45:00,2,0,0,2,25.5258293151855,25.1099987030029,25.689998626709,23,21,30,10,24.9300003051758,26.1199989318848,0,0,1.52890169620514,0,50,50,50,0,0,25.0226135253906,18.2875
2026-08-27 06:00:00,2,0,0,2,25.4480905532837,25.0900001525879,25.6999988555908,23,21,30,10,24.9599990844727,26.1199989318848,0,0,1.52872264385223,0,50,50,50,0,0,25.0711097717285,18.21
2026-08-27 06:15:00,2,0,0,2,25.4724807739258,25.1199989318848,25.7099990844727,23,21,30,10,24.9799995422363,26.1199989318848,0,0,1.53240311145782,0,50,50,50,0,0,25.0621948242188,18.2375
2026-08-27 06:30:00,2,0,0,2,25.4695405960083,25.1299991607666,25.6999988555908,23,21,30,10,24.9799995422363,26.1249990463257,0,0,1.52872085571289,0,50,50,50,0,0,25.0735301971436,18.265
2026-08-27 06:45:00,2,0,0,2,25.4500789642334,25.1499996185303,25.7099990844727,23,21,30,10,25,26.1299991607666,0,0,1.53216743469238,0,50,50,50,0,0,25.0883255004883,18.2925
2026-08-27 07:00:00,2,0,0,2,25.4591045379639,25.1449995040894,25.7199993133545,23,21,30,10,25.0149993896484,26.1299991607666,0,0,1.527319252491,0,50,50,50,0,0,25.082748413086,18.32
2026-08-27 07:15:00,2,0,0,2,25.4139537811279,25.1499996185303,25.7099990844727,23,21,30,10,25.0399990081787,26.1299991607666,0,0,1.53088855743408,0,50,50,50,0,0,25.1166038513184,18.35
2026-08-27 07:30:00,2,0,0,2,25.4218091964722,25.1599998474121,25.7049989700318,23,21,30,10,25.0449991226196,26.1349992752075,0,0,4.18629550933838,0,73.5,73.5,73.5,0,0,25.1448068618774,18.38
2026-08-27 07:45:00,2,0,0,2,25.4023780822754,25.1700000762939,25.689998626709,23,21,30,10,25.0699996948242,26.1299991607666,0,0,4.18561363220215,0,97,97,97,0,0,25.0155143737793,18.41
2026-08-27 08:00:00,2,0,0,2,25.4012508392334,25.1700000762939,25.6750001907349,23,21,30,10,25.0749998092652,26.1149988174439,0,0,4.18696475028992,0,105,105,105,0,0,24.8804159164429,18.44
2026-08-27 08:15:00,2,0,0,2,25.3830108642578,25.1800003051758,25.6399993896484,23,21,30,10,25.0799999237061,26.1099987030029,0,0,4.1865553855896,0,108,108,108,0,0,24.7788047790527,18.4675
2026-08-27 08:30:00,2,0,0,2,25.4079895019531,25.1899995803833,25.6249990463257,23,21,30,10,25.0099992752075,26.085000038147,0,0,3.66107070446015,0,117,117,117,0,0,24.7924680709839,18.495
2026-08-27 08:45:00,2,0,0,2,25.4188957214355,25.1800003051758,25.5999984741211,23,21,30,10,24.9200000762939,26.0599994659424,0,0,2.16573095321655,0,120,120,120,0,0,24.8128452301025,18.5225
2026-08-27 09:00:00,2,0,0,2,25.4194898605347,25.1700000762939,25.604998588562,23,21,30,10,24.7099990844727,26.0499992370606,0,0,3.66551172733307,0,129,129,129,0,0,24.8242883682251,18.55
2026-08-27 09:15:00,2,0,0,2,25.4125671386719,25.1499996185303,25.5900001525879,23,21,30,10,24.6099987030029,26.0399990081787,0,0,3.14627981185913,0,132,132,132,0,0,24.8260688781738,18.94
2026-08-27 09:30:00,2,0,0,2,25.3806524276734,25.1399993896484,25.5899991989136,23,21,30,10,24.3999996185303,26.0449991226196,0,0,3.14328956604004,0,138,138,138,0,0,24.8280210494995,19.33
2026-08-27 09:45:00,2,0,0,2,25.3564796447754,25.1199989318848,25.5900001525879,23,21,30,10,24.3500003814697,26.0399990081787,0,0,3.1415810585022,0,138,138,138,0,0,24.8285579681396,19.72
2026-08-27 10:00:00,2,0,0,2,25.3382863998413,25.0900001525879,25.5799999237061,23,21,30,10,24.1849994659424,26.0449991226196,0,0,3.13741362094879,0,147,147,147,0,0,24.8292541503907,20.11
2026-08-27 10:15:00,2,0,0,2,25.3111953735352,25.0799999237061,25.5699996948242,23,21,30,10,24.1599998474121,26.0299987792969,0,0,3.14517903327942,0,150,150,150,0,0,24.8262672424316,20.5
2026-08-27 10:30:00,2,0,0,2,25.2865047454834,25.0599994659424,25.5699996948242,23,21,30,10,24.0599994659424,26.0349988937378,0,0,3.14225435256958,0,150,150,150,0,0,24.8183746337891,20.89
2026-08-27 10:45:00,2,0,0,2,25.2643642425537,25.0399990081787,25.5799999237061,23,21,30,10,23.939998626709,26.0499992370605,0,0,3.1453685760498,0,150,150,150,0,0,24.8152294158936,21.28
2026-08-27 11:00:00,2,0,0,2,25.2460222244263,24.9699993133545,25.5649995803833,23,21,30,10,23.8999996185303,26.0449991226196,0,0,3.18364787101746,0,150,150,150,0,0,24.8148946762085,21.67
2026-08-27 11:15:00,2,0,0,2,25.2316207885742,24.939998626709,25.5799999237061,23,21,30,10,23.7600002288818,26.0599994659424,0,0,3.14168429374695,0,150,150,150,0,0,24.8194923400879,22.06
2026-08-27 12:15:00,2,0,0,2,25.1743564605713,24.9200000762939,25.5599994659424,23,21,30,10,23.689998626709,26.0699996948242,0,0,4.0745964050293,0,150,150,150,0,0,24.834493637085,23.465
2026-08-27 12:30:00,2,0,0,2,25.1695413589478,24.9049997329712,25.5749998092652,23,21,30,10,23.5549993515015,26.0699996948242,0,0,2.65620243549347,0,91,91,91,0,0,24.8473539352417,23.7
2026-08-27 12:45:00,2,0,0,2,25.1751403808594,24.8999996185303,25.5799999237061,23,21,30,10,23.5100002288818,26.0699996948242,0,0,1.53177583217621,0,50,50,50,0,0,24.8567371368408,23.935
2026-08-27 13:00:00,2,0,0,2,25.1745862960816,24.8499994277955,25.5799999237061,23,21,30,10,23.4899988174439,26.0799999237061,0,0,2.65360832214356,0,50,50,50,0,0,24.8664255142212,24.17
2026-08-27 13:15:00,2,0,0,2,25.1744956970215,24.8699989318848,25.5900001525879,23,21,30,10,23.4499988555908,26.0699996948242,0,0,3.13680458068848,0,50,50,50,0,0,24.8665332794189,24.4025
2026-08-27 13:30:00,2,0,0,2,25.1740446090699,24.8699989318848,25.5900001525879,23,21,30,10,23.4399995803833,26.0799999237061,0,0,3.07037317752838,0,94,94,94,0,0,24.8748636245728,24.635
2026-08-27 13:45:00,2,0,0,2,25.163049697876,24.7999992370605,25.5699996948242,23,21,30,10,23.519998550415,26.0799999237061,0,0,3.14157032966614,0,138,138,138,0,0,24.8728466033936,24.8675
2026-08-27 14:00:00,2,0,0,2,25.1625671386719,24.8399991989136,25.5699996948242,23,21,30,10,23.414999961853,26.0799999237061,0,0,3.14135789871216,0,138,138,138,0,0,24.8790073394776,25.1
2026-08-27 14:45:00,2,0,0,2,25.1624717712403,24.8099994659424,25.5649995803833,23,21,30,10,23.3449993133545,26.0799999237061,0,0,1.52634942531586,0,144,144,144,0,0,24.999062538147,25.805
2026-08-27 15:00:00,2,0,0,2,25.1766319274902,24.7899990081787,25.5799999237061,23,21,30,10,23.3799991607666,26.0699996948242,0,0,1.5224244594574,0,144,144,144,0,0,25.0563716888428,26.04
2026-08-27 15:15:00,2,0,0,2,25.1889848709106,24.8099994659424,25.5900001525879,23,21,30,10,23.3699989318848,26.0749998092652,0,0,1.52385044097901,0,150,150,150,0,0,25.0724725723267,25.895
2026-08-27 15:30:00,2,0,0,2,25.2156867980957,24.769998550415,25.5999984741211,23,21,30,10,23.3799991607666,26.0699996948242,0,0,1.52075123786926,0,150,150,150,0,0,25.0460109710693,25.75
2026-08-27 15:45:00,2,0,0,2,25.2307205200196,24.7599992752076,25.5949993133545,23,21,30,10,23.3449993133545,26.0699996948242,0,0,1.48926860094071,0,150,150,150,0,0,25.0710220336914,25.605
2026-08-27 16:00:00,2,0,0,2,25.2383289337158,24.75,25.5999984741211,23,21,30,10,23.3999996185303,26.0699996948242,0,0,1.45333099365234,0,150,150,150,0,0,25.0968017578125,25.46
2026-08-27 16:15:00,2,0,0,2,25.237380027771,24.774998664856,25.6149988174439,23,21,30,10,23.3799991607666,26.0699996948242,0,0,1.45436543226242,0,150,150,150,0,0,25.1407775878906,25.315
2026-08-27 16:30:00,2,0,0,2,25.2441577911377,24.7799987792969,25.6299991607666,23,21,30,10,23.4499988555908,26.0699996948242,0,0,1.45093178749084,0,150,150,150,0,0,25.1601047515869,25.17
2026-08-27 16:45:00,2,0,0,2,25.2846269607544,24.7199993133545,25.6299991607666,23,21,30,10,23.3949995040894,26.0749998092652,0,0,1.45151293277741,0,138,138,138,0,0,25.1294775009155,25.025
2026-08-27 17:00:00,2,0,0,2,25.3247089385986,24.769998550415,25.6399993896484,23,21,30,10,23.5,26.0799999237061,0,0,1.45013701915741,0,138,138,138,0,0,25.0852184295654,24.88
2026-08-27 17:15:00,2,0,0,2,25.3352575302124,24.7550001144409,25.6299991607666,23,21,30,10,23.4849987030029,26.0799999237061,0,0,1.45354384183884,0,138,138,138,0,0,25.0581665039063,24.735
2026-08-27 17:30:00,2,0,0,2,25.3507099151611,24.7199993133545,25.6399993896484,23,21,30,10,23.4300003051758,26.0799999237061,0,0,1.4537056684494,0,138,138,138,0,0,25.04172706604,24.59
2026-08-27 17:45:00,2,0,0,2,25.3632564544678,24.774998664856,25.6399993896484,23,21,30,10,23.4099998474121,26.0900001525879,0,0,1.45382273197174,0,114,114,114,0,0,25.0321969985962,24.445
2026-08-27 18:00:00,2,0,0,2,25.3722114562988,24.7799987792969,25.6299991607666,23,21,30,10,23.5299987792969,26.0900001525879,0,0,1.45244181156158,0,114,114,114,0,0,25.0150623321533,24.3
2026-08-27 18:15:00,2,0,0,2,25.3910989761353,24.7699995040894,25.6299991607666,23,21,30,10,23.5149993896485,26.0949993133545,0,0,1.45220893621445,0,114,114,114,0,0,25.0094861984253,23.7825
2026-08-27 18:30:00,2,0,0,2,25.3905010223389,24.769998550415,25.6399993896484,23,21,30,10,23.5399990081787,26.0799999237061,0,0,1.48531532287598,0,114,114,114,0,0,24.9939670562744,23.265
2026-08-27 18:45:00,2,0,0,2,25.3938817977905,24.7999992370606,25.6199989318848,23,21,30,10,23.5749998092652,26.0900001525879,0,0,1.4583899974823,0,50,50,50,0,0,24.9765386581421,22.7475
2026-08-27 19:00:00,2,0,0,2,25.4020509719849,24.8049993515015,25.6149988174439,23,21,30,10,23.6099996566773,26.0949993133545,0,0,1.45401567220688,0,50,50,50,0,0,24.9688520431519,22.23
2026-08-27 19:15:00,2,0,0,2,25.4285068511963,24.7099990844727,25.6299991607666,23,21,30,10,23.6599998474121,26.0900001525879,0,0,1.45115983486176,0,50,50,50,0,0,24.9780387878418,21.71
2026-08-27 19:30:00,2,0,0,2,25.4139041900635,24.7199993133545,25.6349992752075,23,21,30,10,23.7449998855591,26.0949993133545,0,0,1.45116692781449,0,50,50,50,0,0,24.9642553329468,21.19
2026-08-27 19:45:00,2,0,0,2,25.3990516662598,24.7899990081787,25.6099987030029,23,21,30,10,23.6999988555908,26.0900001525879,0,0,1.45389306545258,0,50,50,50,0,0,24.9603004455566,20.67
2026-08-27 20:00:00,2,0,0,2,25.3638811111451,24.7799997329712,25.6199989318848,23,21,30,10,23.6750001907349,26.0900001525879,0,0,1.45469057559968,0,50,50,50,0,0,25.0046424865723,20.15
2026-08-27 20:15:00,2,0,0,2,25.3448867797852,24.7600002288818,25.6199989318848,23,21,30,10,23.7899990081787,26.0799999237061,0,0,1.45423245429993,0,50,50,50,0,0,25.0282516479492,19.6325
2026-08-27 20:30:00,2,0,0,2,25.3357791900635,24.8099994659424,25.6199989318848,23,21,30,10,23.7599992752075,26.0900001525879,0,0,1.45289951562882,0,50,50,50,0,0,25.0393943786621,19.115
2026-08-27 20:45:00,2,0,0,2,25.3937377929688,24.7999992370605,25.6199989318848,23,21,30,10,23.8199996948242,26.0900001525879,0,0,1.44965326786041,0,50,50,50,0,0,25.0051040649414,18.5975
2026-08-27 21:00:00,2,0,0,2,25.4175853729248,24.7699995040894,25.6149988174439,23,21,30,10,23.8399991989136,26.0900001525879,0,0,1.44866925477982,0,50,50,50,0,0,24.9985427856445,18.08
2026-08-27 21:15:00,2,0,0,2,25.4330024719238,24.8099994659424,25.6199989318848,23,21,30,10,23.8400001525879,26.0900001525879,0,0,1.4485878944397,0,50,50,50,0,0,24.9943542480469,18.0725
2026-08-27 21:30:00,2,0,0,2,25.4354066848755,24.8199996948243,25.6199989318848,23,21,30,10,23.914999961853,26.085000038147,0,0,1.44972217082978,0,50,50,50,0,0,24.9930953979492,18.065
2026-08-27 21:45:00,2,0,0,2,25.4112739562988,24.8299999237061,25.6199989318848,23,21,30,10,24,26.0999984741211,0,0,1.44864583015442,0,50,50,50,0,0,25.0086002349854,18.0575
2026-08-27 22:00:00,2,0,0,2,25.4239282608032,24.8099994659424,25.6199989318848,23,21,30,10,23.9899997711182,26.104998588562,0,0,1.45113778114319,0,50,50,50,0,0,25.0040655136109,18.05
2026-08-27 22:15:00,2,0,0,2,25.4253234863281,24.7999992370605,25.6299991607666,23,21,30,10,23.9300003051758,26.1099987030029,0,0,1.45335352420807,0,50,50,50,0,0,25.0080871582031,18.045
2026-08-27 22:30:00,2,0,0,2,25.4348125457764,24.8299999237061,25.6249990463257,23,21,30,10,24.0199995040894,26.0949993133545,0,0,1.45330512523651,0,50,50,50,0,0,24.9997215270996,18.04
2026-08-27 22:45:00,2,0,0,2,25.4275588989258,24.8500003814697,25.6399993896484,23,21,30,10,24.0599994659424,26.0999984741211,0,0,1.45092856884003,0,50,50,50,0,0,25.0037784576416,18.035
2026-08-27 23:00:00,2,0,0,2,25.4494380950928,24.8499994277954,25.6249990463257,23,21,30,10,24.0849990844727,26.0999984741211,0,0,1.47043079137802,0,50,50,50,0,0,24.9878597259522,18.03
2026-08-27 23:15:00,2,0,0,2,25.4693431854248,24.8699989318848,25.6299991607666,23,21,30,10,24.1399993896484,26.0999984741211,0,0,1.4713671207428,0,50,50,50,0,0,24.9774169921875,18.0225
2026-08-27 23:30:00,2,0,0,2,25.4729051589966,24.8599996566773,25.6299991607666,23,21,30,10,24.1249990463257,26.0999984741211,0,0,1.46923565864563,0,50,50,50,0,0,24.9839267730713,18.015
2026-08-27 23:45:00,2,0,0,2,25.4911804199219,24.8699989318848,25.6399993896484,23,21,30,10,24.1800003051758,26.0900001525879,0,0,1.45995354652405,0,50,50,50,0,0,24.9769134521484,18.0075
2026-08-28 00:00:00,2,0,0,2,25.4912462234497,24.8799991607666,25.6399993896484,23,21,30,10,24.2099990844727,26.0999984741211,0,0,1.45358258485794,0,50,50,50,0,0,24.9717407226563,17.9
2026-08-28 00:15:00,2,0,0,2,25.4985980987549,24.8400001525879,25.6499996185303,23,21,30,10,24.2999992370605,26.0999984741211,0,0,1.45182180404663,0,50,50,50,0,0,24.9692401885986,17.835
2026-08-28 00:30:00,2,0,0,2,25.5010709762574,24.8799991607666,25.6349992752075,23,21,30,10,24.2749996185303,26.104998588562,0,0,1.45290893316269,0,50,50,50,0,0,24.9683446884155,17.77
2026-08-28 00:45:00,2,0,0,2,25.5088424682617,24.9099998474121,25.6399993896484,23,21,30,10,24.2999992370605,26.1099987030029,0,0,1.45266377925873,0,50,50,50,0,0,24.9645538330078,17.705
2026-08-28 01:00:00,2,0,0,2,25.519627571106,24.9049997329712,25.6399993896484,23,21,30,10,24.3299999237061,26.0999984741211,0,0,1.45500671863556,0,50,50,50,0,0,24.9667892456055,17.64
2026-08-28 01:15:00,2,0,0,2,25.5190944671631,24.9099998474121,25.6499996185303,23,21,30,10,24.3299999237061,26.1199989318848,0,0,1.45253682136536,0,50,50,50,0,0,24.9676532745361,17.575
2026-08-28 01:30:00,2,0,0,2,25.5283651351929,24.9449996948243,25.6499996185303,23,21,30,10,24.3699998855591,26.1099987030029,0,0,1.45388066768646,0,50,50,50,0,0,24.9723234176636,17.51
2026-08-28 01:45:00,2,0,0,2,25.5242252349854,24.939998626709,25.6499996185303,23,21,30,10,24.3799991607666,26.1199989318848,0,0,1.45527780056,0,50,50,50,0,0,24.9702205657959,17.445
2026-08-28 02:00:00,2,0,0,2,25.5358686447144,24.9499998092651,25.6499996185303,23,21,30,10,24.4099998474121,26.1149988174439,0,0,1.46123903989792,0,50,50,50,0,0,24.9746971130371,17.38
2026-08-28 02:15:00,2,0,0,2,25.5346336364746,24.9899997711182,25.6399993896484,23,21,30,10,24.4599990844727,26.1199989318848,0,0,1.53175210952759,0,50,50,50,0,0,24.9721832275391,17.315
2026-08-28 02:30:00,2,0,0,2,25.5364999771119,24.9799995422364,25.6549997329712,23,21,30,10,24.439998626709,26.1099987030029,0,0,1.52707278728486,0,50,50,50,0,0,24.9767684936524,17.25
2026-08-28 02:45:00,2,0,0,2,25.5394172668457,25,25.6700000762939,23,21,30,10,24.4599990844727,26.1199989318848,0,0,1.52680027484894,0,50,50,50,0,0,24.9766712188721,17.185
2026-08-28 03:00:00,2,0,0,2,25.5389614105225,24.9949998855591,25.6599998474121,23,21,30,10,24.519998550415,26.1199989318848,0,0,1.52535623311997,0,50,50,50,0,0,24.9817838668823,17.12
2026-08-28 03:15:00,2,0,0,2,25.5453052520752,25,25.6499996185303,23,21,30,10,24.4899997711182,26.1199989318848,0,0,1.52798855304718,0,50,50,50,0,0,24.9803218841553,17.035
2026-08-28 03:30:00,2,0,0,2,25.5458240509033,25.0299987792969,25.664999961853,23,21,30,10,24.5449991226197,26.1199989318848,0,0,1.5255166888237,0,50,50,50,0,0,24.986795425415,16.95
2026-08-28 03:45:00,2,0,0,2,25.5486907958984,25.0100002288818,25.6700000762939,23,21,30,10,24.5699996948242,26.1199989318848,0,0,1.5227335691452,0,50,50,50,0,0,24.9897804260254,16.865
2026-08-28 04:00:00,2,0,0,2,25.5473327636719,25.0349988937378,25.6750001907349,23,21,30,10,24.6000003814697,26.1199989318848,0,0,1.52716982364655,0,50,50,50,0,0,24.9907274246216,16.78
2026-08-28 04:15:00,2,0,0,2,25.5449352264404,25.0399990081787,25.6800003051758,23,21,30,10,24.6700000762939,26.1299991607666,0,0,1.52487766742706,0,50,50,50,0,0,24.9988765716553,16.6975
2026-08-28 04:30:00,2,0,0,2,25.5561513900757,25.0549993515015,25.6800003051758,23,21,30,10,24.6349992752075,26.1299991607666,0,0,1.52518039941788,0,50,50,50,0,0,25.0019788742066,16.615
2026-08-28 04:45:00,2,0,0,2,25.5568504333496,25.0499992370605,25.689998626709,23,21,30,10,24.6800003051758,26.1299991607666,0,0,1.52372527122498,0,50,50,50,0,0,25.0064315795898,16.5325
2026-08-28 05:00:00,2,0,0,2,25.5557823181153,25.0649995803833,25.6700000762939,23,21,30,10,24.7249994277954,26.1349992752075,0,0,1.5283288359642,0,50,50,50,0,0,25.0056028366089,16.45
2026-08-28 05:15:00,2,0,0,2,25.5332412719727,25.0900001525879,25.6800003051758,23,21,30,10,24.7600002288818,26.1399993896484,0,0,1.522700548172,0,50,50,50,0,0,25.0182037353516,16.365
2026-08-28 05:30:00,2,0,0,2,25.5048274993897,25.1000003814697,25.6750001907349,23,21,30,10,24.7749996185303,26.1349992752075,0,0,1.52779769897461,0,50,50,50,0,0,25.0345230102539,16.28
2026-08-28 05:45:00,2,0,0,2,25.5000705718994,25.0900001525879,25.6800003051758,23,21,30,10,24.7899990081787,26.1399993896484,0,0,1.52213001251221,0,50,50,50,0,0,25.0480899810791,16.195
2026-08-28 06:00:00,2,0,0,2,25.5060606002808,25.1049995422364,25.6800003051758,23,21,30,10,24.8199996948242,26.1249990463257,0,0,1.52803814411164,0,50,50,50,0,0,25.0461978912354,16.11
2026-08-28 06:15:00,2,0,0,2,25.5126266479492,25.1099987030029,25.6800003051758,23,21,30,10,24.7799987792969,26.1399993896484,0,0,1.52681291103363,0,50,50,50,0,0,25.0523910522461,16.0975
2026-08-28 06:30:00,2,0,0,2,25.5234003067017,25.1299991607666,25.6750001907349,23,21,30,10,24.8400001525879,26.1399993896484,0,0,1.53098064661026,0,50,50,50,0,0,25.0469436645508,16.085
2026-08-28 06:45:00,2,0,0,2,25.5441398620605,25.1299991607666,25.689998626709,23,21,30,10,24.8500003814697,26.1399993896484,0,0,1.53023099899292,0,50,50,50,0,0,25.0335674285889,16.0725
2026-08-28 07:00:00,2,0,0,2,25.5462131500244,25.1549997329712,25.689998626709,23,21,30,10,24.8699989318848,26.1449995040894,0,0,1.5277641415596,0,50,50,50,0,0,25.0253372192383,16.06
2026-08-28 07:15:00,2,0,0,2,25.539514541626,25.1700000762939,25.6800003051758,23,21,30,10,24.9200000762939,26.1399993896484,0,0,1.52576243877411,0,50,50,50,0,0,25.0306777954102,16.0475
2026-08-28 07:30:00,2,0,0,2,25.4520254135132,25.1750001907349,25.6800003051758,23,21,30,10,24.9449987411499,26.1449995040894,0,1,4.18570756912231,0,67.5,67.5,67.5,0,0,24.9955768585205,16.035
2026-08-28 07:45:00,2,0,0,2,25.4112377166748,25.1700000762939,25.6800003051758,23,21,30,10,24.9899997711182,26.1399993896484,0,1,3.13950800895691,0,85,85,85,0,0,24.8002891540527,16.0225
2026-08-28 08:00:00,2,0,0,2,25.3999109268189,25.1749992370606,25.6750001907349,23,21,30,10,24.9899997711182,26.1249990463257,0,1,3.13987696170807,0,94,94,94,0,0,24.619047164917,16.01
2026-08-28 08:15:00,2,0,0,2,25.4032287597656,25.1800003051758,25.6800003051758,23,21,30,10,25,26.0999984741211,0,1,4.1645827293396,0,97,97,97,0,0,24.4848918914795,15.9975
2026-08-28 08:30:00,2,0,0,2,25.4015827178955,25.1949987411499,25.6549997329712,23,21,30,10,25.0099992752075,26.0949993133545,0,1,3.1428017616272,0,103.5,103.5,103.5,0,0,24.4029846191406,15.985
2026-08-28 08:45:00,2,0,0,2,25.3725624084473,25.2099990844727,25.6399993896484,23,21,30,10,25.019998550415,26.0799999237061,0,1,1.5246274471283,0,105,105,105,0,0,24.2802982330322,15.9725
2026-08-28 09:00:00,2,0,0,2,25.3577346801758,25.2199993133545,25.6349992752075,23,21,30,10,25.024998664856,26.0599994659424,0,1,1.52824354171753,0,109.5,109.5,109.5,0,0,24.1882438659668,15.96
2026-08-28 09:15:00,2,0,0,2,25.3431205749512,25.2099990844727,25.6199989318848,23,21,30,10,25.0599994659424,26.0499992370605,0,1,1.52681171894073,0,111,111,111,0,0,24.0910205841064,16.0875
2026-08-28 09:30:00,2,0,0,2,25.3313484191895,25.2249994277954,25.6149988174439,23,21,30,10,25.0549993515015,26.0299987792969,0,1,1.52209693193436,0,114,114,114,0,0,24.05224609375,16.215
2026-08-28 09:45:00,2,0,0,2,25.3083229064941,25.2299995422363,25.5999984741211,23,21,30,10,25.0599994659424,26.0399990081787,0,1,1.52307367324829,0,114,114,114,0,0,23.9869537353516,16.3425
2026-08-28 10:00:00,2,0,0,2,25.297402381897,25.2399997711182,25.5949993133545,23,21,30,10,25.1000003814697,26.0099992752075,0,1,1.5252029299736,0,118.5,118.5,118.5,0,0,23.936261177063,16.47
2026-08-28 10:15:00,2,0,0,2,25.2730121612549,25.2299995422363,25.5900001525879,23,21,30,10,25.1199989318848,26,0,1,1.52352917194366,0,120,120,120,0,0,23.8597850799561,16.595
2026-08-28 10:30:00,2,0,0,2,25.2638196945191,25.2299995422364,25.5799999237061,23,21,30,10,25.1299991607666,25.9799995422363,0,1,1.52281141281128,0,120,120,120,0,0,23.8403377532959,16.72
2026-08-28 10:45:00,2,0,0,2,25.2589378356934,25.2399997711182,25.5799999237061,23,21,30,10,25.1499996185303,25.9799995422363,0,1,1.52738535404205,0,120,120,120,0,0,23.8326892852783,16.845
2026-08-28 11:00:00,2,0,0,2,25.2550773620606,25.25,25.5749998092652,23,21,30,10,25.1549997329712,25.9749994277954,0,1,1.52234840393066,0,120,120,120,0,0,23.8673353195191,16.97
2026-08-28 11:15:00,2,0,0,2,25.2453956604004,25.2600002288818,25.5799999237061,23,21,30,10,25.189998626709,25.9699993133545,0,1,1.52605295181274,0,120,120,120,0,0,23.8873291015625,17.0975
2026-08-28 11:30:00,2,0,0,2,25.2519302368164,25.2599992752075,25.5699996948243,23,21,30,10,25.1749992370606,25.9649991989136,0,1,1.65605920553208,0,120,120,120,0,0,23.9340782165528,17.225
2026-08-28 11:45:00,2,0,0,2,25.2239570617676,25.25,25.5399990081787,23,21,30,10,25.1999988555908,25.9499988555908,0,1,1.52271151542664,0,120,120,120,0,0,23.9082889556885,17.3525
2026-08-28 12:00:00,2,0,0,2,25.2081060409546,25.2550001144409,25.5050001144409,23,21,30,10,25.2199993133545,25.9299993515015,0,1,1.52244853973389,0,108.5,108.5,108.5,0,0,23.8991689682007,17.48
2026-08-28 12:15:00,2,0,0,2,25.1922721862793,25.2600002288818,25.4899997711182,23,21,30,10,25.2199993133545,25.9099998474121,0,1,1.52813327312469,0,97,97,97,0,0,23.9258079528809,17.655
2026-08-28 12:30:00,2,0,0,2,25.1745672225952,25.25,25.4649991989136,23,21,30,10,25.2049989700318,25.8899993896485,0,1,1.80952745676041,0,73.5,73.5,73.5,0,0,23.9875173568726,17.83
2026-08-28 12:45:00,2,0,0,2,25.1552886962891,25.2399997711182,25.4499988555908,23,21,30,10,25.1599998474121,25.8699989318848,0,1,2.08093333244324,0,50,50,50,0,0,24.0018558502197,18.005
2026-08-28 13:00:00,2,0,0,2,25.1443023681641,25.2449998855591,25.4449987411499,23,21,30,10,24.9999990463257,25.854998588562,0,1,2.08125841617584,0,50,50,50,0,0,24.0589590072632,18.18
2026-08-28 13:15:00,2,0,0,2,25.1312294006348,25.2199993133545,25.439998626709,23,21,30,10,24.7999992370605,25.8400001525879,0,1,2.08143591880798,0,50,50,50,0,0,24.1106033325195,18.355
2026-08-28 13:30:00,2,0,0,2,25.1166973114014,25.2049989700318,25.4299993515015,23,21,30,10,24.6299991607666,25.8400001525879,0,1,1.7169041633606,0,76,76,76,0,0,24.182225227356,18.53
2026-08-28 13:45:00,2,0,0,2,25.1067714691162,25.1800003051758,25.4200000762939,23,21,30,10,24.5,25.8299999237061,0,1,1.44996249675751,0,102,102,102,0,0,24.2568950653076,18.705
2026-08-28 14:00:00,2,0,0,2,25.0997571945191,25.1549997329712,25.4049997329712,23,21,30,10,24.3899993896485,25.8199996948242,0,1,2.1219232082367,0,105,105,105,0,0,24.3241586685181,18.88
2026-08-28 14:15:00,2,0,0,2,25.0816383361816,25.1399993896484,25.4099998474121,23,21,30,10,24.1599998474121,25.8199996948242,0,1,2.00631356239319,0,108,108,108,0,0,24.3628482818604,19.055
2026-08-28 14:30:00,2,0,0,2,25.0669918060303,25.085000038147,25.3999996185303,23,21,30,10,24.1999998092652,25.8149995803833,0,0.5,1.45116269588471,0,108,108,108,0,0,24.3566598892212,19.23
2026-08-28 14:45:00,2,0,0,2,25.0519733428955,25.0499992370605,25.3999996185303,23,21,30,10,24.0499992370605,25.8099994659424,0,0,1.45468211174011,0,108,108,108,0,0,24.3283386230469,19.405
2026-08-28 15:00:00,2,0,0,2,25.0522413253784,25.0399990081787,25.4099998474121,23,21,30,10,23.9149999618531,25.8099994659424,0,0,1.4509027004242,0,111,111,111,0,0,24.3624238967896,19.58
2026-08-28 15:15:00,2,0,0,2,25.0571632385254,24.9799995422363,25.4200000762939,23,21,30,10,23.9099998474121,25.8199996948242,0,0,1.4502021074295,0,114,114,114,0,0,24.4107799530029,19.5275
2026-08-28 15:30:00,2,0,0,2,25.0602083206177,24.9499988555908,25.414999961853,23,21,30,10,23.7399988174439,25.8199996948242,0,0,1.45104658603668,0,114,114,114,0,0,24.4554710388184,19.475
2026-08-28 15:45:00,2,0,0,2,25.0641002655029,25,25.4200000762939,23,21,30,10,23.7199993133545,25.8199996948242,0,0,1.45429277420044,0,114,114,114,0,0,24.489107131958,19.4225
2026-08-28 16:00:00,2,0,0,2,25.0669269561768,24.9650001525879,25.4250001907349,23,21,30,10,23.734998703003,25.835000038147,0,0,1.45070761442185,0,114,114,114,0,0,24.5219125747681,19.37
2026-08-28 16:15:00,2,0,0,2,25.0785179138184,24.8799991607666,25.4300003051758,23,21,30,10,23.7399997711182,25.8299999237061,0,0,1.44848382472992,0,114,114,114,0,0,24.5548114776611,19.315
2026-08-28 16:30:00,2,0,0,2,25.0799045562744,24.8449993133545,25.439998626709,23,21,30,10,23.670000076294,25.8399991989136,0,0,1.44941109418869,0,105.5,105.5,105.5,0,0,24.5863122940064,19.26
2026-08-28 16:45:00,2,0,0,2,25.1354217529297,24.8400001525879,25.439998626709,23,21,30,10,23.7199993133545,25.8499984741211,0,0,1.45052826404572,0,97,97,97,0,0,24.6248149871826,19.205
2026-08-28 17:00:00,2,0,0,2,25.1669712066651,24.8899993896485,25.439998626709,23,21,30,10,23.734998703003,25.8400001525879,0,0,1.45048540830612,0,97,97,97,0,0,24.646167755127,19.15
2026-08-28 17:15:00,2,0,0,2,25.1884536743164,24.8899993896484,25.439998626709,23,21,30,10,23.75,25.8499984741211,0,0,1.4485228061676,0,97,97,97,0,0,24.667142868042,19.0975
2026-08-28 17:30:00,2,0,0,2,25.2071266174316,24.8449993133545,25.4499988555908,23,21,30,10,23.769998550415,25.8599987030029,0,0,1.45112973451615,0,88,88,88,0,0,24.6829633712769,19.045
2026-08-28 17:45:00,2,0,0,2,25.2214832305908,24.8599987030029,25.4499988555908,23,21,30,10,23.8199996948242,25.8599987030029,0,0,1.4515061378479,0,79,79,79,0,0,24.7049026489258,18.9925
2026-08-28 18:00:00,2,0,0,2,25.2369012832642,24.8499994277955,25.4549989700318,23,21,30,10,23.8049993515015,25.8699989318848,0,0,1.45401042699814,0,79,79,79,0,0,24.7208843231201,18.94
2026-08-28 18:15:00,2,0,0,2,25.2515335083008,24.8599987030029,25.4599990844727,23,21,30,10,23.8299999237061,25.8699989318848,0,0,1.44994699954987,0,79,79,79,0,0,24.7356491088867,18.7125
2026-08-28 18:30:00,2,0,0,2,25.2624492645264,24.8149995803833,25.4599990844727,23,21,30,10,23.8849992752075,25.8799991607666,0,0,1.45512169599533,0,64.5,64.5,64.5,0,0,24.7466506958008,18.485
2026-08-28 18:45:00,2,0,0,2,25.2624130249023,24.8199996948242,25.4799995422363,23,21,30,10,23.9099998474121,25.8999996185303,0,0,1.4490053653717,0,50,50,50,0,0,24.7644901275635,18.2575
2026-08-28 19:00:00,2,0,0,2,25.2631187438965,24.7999992370605,25.4649991989136,23,21,30,10,23.9300003051758,25.8999996185303,0,0,1.45384472608566,0,50,50,50,0,0,24.7841453552246,18.03
2026-08-28 19:15:00,2,0,0,2,25.2663326263428,24.7299995422363,25.4799995422363,23,21,30,10,23.9599990844727,25.9099998474121,0,0,1.45390474796295,0,50,50,50,0,0,24.7965908050537,17.8025
2026-08-28 19:30:00,2,0,0,2,25.2956247329712,24.7399997711182,25.5,23,21,30,10,23.9399995803833,25.9250001907349,0,0,1.45675253868103,0,50,50,50,0,0,24.8051462173462,17.575
2026-08-28 19:45:00,2,0,0,2,25.2889060974121,24.7799987792969,25.4899997711182,23,21,30,10,24.0599994659424,25.9300003051758,0,0,1.4562783241272,0,50,50,50,0,0,24.8245983123779,17.3475
2026-08-28 20:00:00,2,0,0,2,25.2688961029053,24.7849988937378,25.5,23,21,30,10,24.0499992370606,25.9300003051758,0,0,1.4532510638237,0,50,50,50,0,0,24.8448553085327,17.12
2026-08-28 20:15:00,2,0,0,2,25.2768516540527,24.769998550415,25.4799995422363,23,21,30,10,24.0299987792969,25.9300003051758,0,0,1.45270705223083,0,50,50,50,0,0,24.8513965606689,16.89
2026-08-28 20:30:00,2,0,0,2,25.2744264602661,24.7799987792969,25.5,23,21,30,10,24.1149997711182,25.9349994659424,0,0,1.45239853858948,0,50,50,50,0,0,24.86168384552,16.66
2026-08-28 20:45:00,2,0,0,2,25.2732448577881,24.8099994659424,25.5,23,21,30,10,24.1099987030029,25.9499988555908,0,0,1.45081734657288,0,50,50,50,0,0,24.8726329803467,16.43
2026-08-28 21:00:00,2,0,0,2,25.2758703231812,24.7949991226197,25.5100002288818,23,21,30,10,24.1350002288819,25.9449987411499,0,0,1.45364272594452,0,50,50,50,0,0,24.8804216384888,16.2
2026-08-28 21:15:00,2,0,0,2,25.2989883422852,24.7600002288818,25.519998550415,23,21,30,10,24.1700000762939,25.9499988555908,0,0,1.45350408554077,0,50,50,50,0,0,24.8807830810547,16.185
2026-08-28 21:30:00,2,0,0,2,25.3147268295288,24.7849998474121,25.5199995040894,23,21,30,10,24.2099990844727,25.9499988555908,0,0,1.45134145021439,0,50,50,50,0,0,24.8824539184571,16.17
2026-08-28 21:45:00,2,0,0,2,25.327299118042,24.8099994659424,25.5299987792969,23,21,30,10,24.1999988555908,25.9599990844727,0,0,1.45581364631653,0,50,50,50,0,0,24.8847541809082,16.155
2026-08-28 22:00:00,2,0,0,2,25.3212146759034,24.7649993896484,25.524998664856,23,21,30,10,24.2499990463257,25.9599990844727,0,0,1.45190244913102,0,50,50,50,0,0,24.8919525146485,16.14
2026-08-28 22:15:00,2,0,0,2,25.3293704986572,24.7799987792969,25.519998550415,23,21,30,10,24.2899990081787,25.9599990844727,0,0,1.45196175575256,0,50,50,50,0,0,24.891077041626,16.1225
2026-08-28 22:30:00,2,0,0,2,25.3353338241577,24.8099994659424,25.5299987792969,23,21,30,10,24.2449998855591,25.9599990844727,0,0,1.45021921396256,0,50,50,50,0,0,24.8942623138428,16.105
2026-08-28 22:45:00,2,0,0,2,25.3535919189453,24.8500003814697,25.5399990081787,23,21,30,10,24.3099994659424,25.9599990844727,0,0,1.45050692558289,0,50,50,50,0,0,24.8818988800049,16.0875
2026-08-28 23:00:00,2,0,0,2,25.373046875,24.789999961853,25.524998664856,23,21,30,10,24.3549995422364,25.9749994277954,0,0,1.49170345067978,0,50,50,50,0,0,24.8747739791871,16.07
2026-08-28 23:15:00,2,0,0,2,25.3819599151611,24.8299999237061,25.5299987792969,23,21,30,10,24.3699989318848,25.9699993133545,0,0,1.45390975475311,0,50,50,50,0,0,24.8698062896729,16.0525
2026-08-28 23:30:00,2,0,0,2,25.391752243042,24.8249988555908,25.5299987792969,23,21,30,10,24.4250001907349,25.9699993133545,0,0,1.45050740242005,0,50,50,50,0,0,24.8696613311768,16.035
2026-08-28 23:45:00,2,0,0,2,25.3954677581787,24.8199996948242,25.5299987792969,23,21,30,10,24.4300003051758,25.9799995422363,0,0,1.4556440114975,0,50,50,50,0,0,24.8704299926758,16.0175
2026-08-29 00:00:00,2,0,0,2,25.3994960784912,24.8599996566773,25.5399990081787,23,21,30,10,24.4099988937378,25.9849996566773,0,0,1.45251488685608,0,50,50,50,0,0,24.8734722137451,17.18
2026-08-29 00:15:00,2,0,0,2,25.4088382720947,24.8599987030029,25.5499992370605,23,21,30,10,24.4599990844727,25.9799995422363,0,0,1.45294189453125,0,50,50,50,0,0,24.8705234527588,17.06
2026-08-29 00:30:00,2,0,0,2,25.4086103439331,24.8849992752076,25.5449991226196,23,21,30,10,24.4549989700318,25.9749994277954,0,0,1.45060867071152,0,50,50,50,0,0,24.8734912872314,16.94
2026-08-29 00:45:00,2,0,0,2,25.4132804870605,24.8500003814697,25.5399990081787,23,21,30,10,24.5100002288818,25.9799995422363,0,0,1.4860360622406,0,50,50,50,0,0,24.8733997344971,16.82
2026-08-29 01:00:00,2,0,0,2,25.4169731140137,24.8699989318848,25.5449991226197,23,21,30,10,24.4799995422364,25.9849996566773,0,0,1.46809595823288,0,50,50,50,0,0,24.8722114562988,16.7
2026-08-29 01:15:00,2,0,0,2,25.4263515472412,24.8899993896484,25.5499992370605,23,21,30,10,24.5100002288818,25.9799995422363,0,0,1.45926773548126,0,50,50,50,0,0,24.8709144592285,16.5775
2026-08-29 01:30:00,2,0,0,2,25.4297218322754,24.8899993896484,25.5499992370605,23,21,30,10,24.519998550415,25.9899997711182,0,0,1.45514875650406,0,50,50,50,0,0,24.8702611923218,16.455
2026-08-29 01:45:00,2,0,0,2,25.4275341033936,24.8799991607666,25.5599994659424,23,21,30,10,24.5699996948242,25.9899997711182,0,0,1.45129454135895,0,50,50,50,0,0,24.8726100921631,16.3325
2026-08-29 02:00:00,2,0,0,2,25.4273405075074,24.8999996185303,25.5499992370605,23,21,30,10,24.5599994659424,25.9949998855591,0,0,1.45328330993653,0,50,50,50,0,0,24.8756513595581,16.21
2026-08-29 02:15:00,2,0,0,2,25.4258232116699,24.9200000762939,25.5499992370605,23,21,30,10,24.5799999237061,25.9899997711182,0,0,1.45415902137756,0,50,50,50,0,0,24.8811817169189,16.09
2026-08-29 02:30:00,2,0,0,2,25.4224939346314,24.9199991226197,25.5399990081787,23,21,30,10,24.6299991607666,25.9949998855591,0,0,1.45350605249405,0,50,50,50,0,0,24.8801031112671,15.97
2026-08-29 02:45:00,2,0,0,2,25.4208278656006,24.8999996185303,25.5499992370605,23,21,30,10,24.6000003814697,26,0,0,1.45323050022125,0,50,50,50,0,0,24.8798217773438,15.85
2026-08-29 03:00:00,2,0,0,2,25.4240083694458,24.9250001907349,25.5499992370605,23,21,30,10,24.6649990081787,26,0,0,1.45476073026657,0,50,50,50,0,0,24.877408027649,15.73
2026-08-29 03:15:00,2,0,0,2,25.4276103973389,24.9449996948243,25.5599994659424,23,21,30,10,24.6449995040894,26,0,0,1.45345360040665,0,50,50,50,0,0,24.8770093917847,15.725
2026-08-29 03:30:00,2,0,0,2,25.423189163208,24.9300003051758,25.5599994659424,23,21,30,10,24.689998626709,26,0,0,1.44936656951904,0,50,50,50,0,0,24.8824977874756,15.72
2026-08-29 03:45:00,2,0,0,2,25.4147882461548,24.9649991989136,25.5399990081787,23,21,30,10,24.7149991989136,26,0,0,1.45410108566284,0,50,50,50,0,0,24.890326499939,15.715
2026-08-29 04:00:00,2,0,0,2,25.409912109375,24.9499988555908,25.5499992370605,23,21,30,10,24.7399997711182,26,0,0,1.45445108413696,0,50,50,50,0,0,24.8895359039307,15.71
2026-08-29 04:15:00,2,0,0,2,25.4117851257325,24.9399995803833,25.5499992370605,23,21,30,10,24.7599992752075,26,0,0,1.45196354389191,0,50,50,50,0,0,24.8924016952515,15.705
2026-08-29 04:30:00,2,0,0,2,25.4138050079346,24.9599990844727,25.5599994659424,23,21,30,10,24.7999992370605,25.9899997711182,0,0,1.45222175121307,0,50,50,50,0,0,24.8889636993408,15.7
2026-08-29 04:45:00,2,0,0,2,25.4149646759033,24.9849996566773,25.5599994659424,23,21,30,10,24.8149995803833,26,0,0,1.45281857252121,0,50,50,50,0,0,24.8898935317993,15.695
2026-08-29 05:00:00,2,0,0,2,25.4122104644775,25,25.5499992370605,23,21,30,10,24.8199996948242,26,0,0,1.44974219799042,0,50,50,50,0,0,24.8923625946045,15.69
2026-08-29 05:15:00,2,0,0,2,25.419135093689,25,25.5399990081787,23,21,30,10,24.8500003814697,26,0,0,1.45182490348816,0,50,50,50,0,0,24.8872928619385,15.6875
2026-08-29 05:30:00,2,0,0,2,25.4138641357422,25.0299987792969,25.5499992370605,23,21,30,10,24.8599987030029,26,0,0,1.44929981231689,0,50,50,50,0,0,24.8941593170166,15.685
2026-08-29 05:45:00,2,0,0,2,25.4024276733399,25.0050001144409,25.5549993515015,23,21,30,10,24.8749990463257,25.9949998855591,0,0,1.45422732830048,0,50,50,50,0,0,24.8930568695069,15.6825
2026-08-29 06:00:00,2,0,0,2,25.4048366546631,25.0299987792969,25.5599994659424,23,21,30,10,24.8799991607666,25.9899997711182,0,0,1.45282220840454,0,50,50,50,0,0,24.8894386291504,15.68
2026-08-29 06:15:00,2,0,0,2,25.4189786911011,25.024998664856,25.5599994659424,23,21,30,10,24.9049997329712,25.9949998855591,0,0,1.4529641866684,0,50,50,50,0,0,24.8810920715332,15.7675
2026-08-29 06:30:00,2,0,0,2,25.4262580871582,25.019998550415,25.5599994659424,23,21,30,10,24.9099998474121,25.9799995422363,0,0,1.4494606256485,0,50,50,50,0,0,24.8785991668701,15.855
2026-08-29 06:45:00,2,0,0,2,25.4302186965943,25.0449991226196,25.5549993515015,23,21,30,10,24.9449987411499,25.9849996566773,0,0,1.45243442058564,0,50,50,50,0,0,24.8743982315063,15.9425
2026-08-29 07:00:00,2,0,0,2,25.4293212890625,25.0399990081787,25.5499992370605,23,21,30,10,24.9699993133545,25.9799995422363,0,0,1.45437383651733,0,50,50,50,0,0,24.8724708557129,16.03
2026-08-29 07:15:00,2,0,0,2,25.4268741607666,25.0499992370606,25.5499992370606,23,21,30,10,24.9849996566773,25.9799995422363,0,0,1.4522597193718,0,50,50,50,0,0,24.8738880157471,16.12
2026-08-29 07:30:00,2,0,0,2,25.4244937896729,25.0599994659424,25.5399990081787,23,21,30,10,24.9799995422363,25.9699993133545,0,0,1.45109665393829,0,50,50,50,0,0,24.8667316436768,16.21
2026-08-29 07:45:00,2,0,0,2,25.4252691268921,25.0599994659424,25.5399990081787,23,21,30,10,24.9899997711182,25.9799995422363,0,0,1.45208686590195,0,50,50,50,0,0,24.8656282424927,16.3
2026-08-29 08:00:00,2,0,0,2,25.4266834259033,25.0900001525879,25.5399990081787,23,21,30,10,25.0100002288818,25.9699993133545,0,0,1.45199728012085,0,50,50,50,0,0,24.8615894317627,16.39
2026-08-29 08:15:00,2,0,0,2,25.4246377944946,25.0900001525879,25.5399990081787,23,21,30,10,25.024998664856,25.9749994277954,0,0,1.45230329036713,0,50,50,50,0,0,24.8615331649781,16.4775
2026-08-29 08:30:00,2,0,0,2,25.4280166625977,25.0799999237061,25.5499992370605,23,21,30,10,25.019998550415,25.9699993133545,0,0,1.45112192630768,0,50,50,50,0,0,24.8518886566162,16.565
2026-08-29 08:45:00,2,0,0,2,25.4336280822754,25.0950002670288,25.5499992370605,23,21,30,10,25.0449991226196,25.9699993133545,0,0,1.45276337862015,0,50,50,50,0,0,24.8560771942139,16.6525
2026-08-29 09:00:00,2,0,0,2,25.4442710876465,25.1199989318848,25.5299987792969,23,21,30,10,25.1000003814697,25.9699993133545,0,0,1.45426118373871,0,50,50,50,0,0,24.8503589630127,16.74
2026-08-29 09:15:00,2,0,0,2,25.4424505233765,25.1299991607666,25.5449991226196,23,21,30,10,25.0799999237061,25.9699993133545,0,0,1.49212676286698,0,50,50,50,0,0,24.8540668487549,16.9525
2026-08-29 09:30:00,2,0,0,2,25.4411945343018,25.1299991607666,25.5399990081787,23,21,30,10,25.0900001525879,25.9699993133545,0,0,1.45710706710815,0,50,50,50,0,0,24.8557090759277,17.165
2026-08-29 09:45:00,2,0,0,2,25.4353551864624,25.1499996185303,25.5549993515015,23,21,30,10,25.0950002670288,25.9749994277954,0,0,1.45300143957138,0,50,50,50,0,0,24.8542604446412,17.3775
2026-08-29 10:00:00,2,0,0,2,25.4391307830811,25.1499996185303,25.5399990081787,23,21,30,10,25.1099987030029,25.9699993133545,0,0,1.44913923740387,0,50,50,50,0,0,24.8583335876465,17.59
2026-08-29 10:15:00,2,0,0,2,25.4438304901123,25.1449995040894,25.5449991226196,23,21,30,10,25.1349992752075,25.9699993133545,0,0,1.4495696425438,0,50,50,50,0,0,24.8541593551636,17.805
2026-08-29 10:30:00,2,0,0,2,25.4391345977783,25.1599998474121,25.5499992370605,23,21,30,10,25.1299991607666,25.9699993133545,0,0,1.44767475128174,0,50,50,50,0,0,24.8531932830811,18.02
2026-08-29 10:45:00,2,0,0,2,25.4414901733399,25.1599998474121,25.5449991226196,23,21,30,10,25.1499996185303,25.9749994277954,0,0,1.45017647743225,0,50,50,50,0,0,24.8561687469483,18.235
2026-08-29 11:00:00,2,0,0,2,25.4386825561523,25.1599998474121,25.5499992370605,23,21,30,10,25.1499996185303,25.9599990844727,0,0,1.45063889026642,0,50,50,50,0,0,24.858715057373,18.45
2026-08-29 11:15:00,2,0,0,2,25.4472970962524,25.1700000762939,25.5399990081787,23,21,30,10,25.164999961853,25.9699993133545,0,0,1.44950383901596,0,50,50,50,0,0,24.8575687408447,18.6625
2026-08-29 11:30:00,2,0,0,2,25.443172454834,25.189998626709,25.5399990081787,23,21,30,10,25.1800003051758,25.9699993133545,0,0,1.45295333862305,0,50,50,50,0,0,24.8571681976318,18.875
2026-08-29 11:45:00,2,0,0,2,25.4439706802368,25.1800003051758,25.5449991226196,23,21,30,10,25.1799993515015,25.9749994277954,0,0,1.45170867443085,0,50,50,50,0,0,24.8572092056275,19.0875
2026-08-29 12:00:00,2,0,0,2,25.4412288665771,25.1800003051758,25.5399990081787,23,21,30,10,25.1999988555908,25.9599990844727,0,0,1.45191884040833,0,50,50,50,0,0,24.8550987243652,19.3
2026-08-29 12:15:00,2,0,0,2,25.4547491073609,25.1899995803833,25.5399990081787,23,21,30,10,25.2149991989136,25.9749994277954,0,0,1.45073068141938,0,50,50,50,0,0,24.8547439575195,19.36
2026-08-29 12:30:00,2,0,0,2,25.4592723846436,25.189998626709,25.5399990081787,23,21,30,10,25.2199993133545,25.9699993133545,0,0,1.4514776468277,0,50,50,50,0,0,24.8557224273682,19.42
2026-08-29 12:45:00,2,0,0,2,25.445858001709,25.2099990844727,25.5399990081787,23,21,30,10,25.25,25.9699993133545,0,0,1.45130324363709,0,50,50,50,0,0,24.8585891723633,19.48
2026-08-29 13:00:00,2,0,0,2,25.4414253234863,25.1999988555908,25.5399990081787,23,21,30,10,25.2600002288818,25.9599990844727,0,0,1.45231485366821,0,50,50,50,0,0,24.860502243042,19.54
2026-08-29 13:15:00,2,0,0,2,25.4562330245972,25.2149991989136,25.5449991226196,23,21,30,10,25.269998550415,25.9699993133545,0,0,1.45452809333802,0,50,50,50,0,0,24.8489694595337,19.6
2026-08-29 13:30:00,2,0,0,2,25.4504890441895,25.2299995422363,25.5399990081787,23,21,30,10,25.269998550415,25.9699993133545,0,0,1.45523965358734,0,50,50,50,0,0,24.8535480499268,19.66
2026-08-29 13:45:00,2,0,0,2,25.4624748229981,25.2299995422364,25.5449991226196,23,21,30,10,25.2849988937378,25.9699993133545,0,0,1.45246076583863,0,50,50,50,0,0,24.850193977356,19.72
2026-08-29 14:00:00,2,0,0,2,25.4591255187988,25.25,25.5499992370605,23,21,30,10,25.2899990081787,25.9799995422363,0,0,1.45638608932495,0,50,50,50,0,0,24.8597164154053,19.78
2026-08-29 14:15:00,2,0,0,2,25.4626340866089,25.2550001144409,25.5449991226196,23,21,30,10,25.2999992370605,25.9699993133545,0,0,1.45015662908554,0,50,50,50,0,0,24.8571643829346,19.84
2026-08-29 14:30:00,2,0,0,2,25.480354309082,25.269998550415,25.5499992370605,23,21,30,10,25.3099994659424,25.9699993133545,0,0,1.45230185985565,0,50,50,50,0,0,24.8547878265381,19.9
2026-08-29 14:45:00,2,0,0,2,25.4602384567261,25.2550001144409,25.5499992370606,23,21,30,10,25.3199996948242,25.9699993133545,0,0,1.45365071296692,0,50,50,50,0,0,24.8570995330811,19.96
2026-08-29 15:00:00,2,0,0,2,25.4590740203857,25.2799987792969,25.5299987792969,23,21,30,10,25.3199996948242,25.9699993133545,0,0,1.45119273662567,0,50,50,50,0,0,24.8568935394287,20.02
2026-08-29 15:15:00,2,0,0,2,25.4416694641114,25.2749996185303,25.5449991226196,23,21,30,10,25.3450002670288,25.9649991989136,0,0,1.45243018865585,0,50,50,50,0,0,24.8572359085083,20.07
2026-08-29 15:30:00,2,0,0,2,25.4356060028076,25.269998550415,25.5299987792969,23,21,30,10,25.3400001525879,25.9699993133545,0,0,1.45296001434326,0,50,50,50,0,0,24.8539009094238,20.12
2026-08-29 15:45:00,2,0,0,2,25.4368391036988,25.274998664856,25.524998664856,23,21,30,10,25.3549995422364,25.9649991989136,0,0,1.45038962364197,0,50,50,50,0,0,24.8537979125977,20.17
2026-08-29 16:00:00,2,0,0,2,25.4432392120361,25.2799987792969,25.5299987792969,23,21,30,10,25.3799991607666,25.9699993133545,0,0,1.4524108171463,0,50,50,50,0,0,24.8481292724609,20.22
2026-08-29 16:15:00,2,0,0,2,25.4566192626953,25.2899990081787,25.5299987792969,23,21,30,10,25.3799991607666,25.9599990844727,0,0,1.45418697595596,0,50,50,50,0,0,24.845290184021,20.27
2026-08-29 16:30:00,2,0,0,2,25.4537601470947,25.2899990081787,25.5399990081787,23,21,30,10,25.3699989318848,25.9599990844727,0,0,1.45258486270905,0,50,50,50,0,0,24.8463172912598,20.32
2026-08-29 16:45:00,2,0,0,2,25.4555587768555,25.2949991226196,25.5299987792969,23,21,30,10,25.3899993896485,25.9699993133545,0,0,1.45125579833985,0,50,50,50,0,0,24.8480091094971,20.37
2026-08-29 17:00:00,2,0,0,2,25.4663696289062,25.2999992370605,25.5299987792969,23,21,30,10,25.3999996185303,25.9699993133545,0,0,1.44993472099304,0,50,50,50,0,0,24.8435707092285,20.42
2026-08-29 17:15:00,2,0,0,2,25.4683923721314,25.2999992370605,25.5299987792969,23,21,30,10,25.4049997329712,25.9649991989136,0,0,1.45368987321854,0,50,50,50,0,0,24.8452472686768,20.47
2026-08-29 17:30:00,2,0,0,2,25.4717025756836,25.3099994659424,25.5399990081787,23,21,30,10,25.3999996185303,25.9699993133545,0,0,1.45073521137238,0,50,50,50,0,0,24.8462753295898,20.52
2026-08-29 17:45:00,2,0,0,2,25.467267036438,25.3099994659424,25.5199995040894,23,21,30,10,25.4049997329712,25.9699993133545,0,0,1.45481419563294,0,50,50,50,0,0,24.8491926193238,20.57
2026-08-29 18:00:00,2,0,0,2,25.4659538269043,25.3099994659424,25.519998550415,23,21,30,10,25.4099998474121,25.9599990844727,0,0,1.45036017894745,0,50,50,50,0,0,24.8491191864014,20.62
2026-08-29 18:15:00,2,0,0,2,25.4658823013306,25.3149995803833,25.5399990081787,23,21,30,10,25.414999961853,25.9699993133545,0,0,1.45322120189667,0,50,50,50,0,0,24.8500556945801,20.5575
2026-08-29 18:30:00,2,0,0,2,25.465087890625,25.3299999237061,25.5399990081787,23,21,30,10,25.4200000762939,25.9699993133545,0,0,1.45247256755829,0,50,50,50,0,0,24.8503646850586,20.495
2026-08-29 18:45:00,2,0,0,2,25.4564018249512,25.3299999237061,25.5349988937378,23,21,30,10,25.4349994659424,25.9599990844727,0,0,1.45744681358338,0,50,50,50,0,0,24.8524932861329,20.4325
2026-08-29 19:00:00,2,0,0,2,25.4527854919434,25.3299999237061,25.5299987792969,23,21,30,10,25.4300003051758,25.9599990844727,0,0,1.45155429840088,0,50,50,50,0,0,24.8523139953613,20.37
2026-08-29 19:15:00,2,0,0,2,25.4599514007569,25.335000038147,25.524998664856,23,21,30,10,25.4549989700318,25.9649991989136,0,0,1.45328325033188,0,50,50,50,0,0,24.8527231216431,20.3075
2026-08-29 19:30:00,2,0,0,2,25.457010269165,25.3400001525879,25.5399990081787,23,21,30,10,25.4599990844727,25.9599990844727,0,0,1.45230102539062,0,50,50,50,0,0,24.856803894043,20.245
2026-08-29 19:45:00,2,0,0,2,25.4679594039917,25.3500003814697,25.5349988937378,23,21,30,10,25.4549989700318,25.9649991989136,0,0,1.47421675920487,0,50,50,50,0,0,24.8530712127686,20.1825
2026-08-29 20:00:00,2,0,0,2,25.4614543914795,25.3500003814697,25.5299987792969,23,21,30,10,25.4499988555908,25.9599990844727,0,0,1.53211331367493,0,50,50,50,0,0,24.8560562133789,20.12
2026-08-29 20:15:00,2,0,0,2,25.4655361175537,25.3500003814697,25.524998664856,23,21,30,10,25.4699993133545,25.9649991989136,0,0,1.45520025491715,0,50,50,50,0,0,24.8551721572876,20.0575
2026-08-29 20:30:00,2,0,0,2,25.4651470184326,25.3799991607666,25.5499992370605,23,21,30,10,25.5,25.9599990844727,0,0,1.45878803730011,0,50,50,50,0,0,24.8536472320557,19.995
2026-08-29 20:45:00,2,0,0,2,25.4666252136231,25.3599987030029,25.5349988937378,23,21,30,10,25.5149993896485,25.9649991989136,0,0,1.45447599887848,0,50,50,50,0,0,24.8590135574341,19.9325
2026-08-29 21:00:00,2,0,0,2,25.4656143188477,25.3500003814697,25.5299987792969,23,21,30,10,25.519998550415,25.9599990844727,0,0,1.45332252979279,0,50,50,50,0,0,24.8619632720947,19.87
2026-08-29 21:15:00,2,0,0,2,25.4707374572754,25.3699989318848,25.524998664856,23,21,30,10,25.524998664856,25.9699993133545,0,0,1.45346939563751,0,50,50,50,0,0,24.8628311157227,19.7825
2026-08-29 21:30:00,2,0,0,2,25.4708251953125,25.3699989318848,25.5299987792969,23,21,30,10,25.5399990081787,25.9699993133545,0,0,1.45489609241486,0,50,50,50,0,0,24.8671455383301,19.695
2026-08-29 21:45:00,2,0,0,2,25.4739208221436,25.3749990463257,25.524998664856,23,21,30,10,25.5399990081787,25.9649991989136,0,0,1.45427227020264,0,50,50,50,0,0,24.863676071167,19.6075
2026-08-29 22:00:00,2,0,0,2,25.4732208251953,25.3899993896484,25.5299987792969,23,21,30,10,25.5599994659424,25.9699993133545,0,0,1.45509517192841,0,50,50,50,0,0,24.8618984222412,19.52
2026-08-29 22:15:00,2,0,0,2,25.4690999984741,25.3899993896484,25.5349988937378,23,21,30,10,25.5599994659424,25.9699993133545,0,0,1.45293420553208,0,50,50,50,0,0,24.8672571182251,19.43
2026-08-29 22:30:00,2,0,0,2,25.4493618011475,25.3899993896484,25.519998550415,23,21,30,10,25.5699996948242,25.9599990844727,0,0,1.45501530170441,0,50,50,50,0,0,24.8758773803711,19.34
2026-08-29 22:45:00,2,0,0,2,25.4552116394043,25.3999996185303,25.5349988937378,23,21,30,10,25.5749998092652,25.9749994277954,0,0,1.4521296620369,0,50,50,50,0,0,24.8719339370728,19.25
2026-08-29 23:00:00,2,0,0,2,25.4579257965088,25.4099998474121,25.5299987792969,23,21,30,10,25.5900001525879,25.9699993133545,0,0,1.45213723182678,0,50,50,50,0,0,24.8730545043945,19.16
2026-08-29 23:15:00,2,0,0,2,25.4463768005371,25.4099998474121,25.5399990081787,23,21,30,10,25.585000038147,25.9699993133545,0,0,1.45111000537873,0,50,50,50,0,0,24.8765592575073,19.07
2026-08-29 23:30:00,2,0,0,2,25.4532909393311,25.4099998474121,25.5399990081787,23,21,30,10,25.5900001525879,25.9699993133545,0,0,1.45382237434387,0,50,50,50,0,0,24.8737087249756,18.98
2026-08-29 23:45:00,2,0,0,2,25.4479703903199,25.4099998474121,25.5349988937378,23,21,30,10,25.6099987030029,25.9699993133545,0,0,1.44982594251633,0,50,50,50,0,0,24.8767633438111,18.89
2026-08-30 00:00:00,2,0,0,2,25.443941116333,25.4200000762939,25.5299987792969,23,21,30,10,25.6199989318848,25.9699993133545,0,0,1.450443983078,0,50,50,50,0,0,24.8736057281494,18.25
2026-08-30 00:15:00,2,0,0,2,25.4523220062256,25.4200000762939,25.524998664856,23,21,30,10,25.6449995040894,25.9699993133545,0,0,1.45365130901337,0,50,50,50,0,0,24.871545791626,18.18
2026-08-30 00:30:00,2,0,0,2,25.4525508880615,25.4300003051758,25.5399990081787,23,21,30,10,25.6499996185303,25.9699993133545,0,0,1.45236265659332,0,50,50,50,0,0,24.8734512329102,18.11
2026-08-30 00:45:00,2,0,0,2,25.4589166641236,25.4250001907349,25.5299987792969,23,21,30,10,25.6599998474121,25.9749994277954,0,0,1.45201641321183,0,50,50,50,0,0,24.8685235977173,18.04
2026-08-30 01:00:00,2,0,0,2,25.4636764526367,25.4300003051758,25.5399990081787,23,21,30,10,25.6599998474121,25.9699993133545,0,0,1.4524747133255,0,50,50,50,0,0,24.8656044006348,17.97
2026-08-30 01:15:00,2,0,0,2,25.4620094299317,25.4399995803833,25.5399990081787,23,21,30,10,25.664999961853,25.9699993133545,0,0,1.45354419946671,0,50,50,50,0,0,24.8678169250488,17.8975
2026-08-30 01:30:00,2,0,0,2,25.4562683105469,25.439998626709,25.5299987792969,23,21,30,10,25.6700000762939,25.9699993133545,0,0,1.45440661907196,0,50,50,50,0,0,24.8691806793213,17.825
2026-08-30 01:45:00,2,0,0,2,25.4598417282105,25.4449987411499,25.5449991226196,23,21,30,10,25.6700000762939,25.9749994277954,0,0,1.45064830780029,0,50,50,50,0,0,24.8668756484986,17.7525
2026-08-30 02:00:00,2,0,0,2,25.4595699310303,25.4499988555908,25.5499992370605,23,21,30,10,25.689998626709,25.9699993133545,0,0,1.45007288455963,0,50,50,50,0,0,24.8672657012939,17.68
2026-08-30 02:15:00,2,0,0,2,25.4501752853394,25.4499988555908,25.5399990081787,23,21,30,10,25.6949987411499,25.9749994277954,0,0,1.45242327451706,0,50,50,50,0,0,24.8715648651123,17.6075
2026-08-30 02:30:00,2,0,0,2,25.4526500701904,25.4599990844727,25.5399990081787,23,21,30,10,25.689998626709,25.9699993133545,0,0,1.45107281208038,0,50,50,50,0,0,24.8697719573975,17.535
2026-08-30 02:45:00,2,0,0,2,25.4607181549073,25.4549989700318,25.5399990081787,23,21,30,10,25.6949987411499,25.9649991989136,0,0,1.45268189907074,0,50,50,50,0,0,24.8639907836914,17.4625
2026-08-30 03:00:00,2,0,0,2,25.4648132324219,25.4599990844727,25.5399990081787,23,21,30,10,25.689998626709,25.9699993133545,0,0,1.45109403133392,0,50,50,50,0,0,24.8640422821045,17.39
2026-08-30 03:15:00,2,0,0,2,25.4561548233033,25.4749994277954,25.5349988937378,23,21,30,10,25.7149991989136,25.9699993133545,0,0,1.4519711136818,0,50,50,50,0,0,24.8648586273194,17.2925
2026-08-30 03:30:00,2,0,0,2,25.4491453170777,25.4699993133545,25.5399990081787,23,21,30,10,25.7099990844727,25.9749994277954,0,0,1.45498144626618,0,50,50,50,0,0,24.868070602417,17.195
2026-08-30 03:45:00,2,0,0,2,25.4479961395264,25.4699993133545,25.5599994659424,23,21,30,10,25.7199993133545,25.9799995422363,0,0,1.45554339885712,0,50,50,50,0,0,24.8674983978271,17.0975
2026-08-30 04:00:00,2,0,0,2,25.4492073059082,25.4749994277954,25.5399990081787,23,21,30,10,25.7299995422363,25.9699993133545,0,0,1.45293802022934,0,50,50,50,0,0,24.864652633667,17
2026-08-30 04:15:00,2,0,0,2,25.439094543457,25.4799995422363,25.5299987792969,23,21,30,10,25.7399997711182,25.9699993133545,0,0,1.45083141326904,0,50,50,50,0,0,24.8702068328857,16.905
2026-08-30 04:30:00,2,0,0,2,25.4278964996338,25.4799995422363,25.5399990081787,23,21,30,10,25.7349996566773,25.9699993133545,0,0,1.455686211586,0,50,50,50,0,0,24.8744659423828,16.81
2026-08-30 04:45:00,2,0,0,2,25.4297714233398,25.4699993133545,25.5399990081787,23,21,30,10,25.7399997711182,25.9799995422363,0,0,1.45233929157257,0,50,50,50,0,0,24.8700199127197,16.715
2026-08-30 05:00:00,2,0,0,2,25.4254884719849,25.4849996566773,25.5499992370606,23,21,30,10,25.7599992752075,25.9749994277954,0,0,1.45337218046189,0,50,50,50,0,0,24.869086265564,16.62
2026-08-30 05:15:00,2,0,0,2,25.4252777099609,25.5,25.5399990081787,23,21,30,10,25.769998550415,25.9699993133545,0,0,1.4507007598877,0,50,50,50,0,0,24.8685512542725,16.5225
2026-08-30 05:30:00,2,0,0,2,25.4255428314209,25.4949998855591,25.5399990081787,23,21,30,10,25.7799987792969,25.9699993133545,0,0,1.45705997943879,0,50,50,50,0,0,24.8673114776611,16.425
2026-08-30 05:45:00,2,0,0,2,25.4389533996582,25.5,25.5299987792969,23,21,30,10,25.7799987792969,25.9599990844727,0,0,1.45209288597107,0,50,50,50,0,0,24.8600978851318,16.3275
2026-08-30 06:00:00,2,0,0,2,25.4373741149902,25.5,25.5299987792969,23,21,30,10,25.7699995040894,25.9699993133545,0,0,1.49207621812821,0,50,50,50,0,0,24.8597621917725,16.23
2026-08-30 06:15:00,2,0,0,2,25.4433422088623,25.5,25.5299987792969,23,21,30,10,25.7999992370605,25.9699993133545,0,0,1.52981746196747,0,50,50,50,0,0,24.8539371490479,16.2475
2026-08-30 06:30:00,2,0,0,2,25.4331483840943,25.5050001144409,25.5299987792969,23,21,30,10,25.7949991226196,25.9699993133545,0,0,1.52952486276627,0,50,50,50,0,0,24.8605146408081,16.265
2026-08-30 06:45:00,2,0,0,2,25.4347534179688,25.5,25.5299987792969,23,21,30,10,25.7899990081787,25.9699993133545,0,0,1.52678060531616,0,50,50,50,0,0,24.8550453186035,16.2825
2026-08-30 07:00:00,2,0,0,2,25.4235754013062,25.5100002288818,25.519998550415,23,21,30,10,25.7949991226196,25.9599990844727,0,0,1.52877300977707,0,50,50,50,0,0,24.8567514419556,16.3
2026-08-30 07:15:00,2,0,0,2,25.3961181640625,25.5100002288818,25.5299987792969,23,21,30,10,25.7899990081787,25.9699993133545,0,0,1.52476418018341,0,50,50,50,0,0,24.8644485473633,16.3175
2026-08-30 07:30:00,2,0,0,2,25.3870058059693,25.524998664856,25.5100002288818,23,21,30,10,25.8049993515015,25.9599990844727,0,0,1.5283694267273,0,50,50,50,0,0,24.8634119033814,16.335
2026-08-30 07:45:00,2,0,0,2,25.3726539611816,25.519998550415,25.519998550415,23,21,30,10,25.7999992370605,25.9699993133545,0,0,1.52711868286133,0,50,50,50,0,0,24.8683395385742,16.3525
2026-08-30 08:00:00,2,0,0,2,25.3713493347168,25.5100002288818,25.5099992752075,23,21,30,10,25.7999992370605,25.9649991989136,0,0,1.52503204345703,0,50,50,50,0,0,24.8665142059326,16.37
2026-08-30 08:15:00,2,0,0,2,25.3723926544189,25.519998550415,25.5100002288818,23,21,30,10,25.7999992370605,25.9699993133545,0,0,1.52973365783691,0,50,50,50,0,0,24.8587398529053,16.3875
2026-08-30 08:30:00,2,0,0,2,25.3836603164673,25.5299987792969,25.5,23,21,30,10,25.8049993515015,25.9649991989136,0,0,1.52652913331986,0,50,50,50,0,0,24.8520183563232,16.405
2026-08-30 08:45:00,2,0,0,2,25.3993129730225,25.5299987792969,25.5,23,21,30,10,25.8099994659424,25.9599990844727,0,0,1.52557122707367,0,50,50,50,0,0,24.8397235870361,16.4225
2026-08-30 09:00:00,2,0,0,2,25.402910232544,25.5299987792969,25.4949998855591,23,21,30,10,25.8199996948242,25.9549989700318,0,0,1.52912092208862,0,50,50,50,0,0,24.8405647277832,16.44
2026-08-30 09:15:00,2,0,0,2,25.3996715545654,25.5299987792969,25.5,23,21,30,10,25.8099994659424,25.9599990844727,0,0,1.52584540843964,0,50,50,50,0,0,24.8433456420898,16.7275
2026-08-30 09:30:00,2,0,0,2,25.3930454254151,25.5349988937378,25.5,23,21,30,10,25.7999992370605,25.9549989700318,0,0,1.5267083644867,0,50,50,50,0,0,24.8419313430787,17.015
2026-08-30 09:45:00,2,0,0,2,25.3895053863525,25.5299987792969,25.5,23,21,30,10,25.8099994659424,25.9599990844727,0,0,1.52684438228607,0,50,50,50,0,0,24.8424968719482,17.3025
2026-08-30 10:00:00,2,0,0,2,25.3878507614136,25.5449991226196,25.5,23,21,30,10,25.8099994659424,25.9599990844727,0,0,1.52762210369111,0,50,50,50,0,0,24.8428764343262,17.59
2026-08-30 10:15:00,2,0,0,2,25.3853607177734,25.5299987792969,25.4899997711182,23,21,30,10,25.8199996948242,25.9599990844727,0,0,1.52959549427032,0,50,50,50,0,0,24.8439769744873,17.875
2026-08-30 10:30:00,2,0,0,2,25.3946752548218,25.5349988937378,25.4949998855591,23,21,30,10,25.8249998092652,25.9549989700318,0,0,1.5263843536377,0,50,50,50,0,0,24.8370046615601,18.16
2026-08-30 10:45:00,2,0,0,2,25.4072113037109,25.5399990081787,25.5,23,21,30,10,25.8199996948242,25.9599990844727,0,0,1.52574670314789,0,50,50,50,0,0,24.8330135345459,18.445
2026-08-30 11:00:00,2,0,0,2,25.4090089797974,25.5499992370606,25.4949998855591,23,21,30,10,25.8199996948242,25.9599990844727,0,0,1.5264043211937,0,50,50,50,0,0,24.8322734832764,18.73
2026-08-30 11:15:00,2,0,0,2,25.3899250030518,25.5499992370605,25.5,23,21,30,10,25.8299999237061,25.9599990844727,0,0,1.529252409935,0,50,50,50,0,0,24.841796875,19.0175
2026-08-30 11:30:00,2,0,0,2,25.3968467712403,25.5449991226196,25.5,23,21,30,10,25.8299999237061,25.9549989700318,0,0,1.52756804227829,0,50,50,50,0,0,24.8358955383301,19.305
2026-08-30 11:45:00,2,0,0,2,25.4006309509277,25.5299987792969,25.5,23,21,30,10,25.8299999237061,25.9599990844727,0,0,1.52741730213165,0,50,50,50,0,0,24.8335418701172,19.5925
2026-08-30 12:00:00,2,0,0,2,25.3993482589722,25.5549993515015,25.4949998855591,23,21,30,10,25.8299999237061,25.9549989700318,0,0,1.52755665779114,0,50,50,50,0,0,24.8345212936402,19.88
2026-08-30 12:15:00,2,0,0,2,25.3831405639648,25.5499992370605,25.4899997711182,23,21,30,10,25.8299999237061,25.939998626709,0,0,1.52730417251587,0,50,50,50,0,0,24.843822479248,20.085
2026-08-30 12:30:00,2,0,0,2,25.3981590270996,25.5549993515015,25.5,23,21,30,10,25.8400001525879,25.9549989700318,0,0,1.52516150474549,0,50,50,50,0,0,24.8312215805054,20.29
2026-08-30 12:45:00,2,0,0,2,25.3982810974121,25.5499992370605,25.4899997711182,23,21,30,10,25.8400001525879,25.9599990844727,0,0,1.52856433391571,0,50,50,50,0,0,24.8294467926025,20.495
2026-08-30 13:00:00,2,0,0,2,25.3938808441162,25.5599994659424,25.4949998855591,23,21,30,10,25.8449993133545,25.9549989700318,0,0,1.52709209918976,0,50,50,50,0,0,24.8306694030762,20.7
2026-08-30 13:15:00,2,0,0,2,25.3875770568848,25.5599994659424,25.5,23,21,30,10,25.8400001525879,25.9599990844727,0,0,1.53109979629517,0,50,50,50,0,0,24.8301639556885,20.905
2026-08-30 13:30:00,2,0,0,2,25.3924102783203,25.5549993515015,25.4949998855591,23,21,30,10,25.8449993133545,25.9549989700318,0,0,1.5278212428093,0,50,50,50,0,0,24.8335332870484,21.11
2026-08-30 13:45:00,2,0,0,2,25.3839340209961,25.5499992370605,25.5,23,21,30,10,25.8499984741211,25.9599990844727,0,0,1.53000271320343,0,50,50,50,0,0,24.8428153991699,21.315
2026-08-30 14:00:00,2,0,0,2,25.3985710144043,25.5549993515015,25.5,23,21,30,10,25.8499984741211,25.9549989700318,0,0,1.5259730219841,0,50,50,50,0,0,24.8365697860718,21.52
2026-08-30 14:15:00,2,0,0,2,25.4104137420654,25.5599994659424,25.5100002288818,23,21,30,10,25.8499984741211,25.9499988555908,0,0,1.52424848079681,0,50,50,50,0,0,24.8321857452393,21.7275
2026-08-30 14:30:00,2,0,0,2,25.3916120529175,25.5549993515015,25.5,23,21,30,10,25.8499984741211,25.9549989700318,0,0,1.52776116132736,0,50,50,50,0,0,24.8408575057984,21.935
2026-08-30 14:45:00,2,0,0,2,25.3891563415527,25.5499992370605,25.5,23,21,30,10,25.8599987030029,25.9599990844727,0,0,1.52766382694244,0,50,50,50,0,0,24.8438167572021,22.1425
2026-08-30 15:00:00,2,0,0,2,25.3773670196533,25.5699996948242,25.5100002288818,23,21,30,10,25.8599987030029,25.9599990844727,0,0,1.52745044231415,0,50,50,50,0,0,24.8476762771607,22.35
2026-08-30 15:15:00,2,0,0,2,25.3827514648438,25.5699996948242,25.5100002288818,23,21,30,10,25.8699989318848,25.9499988555908,0,0,1.52905213832855,0,50,50,50,0,0,24.8454723358154,22.26
2026-08-30 15:30:00,2,0,0,2,25.3852615356446,25.5649995803833,25.5,23,21,30,10,25.8599987030029,25.9499988555908,0,0,1.52501225471497,0,50,50,50,0,0,24.8447771072388,22.17
2026-08-30 15:45:00,2,0,0,2,25.3631343841553,25.5699996948242,25.5100002288818,23,21,30,10,25.8699989318848,25.9599990844727,0,0,1.52493166923523,0,50,50,50,0,0,24.8578338623047,22.08
2026-08-30 16:00:00,2,0,0,2,25.3742551803589,25.5699996948242,25.5100002288818,23,21,30,10,25.8699989318848,25.9549989700318,0,0,1.52672761678696,0,50,50,50,0,0,24.8543128967286,21.99
2026-08-30 16:15:00,2,0,0,2,25.3843746185303,25.5699996948242,25.5,23,21,30,10,25.8699989318848,25.9599990844727,0,0,1.52427506446838,0,50,50,50,0,0,24.8534641265869,21.9
2026-08-30 16:30:00,2,0,0,2,25.3784713745118,25.5699996948243,25.5050001144409,23,21,30,10,25.8749990463257,25.9549989700318,0,0,1.4557073712349,0,50,50,50,0,0,24.8539361953736,21.81
2026-08-30 16:45:00,2,0,0,2,25.3785877227783,25.5799999237061,25.5,23,21,30,10,25.8799991607666,25.9499988555908,0,0,1.45244061946869,0,50,50,50,0,0,24.8510799407959,21.72
2026-08-30 17:00:00,2,0,0,2,25.3808917999268,25.5699996948242,25.5099992752075,23,21,30,10,25.8749990463257,25.9599990844727,0,0,1.45351421833039,0,50,50,50,0,0,24.8540306091309,21.63
2026-08-30 17:15:00,2,0,0,2,25.3882484436035,25.5799999237061,25.5100002288818,23,21,30,10,25.8799991607666,25.9599990844727,0,0,1.4535448551178,0,50,50,50,0,0,24.8478546142578,21.54
2026-08-30 17:30:00,2,0,0,2,25.3718147277832,25.5749998092652,25.519998550415,23,21,30,10,25.8899993896484,25.9599990844727,0,0,1.45388305187226,0,50,50,50,0,0,24.8606443405151,21.45
2026-08-30 17:45:00,2,0,0,2,25.3788623809814,25.5699996948242,25.519998550415,23,21,30,10,25.8899993896484,25.9599990844727,0,0,1.45232808589935,0,50,50,50,0,0,24.8616390228271,21.36
2026-08-30 18:00:00,2,0,0,2,25.3878259658814,25.585000038147,25.519998550415,23,21,30,10,25.8899993896484,25.9649991989136,0,0,1.450659096241,0,50,50,50,0,0,24.8564710617066,21.27
2026-08-30 18:15:00,2,0,0,2,25.3918304443359,25.5799999237061,25.519998550415,23,21,30,10,25.8899993896484,25.9499988555908,0,0,1.45190525054932,0,50,50,50,0,0,24.8562278747559,21.035
2026-08-30 18:30:00,2,0,0,2,25.385724067688,25.5799999237061,25.5149993896484,23,21,30,10,25.9049997329712,25.9649991989136,0,0,1.45323860645294,0,50,50,50,0,0,24.8592796325684,20.8
2026-08-30 18:45:00,2,0,0,2,25.3873558044434,25.5900001525879,25.5299987792969,23,21,30,10,25.9099998474121,25.9599990844727,0,0,1.45090997219086,0,50,50,50,0,0,24.8633785247803,20.565
2026-08-30 19:00:00,2,0,0,2,25.3799734115601,25.5899991989136,25.524998664856,23,21,30,10,25.914999961853,25.9649991989136,0,0,1.46440726518631,0,50,50,50,0,0,24.8697538375855,20.33
2026-08-30 19:15:00,2,0,0,2,25.3856811523438,25.5999984741211,25.519998550415,23,21,30,10,25.9200000762939,25.9599990844727,0,0,1.45490109920502,0,50,50,50,0,0,24.8668556213379,20.095
2026-08-30 19:30:00,2,0,0,2,25.378999710083,25.5949993133545,25.524998664856,23,21,30,10,25.9049997329712,25.9649991989136,0,0,1.45396405458451,0,50,50,50,0,0,24.8684816360474,19.86
2026-08-30 19:45:00,2,0,0,2,25.3956356048584,25.5900001525879,25.5299987792969,23,21,30,10,25.9200000762939,25.9699993133545,0,0,1.49291718006134,0,50,50,50,0,0,24.8638744354248,19.625
2026-08-30 20:00:00,2,0,0,2,25.3972434997559,25.5949993133545,25.524998664856,23,21,30,10,25.914999961853,25.9649991989136,0,0,1.45701915025711,0,50,50,50,0,0,24.866886138916,19.39
2026-08-30 20:15:00,2,0,0,2,25.3852615356445,25.5900001525879,25.519998550415,23,21,30,10,25.9300003051758,25.9699993133545,0,0,1.49139070510864,0,50,50,50,0,0,24.8732147216797,19.155
2026-08-30 20:30:00,2,0,0,2,25.3806333541871,25.5999984741211,25.5349988937378,23,21,30,10,25.9300003051758,25.9749994277954,0,0,1.47020924091339,0,50,50,50,0,0,24.8803272247314,18.92
2026-08-30 20:45:00,2,0,0,2,25.38498878479,25.5900001525879,25.5299987792969,23,21,30,10,25.9300003051758,25.9699993133545,0,0,1.45818138122559,0,50,50,50,0,0,24.878532409668,18.685
2026-08-30 21:00:00,2,0,0,2,25.4155759811402,25.5949993133545,25.5349988937378,23,21,30,10,25.9349994659424,25.9799995422363,0,0,1.45402783155442,0,50,50,50,0,0,24.8708219528199,18.45
2026-08-30 21:15:00,2,0,0,2,25.4229621887207,25.6099987030029,25.5299987792969,23,21,30,10,25.9300003051758,25.9699993133545,0,0,1.45952916145325,0,50,50,50,0,0,24.872522354126,18.3575
2026-08-30 21:30:00,2,0,0,2,25.4235544204712,25.604998588562,25.5349988937378,23,21,30,10,25.9449987411499,25.9749994277954,0,0,1.45215326547623,0,50,50,50,0,0,24.8726978302002,18.265
2026-08-30 21:45:00,2,0,0,2,25.4204540252686,25.6099987030029,25.5299987792969,23,21,30,10,25.9300003051758,25.9799995422363,0,0,1.45244657993317,0,50,50,50,0,0,24.8744945526123,18.1725
2026-08-30 22:00:00,2,0,0,2,25.4287700653076,25.5949993133545,25.5449991226196,23,21,30,10,25.939998626709,25.9749994277954,0,0,1.45620536804199,0,50,50,50,0,0,24.8685035705567,18.08
2026-08-30 22:15:00,2,0,0,2,25.4376850128174,25.6099987030029,25.5399990081787,23,21,30,10,25.939998626709,25.9799995422363,0,0,1.44985640048981,0,50,50,50,0,0,24.8616638183594,17.985
2026-08-30 22:30:00,2,0,0,2,25.4550743103028,25.6099987030029,25.5299987792969,23,21,30,10,25.9449987411499,25.9749994277954,0,0,1.45301747322083,0,50,50,50,0,0,24.8589553833008,17.89
2026-08-30 22:45:00,2,0,0,2,25.4624347686768,25.6099987030029,25.5399990081787,23,21,30,10,25.939998626709,25.9799995422363,0,0,1.45408356189728,0,50,50,50,0,0,24.8598480224609,17.795
2026-08-30 23:00:00,2,0,0,2,25.4613208770752,25.6099987030029,25.5499992370606,23,21,30,10,25.9449987411499,25.9749994277954,0,0,1.45215195417404,0,50,50,50,0,0,24.8645753860474,17.7
2026-08-30 23:15:00,2,0,0,2,25.4421577453613,25.6099987030029,25.5499992370605,23,21,30,10,25.9499988555908,25.9899997711182,0,0,1.45423889160156,0,50,50,50,0,0,24.872371673584,17.6075
2026-08-30 23:30:00,2,0,0,2,25.4488115310669,25.6199989318848,25.5399990081787,23,21,30,10,25.9499988555908,25.9799995422363,0,0,1.45303922891617,0,50,50,50,0,0,24.8703231811524,17.515
2026-08-30 23:45:00,2,0,0,2,25.4726982116699,25.6299991607666,25.5599994659424,23,21,30,10,25.9499988555908,25.9899997711182,0,0,1.45445334911346,0,50,50,50,0,0,24.8572616577148,17.4225
2026-08-31 00:00:00,2,0,0,2,25.4670486450196,25.6199989318848,25.5399990081787,23,21,30,10,25.9499988555908,25.9849996566773,0,0,1.45330572128296,0,50,50,50,0,0,24.8685703277588,17.84
2026-08-31 00:15:00,2,0,0,2,25.450382232666,25.6199989318848,25.5599994659424,23,21,30,10,25.9599990844727,25.9899997711182,0,0,1.45478820800781,0,50,50,50,0,0,24.8739223480225,17.76
2026-08-31 00:30:00,2,0,0,2,25.446741104126,25.6249990463257,25.5449991226196,23,21,30,10,25.9599990844727,25.9899997711182,0,0,1.45551919937134,0,50,50,50,0,0,24.8728132247925,17.68
2026-08-31 00:45:00,2,0,0,2,25.4523506164551,25.6299991607666,25.5499992370605,23,21,30,10,25.9599990844727,25.9899997711182,0,0,1.45748090744019,0,50,50,50,0,0,24.8713340759277,17.6
2026-08-31 01:00:00,2,0,0,2,25.4701662063599,25.6249990463257,25.5649995803833,23,21,30,10,25.9599990844727,25.9899997711182,0,0,1.45472425222397,0,50,50,50,0,0,24.8631086349488,17.52
2026-08-31 01:15:00,2,0,0,2,25.4976024627686,25.6399993896484,25.5499992370605,23,21,30,10,25.9599990844727,25.9899997711182,0,0,1.45403671264648,0,50,50,50,0,0,24.8470706939697,17.44
2026-08-31 01:30:00,2,0,0,2,25.5099859237671,25.6299991607666,25.5549993515015,23,21,30,10,25.9599990844727,26,0,0,1.45350271463395,0,50,50,50,0,0,24.8522109985352,17.36
2026-08-31 01:45:00,2,0,0,2,25.5181522369385,25.6399993896484,25.5499992370605,23,21,30,10,25.9699993133545,26,0,0,1.45630466938019,0,50,50,50,0,0,24.8502235412598,17.28
2026-08-31 02:00:00,2,0,0,2,25.5170640945435,25.6299991607666,25.5599994659424,23,21,30,10,25.9599990844727,25.9899997711182,0,0,1.45502960681916,0,50,50,50,0,0,24.8496007919312,17.2
2026-08-31 02:15:00,2,0,0,2,25.5278205871582,25.6399993896484,25.5599994659424,23,21,30,10,25.9699993133545,25.9899997711182,0,0,1.45294797420502,0,50,50,50,0,0,24.8447074890137,17.1175
2026-08-31 02:30:00,2,0,0,2,25.5250673294068,25.6399993896485,25.5699996948242,23,21,30,10,25.9699993133545,26,0,0,1.4557290673256,0,50,50,50,0,0,24.8468236923218,17.035
2026-08-31 02:45:00,2,0,0,2,25.5283451080322,25.6399993896484,25.5499992370605,23,21,30,10,25.9699993133545,25.9899997711182,0,0,1.47437620162964,0,50,50,50,0,0,24.8481998443604,16.9525
2026-08-31 03:00:00,2,0,0,2,25.520544052124,25.6299991607666,25.5549993515015,23,21,30,10,25.9749994277954,26,0,0,1.48047727346421,0,50,50,50,0,0,24.8480529785156,16.87
2026-08-31 03:15:00,2,0,0,2,25.5230331420898,25.6399993896484,25.5599994659424,23,21,30,10,25.9799995422363,26.0100002288818,0,0,1.47415995597839,0,50,50,50,0,0,24.8469486236572,16.8275
2026-08-31 03:30:00,2,0,0,2,25.5340099334717,25.6399993896484,25.5599994659424,23,21,30,10,25.9799995422363,26.0050001144409,0,0,1.47646802663804,0,50,50,50,0,0,24.8502235412598,16.785
2026-08-31 03:45:00,2,0,0,2,25.5389404296875,25.6399993896484,25.5599994659424,23,21,30,10,25.9799995422363,26,0,0,1.47271716594696,0,50,50,50,0,0,24.8469562530518,16.7425
2026-08-31 04:00:00,2,0,0,2,25.5295629501343,25.6399993896485,25.5549993515015,23,21,30,10,25.9749994277954,26,0,0,1.47658932209015,0,50,50,50,0,0,24.8465690612793,16.7
2026-08-31 04:15:00,2,0,0,2,25.5227928161621,25.6399993896484,25.5399990081787,23,21,30,10,25.9799995422363,26,0,0,1.48007667064667,0,50,50,50,0,0,24.8433475494385,16.655
2026-08-31 04:30:00,2,0,0,2,25.5246372222901,25.6499996185303,25.5599994659424,23,21,30,10,25.9799995422363,26,0,0,1.47423541545868,0,50,50,50,0,0,24.8446445465088,16.61
2026-08-31 04:45:00,2,0,0,2,25.5156345367432,25.6499996185303,25.5499992370605,23,21,30,10,25.9899997711182,26,0,0,1.47428405284882,0,50,50,50,0,0,24.8484134674072,16.565
2026-08-31 05:00:00,2,0,0,2,25.5019245147705,25.6499996185303,25.5599994659424,23,21,30,10,25.9849996566773,26.0050001144409,0,0,1.47910714149475,0,50,50,50,0,0,24.8534278869629,16.52
2026-08-31 05:15:00,2,0,0,2,25.4970092773438,25.6499996185303,25.5499992370605,23,21,30,10,25.9799995422363,26,0,0,1.47557651996613,0,50,50,50,0,0,24.8527393341064,16.475
2026-08-31 05:30:00,2,0,0,2,25.5124101638794,25.6449995040894,25.5649995803833,23,21,30,10,25.9849996566773,26,0,0,1.47476410865784,0,50,50,50,0,0,24.8452768325806,16.43
2026-08-31 05:45:00,2,0,0,2,25.5446376800537,25.6499996185303,25.5599994659424,23,21,30,10,25.9799995422363,26,0,0,1.47104144096375,0,50,50,50,0,0,24.8363246917725,16.385
2026-08-31 06:00:00,2,0,0,2,25.5477294921875,25.6449995040894,25.5499992370605,23,21,30,10,25.9799995422363,25.9949998855591,0,0,1.47543835639954,0,50,50,50,0,0,24.830041885376,16.34
2026-08-31 06:15:00,2,0,0,2,25.5493583679199,25.6499996185303,25.5499992370605,23,21,30,10,25.9799995422363,25.9899997711182,0,0,1.47410178184509,0,50,50,50,0,0,24.8251419067383,16.3475
2026-08-31 06:30:00,2,0,0,2,25.5465135574341,25.6449995040894,25.5499992370605,23,21,30,10,25.9849996566773,25.9949998855591,0,0,1.47763872146606,0,50,50,50,0,0,24.8227672576904,16.355
2026-08-31 06:45:00,2,0,0,2,25.5403614044189,25.6499996185303,25.5499992370605,23,21,30,10,26,25.9899997711182,0,0,1.4842723608017,0,50,50,50,0,0,24.818021774292,16.3625
2026-08-31 07:00:00,2,0,0,2,25.5361433029175,25.6549997329712,25.5399990081787,23,21,30,10,25.9799995422363,25.9849996566773,0,0,1.48246723413468,0,50,50,50,0,0,24.8167695999146,16.37
2026-08-31 07:15:00,2,0,0,2,25.5327911376953,25.6499996185303,25.5399990081787,23,21,30,10,25.9799995422363,25.9899997711182,0,0,1.47378253936768,0,50,50,50,0,0,24.8126373291016,16.375
2026-08-31 07:30:00,2,0,0,2,25.5308837890625,25.6499996185303,25.5349988937378,23,21,30,10,25.9849996566773,25.9849996566773,0,0,1.47423642873764,0,50,50,50,0,0,24.8097276687623,16.38
2026-08-31 07:45:00,2,0,0,2,25.5316486358643,25.6499996185303,25.5399990081787,23,21,30,10,25.9899997711182,25.9899997711182,0,0,1.46905767917633,0,50,50,50,0,0,24.8126811981201,16.385
2026-08-31 08:00:00,2,0,0,2,25.5229215621948,25.6449995040894,25.524998664856,23,21,30,10,25.9849996566773,25.9699993133545,0,0,1.47031801939011,0,50,50,50,0,0,24.8114213943482,16.39
2026-08-31 08:15:00,2,0,0,2,25.5165843963623,25.6399993896484,25.519998550415,23,21,30,10,25.9799995422363,25.9699993133545,0,0,1.48479545116425,0,50,50,50,0,0,24.8146266937256,16.3975
2026-08-31 08:30:00,2,0,0,2,25.5110378265381,25.6399993896484,25.524998664856,23,21,30,10,25.9899997711182,25.9699993133545,0,0,1.47465711832047,0,50,50,50,0,0,24.8119993209839,16.405
2026-08-31 08:45:00,2,0,0,2,25.4351787567139,25.6399993896484,25.5299987792969,23,21,30,10,25.9899997711182,25.9699993133545,0,0,1.47724866867065,0,50,50,50,0,0,24.8353900909424,16.4125
2026-08-31 09:00:00,2,0,0,2,25.4073266983032,25.6399993896484,25.5299987792969,23,21,30,10,25.9849996566773,25.9749994277954,0,0.5,1.47960698604584,0,91,91,91,0,0,24.8399505615235,16.42
2026-08-31 09:15:00,2,0,0,2,25.3585033416748,25.6499996185303,25.519998550415,23,21,30,10,25.9899997711182,25.9699993133545,0,1,1.47854065895081,0,132,132,132,0,0,24.8013343811035,16.6975
2026-08-31 09:30:00,2,0,0,2,25.3150424957276,25.6399993896484,25.5149993896484,23,21,30,10,25.9799995422363,25.9699993133545,0,1,1.47649168968201,0,138,138,138,0,0,24.6467008590698,16.975
2026-08-31 09:45:00,2,0,0,2,25.2687225341797,25.6199989318848,25.4799995422363,23,21,30,10,25.9799995422363,25.9599990844727,0,1,1.47350251674652,0,138,138,138,0,0,24.477876663208,17.2525
2026-08-31 10:00:00,2,0,0,2,25.2384786605835,25.6199989318848,25.4549989700318,23,21,30,10,25.9699993133545,25.9349994659424,0,1,1.47533589601517,0,147,147,147,0,0,24.3748636245728,17.53
2026-08-31 10:15:00,2,0,0,2,25.2304229736328,25.6099987030029,25.439998626709,23,21,30,10,25.9599990844727,25.9099998474121,0,1,1.47182476520538,0,150,150,150,0,0,24.3463802337646,17.8075
2026-08-31 10:30:00,2,0,0,2,25.2351961135864,25.6099987030029,25.4300003051758,23,21,30,10,25.9499988555908,25.8849992752075,0,1,1.47085893154144,0,150,150,150,0,0,24.3816661834717,18.085
2026-08-31 10:45:00,2,0,0,2,25.2288188934326,25.5999984741211,25.3999996185303,23,21,30,10,25.939998626709,25.8699989318848,0,1,1.47721803188324,0,150,150,150,0,0,24.4041900634766,18.3625
2026-08-31 11:00:00,2,0,0,2,25.1881647109986,25.5999984741211,25.3799991607666,23,21,30,10,25.914999961853,25.8499994277954,0,1,1.46663123369217,0,150,150,150,0,0,24.3852615356445,18.64
2026-08-31 11:15:00,2,0,0,2,25.1520252227783,25.5900001525879,25.3799991607666,23,21,30,10,25.8999996185303,25.8299999237061,0,1,1.46470105648041,0,150,150,150,0,0,24.324857711792,18.9175
2026-08-31 11:30:00,2,0,0,2,25.1511688232422,25.5900001525879,25.3749990463257,23,21,30,10,25.8949995040894,25.8249998092652,0,1,1.47199606895447,0,150,150,150,0,0,24.327208518982,19.195
2026-08-31 11:45:00,2,0,0,2,25.1938037872314,25.5799999237061,25.3599987030029,23,21,30,10,25.8799991607666,25.8199996948242,0,1,1.4757354259491,0,150,150,150,0,0,24.4018478393555,19.4725
2026-08-31 12:00:00,2,0,0,2,25.1548109054566,25.5649995803833,25.3400001525879,23,21,30,10,25.8699989318848,25.8049993515015,0,1,1.76929241418839,0,141,141,141,0,0,24.4025583267212,19.75
2026-08-31 12:15:00,2,0,0,2,25.1348323822021,25.5799999237061,25.3299999237061,23,21,30,10,25.8699989318848,25.7999992370605,0,1,1.44621193408966,0,132,132,132,0,0,24.4070167541504,19.9125
2026-08-31 12:30:00,2,0,0,2,25.1232976913452,25.5599994659424,25.3249998092652,23,21,30,10,25.8499984741211,25.7799987792969,0,1,1.75912410020828,0,91,91,91,0,0,24.4127407073975,20.075
2026-08-31 12:45:00,2,0,0,2,25.0838413238525,25.5399990081787,25.2999992370605,23,21,30,10,25.8099994659424,25.7399997711182,0,1,1.44909143447876,0,50,50,50,0,0,24.4028949737549,20.2375
2026-08-31 13:00:00,2,0,0,2,25.0615129470825,25.5399990081787,25.2949991226196,23,21,30,10,25.6499996185303,25.7299995422363,0,1,1.76178061962128,0,50,50,50,0,0,24.4001712799073,20.4
2026-08-31 13:15:00,2,0,0,2,25.0426502227783,25.519998550415,25.269998550415,23,21,30,10,25.4300003051758,25.7299995422363,0,1,1.74361383914948,0,50,50,50,0,0,24.3982772827148,20.5625
2026-08-31 13:30:00,2,0,0,2,25.0332641601563,25.519998550415,25.269998550415,23,21,30,10,25.1999998092652,25.7049989700318,0,1,1.52584195137024,0,94,94,94,0,0,24.4095134735108,20.725
2026-08-31 13:45:00,2,0,0,2,25.03000831604,25.5,25.269998550415,23,21,30,10,24.9799995422363,25.6999988555908,0,1,1.52722930908203,0,138,138,138,0,0,24.4343566894531,20.8875
2026-08-31 14:00:00,2,0,0,2,25.0195865631104,25.4499998092652,25.25,23,21,30,10,24.7799987792969,25.689998626709,0,1,1.65923070907593,0,141,141,141,0,0,24.4491109848023,21.05
2026-08-31 14:15:00,2,0,0,2,25.0132789611816,25.3799991607666,25.2600002288818,23,21,30,10,24.5799999237061,25.6999988555908,0,1,1.47046720981598,0,144,144,144,0,0,24.4639739990234,21.2125
2026-08-31 14:30:00,2,0,0,2,24.9969663619995,25.3299999237061,25.2399997711182,23,21,30,10,24.2899990081788,25.6800003051758,0,0.5,1.44967943429947,0,144,144,144,0,0,24.4816293716431,21.375
2026-08-31 14:45:00,2,0,0,2,24.9756832122803,25.2899990081787,25.2399997711182,23,21,30,10,24.269998550415,25.6999988555908,0,0,1.45249330997467,0,144,144,144,0,0,24.4965934753418,21.5375
2026-08-31 15:00:00,2,0,0,2,24.9678583145142,25.2249994277955,25.2449998855591,23,21,30,10,24.1449995040894,25.6849994659424,0,0,1.45177757740021,0,147,147,147,0,0,24.5170974731446,21.7
2026-08-31 15:15:00,2,0,0,2,24.9505767822266,25.1800003051758,25.2600002288818,23,21,30,10,23.9499988555908,25.6800003051758,0,0,1.45286405086517,0,150,150,150,0,0,24.5344791412354,21.62
2026-08-31 15:30:00,2,0,0,2,24.9509677886963,25.125,25.2399997711182,23,21,30,10,23.8699998855591,25.689998626709,0,0,1.45457875728608,0,150,150,150,0,0,24.5518026351929,21.54
2026-08-31 15:45:00,2,0,0,2,24.9500179290771,25.1000003814697,25.25,23,21,30,10,23.8199996948242,25.689998626709,0,0,1.45476794242859,0,150,150,150,0,0,24.5721168518066,21.46
2026-08-31 16:00:00,2,0,0,2,24.95068359375,25.0549993515015,25.2449998855591,23,21,30,10,23.7550001144409,25.6949987411499,0,0,1.45144319534302,0,150,150,150,0,0,24.5887441635132,21.38
2026-08-31 16:15:00,2,0,0,2,24.9511680603027,25.0499992370605,25.25,23,21,30,10,23.6199989318848,25.6999988555908,0,0,1.45307695865631,0,150,150,150,0,0,24.6036930084229,21.3
2026-08-31 16:30:00,2,0,0,2,24.9533252716065,24.9549989700318,25.25,23,21,30,10,23.6349992752075,25.7049989700318,0,0,1.45376974344254,0,144,144,144,0,0,24.6192188262939,21.22
2026-08-31 16:45:00,2,0,0,2,25.0074882507324,24.9099998474121,25.25,23,21,30,10,23.5699996948242,25.6999988555908,0,0,1.45153081417084,0,138,138,138,0,0,24.6045303344727,21.14
2026-08-31 17:00:00,2,0,0,2,25.0351943969727,24.9249992370606,25.2600002288818,23,21,30,10,23.6049995422363,25.7099990844727,0,0,1.45085227489472,0,138,138,138,0,0,24.6086759567261,21.06
2026-08-31 17:15:00,2,0,0,2,25.0330600738525,24.9099998474121,25.269998550415,23,21,30,10,23.5499992370605,25.7099990844727,0,0,1.45379650592804,0,138,138,138,0,0,24.6243705749512,20.9825
2026-08-31 17:30:00,2,0,0,2,25.0440950393677,24.875,25.2649993896484,23,21,30,10,23.5799989700317,25.7149991989136,0,0,1.45452529191971,0,126,126,126,0,0,24.6339292526245,20.905
2026-08-31 17:45:00,2,0,0,2,25.0550441741943,24.8400001525879,25.269998550415,23,21,30,10,23.519998550415,25.7199993133545,0,0,1.45601463317871,0,114,114,114,0,0,24.638370513916,20.8275
2026-08-31 18:00:00,2,0,0,2,25.0658912658692,24.8099994659424,25.269998550415,23,21,30,10,23.5199995040894,25.7249994277954,0,0,1.45208948850632,0,114,114,114,0,0,24.6482696533203,20.75
2026-08-31 18:15:00,2,0,0,2,25.0542240142822,24.7999992370605,25.2799987792969,23,21,30,10,23.6199989318848,25.7399997711182,0,0,1.45260417461395,0,114,114,114,0,0,24.666332244873,20.4575
2026-08-31 18:30:00,2,0,0,2,25.062463760376,24.7949991226197,25.274998664856,23,21,30,10,23.5849990844727,25.7399997711182,0,0,1.45172417163849,0,82,82,82,0,0,24.6701736450195,20.165
2026-08-31 18:45:00,2,0,0,2,25.0612754821777,24.7999992370605,25.2999992370605,23,21,30,10,23.5699996948242,25.7299995422363,0,0,1.45140969753265,0,50,50,50,0,0,24.6792659759521,19.8725
2026-08-31 19:00:00,2,0,0,2,25.0564079284668,24.7599992752075,25.2849988937378,23,21,30,10,23.5550003051758,25.7449998855591,0,0,1.45323270559311,0,50,50,50,0,0,24.6923847198487,19.58
2026-08-31 19:15:00,2,0,0,2,25.0575351715088,24.769998550415,25.2899990081787,23,21,30,10,23.5900001525879,25.7399997711182,0,0,1.44892477989197,0,50,50,50,0,0,24.7014408111572,19.29
2026-08-31 19:30:00,2,0,0,2,25.0549669265747,24.734998703003,25.2899990081787,23,21,30,10,23.5749998092652,25.7550001144409,0,0,1.45194458961487,0,50,50,50,0,0,24.7078275680542,19
2026-08-31 19:45:00,2,0,0,2,25.0549831390381,24.7600002288818,25.2799987792969,23,21,30,10,23.5699996948242,25.7399997711182,0,0,1.45084035396576,0,50,50,50,0,0,24.7124214172363,18.71
2026-08-31 20:00:00,2,0,0,2,25.0530452728272,24.7149991989136,25.2849988937378,23,21,30,10,23.6199998855591,25.75,0,0,1.4533298611641,0,50,50,50,0,0,24.725022315979,18.42
2026-08-31 20:15:00,2,0,0,2,25.051025390625,24.7600002288818,25.2899990081787,23,21,30,10,23.6999988555908,25.7299995422363,0,0,1.45005095005035,0,50,50,50,0,0,24.7367839813232,18.1275
2026-08-31 20:30:00,2,0,0,2,25.0538959503174,24.7349996566773,25.2949991226196,23,21,30,10,23.6549997329712,25.75,0,0,1.45102095603943,0,50,50,50,0,0,24.7413291931152,17.835
2026-08-31 20:45:00,2,0,0,2,25.0539207458496,24.7399997711182,25.2899990081787,23,21,30,10,23.689998626709,25.7600002288818,0,0,1.45254182815552,0,50,50,50,0,0,24.7463722229004,17.5425
2026-08-31 21:00:00,2,0,0,2,25.0620088577271,24.7399997711182,25.2899990081787,23,21,30,10,23.7199993133545,25.769998550415,0,0,1.45122998952866,0,50,50,50,0,0,24.7455921173096,17.25
2026-08-31 21:15:00,2,0,0,2,25.0698509216309,24.7399997711182,25.2899990081787,23,21,30,10,23.769998550415,25.7600002288818,0,0,1.44844353199005,0,50,50,50,0,0,24.7437610626221,17.1075
2026-08-31 21:30:00,2,0,0,2,25.0789728164673,24.7149991989136,25.2949991226196,23,21,30,10,23.7749996185303,25.7550001144409,0,0,1.45106047391892,0,50,50,50,0,0,24.7405300140381,16.965
2026-08-31 21:45:00,2,0,0,2,25.0782070159912,24.75,25.2899990081787,23,21,30,10,23.7799987792969,25.7600002288818,0,0,1.44558072090149,0,50,50,50,0,0,24.7485294342041,16.8225
2026-08-31 22:00:00,2,0,0,2,25.0788650512696,24.7099990844727,25.2899990081787,23,21,30,10,23.7999992370606,25.7649993896484,0,0,1.44869345426559,0,50,50,50,0,0,24.7490119934082,16.68
2026-08-31 22:15:00,2,0,0,2,25.0791664123535,24.75,25.2999992370605,23,21,30,10,23.8400001525879,25.769998550415,0,0,1.44875085353851,0,50,50,50,0,0,24.7537307739258,16.535
2026-08-31 22:30:00,2,0,0,2,25.0788354873657,24.7149991989136,25.2949991226196,23,21,30,10,23.8899993896484,25.769998550415,0,0,1.45016092061997,0,50,50,50,0,0,24.7575120925904,16.39
2026-08-31 22:45:00,2,0,0,2,25.078971862793,24.7099990844727,25.2899990081787,23,21,30,10,23.939998626709,25.7799987792969,0,0,1.45219707489014,0,50,50,50,0,0,24.7566108703613,16.245
2026-08-31 23:00:00,2,0,0,2,25.0798654556275,24.6849994659424,25.2999992370605,23,21,30,10,23.9449996948243,25.7649993896484,0,0,1.44967597723008,0,50,50,50,0,0,24.7575120925903,16.1
2026-08-31 23:15:00,2,0,0,2,25.0815982818604,24.75,25.2899990081787,23,21,30,10,23.9300003051758,25.7799987792969,0,0,1.45413410663605,0,50,50,50,0,0,24.7569751739502,15.9575
2026-08-31 23:30:00,2,0,0,2,25.0827350616456,24.7299995422363,25.3049993515015,23,21,30,10,23.9949998855591,25.7649993896484,0,0,1.461121737957,0,50,50,50,0,0,24.7569742202759,15.815
2026-08-31 23:45:00,2,0,0,2,25.0837306976318,24.7299995422363,25.2899990081787,23,21,30,10,23.9599990844727,25.769998550415,0,0,1.48116540908813,0,50,50,50,0,0,24.7561550140381,15.6725
2026-09-01 00:00:00,2,0,0,2,25.082667350769,24.7399997711182,25.2949991226196,23,21,30,10,24.0049991607666,25.769998550415,0,0,1.46143043041229,0,50,50,50,0,0,24.7548522949219,15.82
2026-09-01 00:15:00,2,0,0,2,25.0840263366699,24.7399997711182,25.3099994659424,23,21,30,10,24.0499992370605,25.769998550415,0,0,1.44999957084656,0,50,50,50,0,0,24.7544193267822,15.8075
2026-09-01 00:30:00,2,0,0,2,25.086407661438,24.7249994277954,25.2999992370605,23,21,30,10,24.039999961853,25.7649993896484,0,0,1.4529778957367,0,50,50,50,0,0,24.7480459213257,15.795
2026-09-01 00:45:00,2,0,0,2,25.0872135162354,24.7199993133545,25.2899990081787,23,21,30,10,24.0799999237061,25.769998550415,0,0,1.44791853427887,0,50,50,50,0,0,24.7495212554932,15.7825
2026-09-01 01:00:00,2,0,0,2,25.0851831436158,24.710000038147,25.2999992370605,23,21,30,10,24.0949993133545,25.7649993896484,0,0,1.45271915197373,0,50,50,50,0,0,24.7487716674805,15.77
2026-09-01 01:15:00,2,0,0,2,25.0829524993896,24.7399997711182,25.2899990081787,23,21,30,10,24.0799999237061,25.7600002288818,0,0,1.45137429237366,0,50,50,50,0,0,24.7503433227539,15.76
2026-09-01 01:30:00,2,0,0,2,25.0890626907349,24.7299995422364,25.2899990081787,23,21,30,10,24.125,25.7600002288818,0,0,1.45077174901962,0,50,50,50,0,0,24.746829032898,15.75
2026-09-01 01:45:00,2,0,0,2,25.0889358520508,24.7799987792969,25.2899990081787,23,21,30,10,24.1399993896484,25.7600002288818,0,0,1.4498485326767,0,50,50,50,0,0,24.7458057403564,15.74
2026-09-01 02:00:00,2,0,0,2,25.0859422683716,24.7599992752075,25.2899990081787,23,21,30,10,24.1749992370606,25.75,0,0,1.45058339834214,0,50,50,50,0,0,24.7461814880372,15.73
2026-09-01 02:15:00,2,0,0,2,25.0850715637207,24.7199993133545,25.2899990081787,23,21,30,10,24.1800003051758,25.7600002288818,0,0,1.45102155208588,0,50,50,50,0,0,24.7464618682861,15.7175
2026-09-01 02:30:00,2,0,0,2,25.0861330032349,24.7549991607666,25.2899990081787,23,21,30,10,24.2399988174439,25.75,0,0,1.4522539973259,0,50,50,50,0,0,24.7420778274536,15.705
2026-09-01 02:45:00,2,0,0,2,25.0874843597412,24.7399997711182,25.2899990081787,23,21,30,10,24.189998626709,25.75,0,0,1.44985139369965,0,50,50,50,0,0,24.7404899597168,15.6925
2026-09-01 03:00:00,2,0,0,2,25.0878038406372,24.774998664856,25.2799987792969,23,21,30,10,24.2699995040894,25.7449998855591,0,0,1.45081508159638,0,50,50,50,0,0,24.7382755279541,15.68
2026-09-01 03:15:00,2,0,0,2,25.0855789184571,24.7899990081787,25.2849988937378,23,21,30,10,24.2999992370606,25.7449998855591,0,0,1.45158517360688,0,50,50,50,0,0,24.736162185669,15.54
2026-09-01 03:30:00,2,0,0,2,25.0836410522461,24.7899990081787,25.2899990081787,23,21,30,10,24.3199996948242,25.7299995422363,0,0,1.45223927497864,0,50,50,50,0,0,24.7331066131592,15.4
2026-09-01 03:45:00,2,0,0,2,25.0880613327027,24.7799987792969,25.2849988937378,23,21,30,10,24.3249998092652,25.7399997711182,0,0,1.44980365037918,0,50,50,50,0,0,24.7286348342896,15.26
2026-09-01 04:00:00,2,0,0,2,25.1101627349854,24.7899990081787,25.269998550415,23,21,30,10,24.3400001525879,25.7299995422363,0,0,1.45042443275452,0,50,50,50,0,0,24.7042388916016,15.12
2026-09-01 04:15:00,2,0,0,2,25.0980091094971,24.7799987792969,25.274998664856,23,21,30,10,24.3599996566773,25.7399997711182,0,0,1.45014107227326,0,50,50,50,0,0,24.7106456756592,14.98
2026-09-01 04:30:00,2,0,0,2,25.0957317352295,24.8099994659424,25.269998550415,23,21,30,10,24.3599987030029,25.7399997711182,0,0,1.45248866081238,0,50,50,50,0,0,24.7129402160645,14.84
2026-09-01 04:45:00,2,0,0,2,25.0928506851196,24.7999992370606,25.269998550415,23,21,30,10,24.4049997329712,25.7299995422363,0,0,1.45162731409073,0,50,50,50,0,0,24.7115821838379,14.7
2026-09-01 05:00:00,2,0,0,2,25.0932693481445,24.8199996948242,25.2799987792969,23,21,30,10,24.4499988555908,25.7299995422363,0,0,1.49017488956451,0,50,50,50,0,0,24.7085704803467,14.56
2026-09-01 05:15:00,2,0,0,2,25.0658111572266,24.8149995803833,25.274998664856,23,21,30,10,24.4399995803833,25.7249994277954,0,0,1.46589797735215,0,50,50,50,0,0,24.7143926620484,14.42
2026-09-01 05:30:00,2,0,0,2,25.0524826049805,24.8199996948242,25.2600002288818,23,21,30,10,24.4699993133545,25.7299995422363,0,0,1.48986399173737,0,50,50,50,0,0,24.7177047729492,14.28
2026-09-01 05:45:00,2,0,0,2,25.0489873886109,24.8149995803833,25.2600002288818,23,21,30,10,24.4649991989136,25.7199993133545,0,0,1.47614914178848,0,50,50,50,0,0,24.7186470031739,14.14
2026-09-01 06:00:00,2,0,0,2,25.0461120605469,24.8500003814697,25.2600002288818,23,21,30,10,24.4699993133545,25.7099990844727,0,0,1.45563995838165,0,50,50,50,0,0,24.7128162384033,14
2026-09-01 06:15:00,2,0,0,2,25.0385704040528,24.8449993133545,25.2550001144409,23,21,30,10,24.4999990463257,25.7199993133545,0,0,1.45488226413727,0,50,50,50,0,0,24.7115869522095,14.03
2026-09-01 06:30:00,2,0,0,2,25.0363655090332,24.8199996948242,25.25,23,21,30,10,24.4899997711182,25.7099990844727,0,0,1.44893980026245,0,50,50,50,0,0,24.709888458252,14.06
2026-09-01 06:45:00,2,0,0,2,25.0466566085816,24.8399991989136,25.2449998855591,23,21,30,10,24.5449991226196,25.7099990844727,0,0,1.45354461669922,0,50,50,50,0,0,24.6951484680176,14.09
2026-09-01 07:00:00,2,0,0,2,25.0445976257324,24.8400001525879,25.25,23,21,30,10,24.519998550415,25.6999988555908,0,0,1.45171332359314,0,50,50,50,0,0,24.6918525695801,14.12
2026-09-01 07:15:00,2,0,0,2,25.0739994049073,24.8699989318848,25.2449998855591,23,21,30,10,24.5649995803833,25.7049989700318,0,0.5,1.76694494485855,0,50,50,50,0,0,24.6763162612915,14.1475
2026-09-01 07:30:00,2,0,0,2,25.0321884155273,24.8599987030029,25.2399997711182,23,21,30,10,24.6099987030029,25.7099990844727,0,1,3.05033087730408,0,50,50,50,0,0,24.3916053771973,14.175
2026-09-01 07:45:00,2,0,0,2,24.9851541519165,24.8500003814697,25.2149991989136,23,21,30,10,24.6249990463257,25.6849994659424,0,1,1.77008825540543,0,99.5,99.5,99.5,0,0,24.0118579864502,14.2025
2026-09-01 08:00:00,2,0,0,2,25.0176200866699,24.8599987030029,25.189998626709,23,21,30,10,24.6099987030029,25.6499996185303,0,1,1.45923483371735,0,102,102,102,0,0,23.9338130950928,14.23
2026-09-01 08:15:00,2,0,0,2,25.0147151947022,24.8549995422363,25.164999961853,23,21,30,10,24.6199989318848,25.609998703003,0,1,1.53334945440292,0,111,111,111,0,0,23.8247165679932,14.2575
2026-09-01 08:30:00,2,0,0,2,24.9955291748047,24.8400001525879,25.1399993896484,23,21,30,10,24.6299991607666,25.5699996948242,0,1,1.4537558555603,0,114,114,114,0,0,23.7189903259277,14.285
2026-09-01 08:45:00,2,0,0,2,24.9280958175659,24.8599987030029,25.1149997711182,23,21,30,10,24.6349992752075,25.5499992370606,0,1,1.45172220468521,0,123,123,123,0,0,23.418423652649,14.3125
2026-09-01 09:00:00,2,0,0,2,24.8852844238281,24.8500003814697,25.0799999237061,23,21,30,10,24.6299991607666,25.5399990081787,0,1,1.45397114753723,0,126,126,126,0,0,23.2776126861572,14.34
2026-09-01 09:15:00,2,0,0,2,24.8582191467285,24.8450002670288,25.0649995803833,23,21,30,10,24.6499996185303,25.4899997711182,0,1,1.45566248893738,0,135,135,135,0,0,23.2095279693604,14.68
2026-09-01 09:30:00,2,0,0,2,24.8365859985352,24.8599987030029,25.0599994659424,23,21,30,10,24.6399993896484,25.4599990844727,0,1,2.08428955078125,0,138,138,138,0,0,23.2751579284668,15.02
2026-09-01 09:45:00,2,0,0,2,24.8342523574829,24.8549995422363,25.0549993515015,23,21,30,10,24.6499996185303,25.4499988555908,0,1,1.47513395547867,0,141,141,141,0,0,23.4130420684814,15.36
2026-09-01 10:00:00,2,0,0,2,24.8260822296143,24.8500003814697,25.0499992370605,23,21,30,10,24.6700000762939,25.4300003051758,0,1,1.48062062263489,0,144,144,144,0,0,23.5206851959229,15.7
2026-09-01 10:15:00,2,0,0,2,24.8549728393555,24.835000038147,25.0499992370605,23,21,30,10,24.670000076294,25.439998626709,0,1,1.47714704275131,0,150,150,150,0,0,23.7446889877319,16.0375
2026-09-01 10:30:00,2,0,0,2,24.8745079040527,24.8299999237061,25.0599994659424,23,21,30,10,24.6800003051758,25.439998626709,0,1,1.4774581193924,0,150,150,150,0,0,23.8698387145996,16.375
2026-09-01 10:45:00,2,0,0,2,24.8959999084473,24.8450002670288,25.0599994659424,23,21,30,10,24.7149991989136,25.4499988555909,0,1,1.48431950807572,0,150,150,150,0,0,23.9901342391968,16.7125
2026-09-01 11:00:00,2,0,0,2,24.8957710266113,24.8400001525879,25.0599994659424,23,21,30,10,24.7399997711182,25.4499988555908,0,1,1.49167668819427,0,150,150,150,0,0,24.0401935577393,17.05
2026-09-01 11:15:00,2,0,0,2,24.8752641677857,24.8549995422363,25.0449991226196,23,21,30,10,24.7649993896484,25.4549989700318,0,1,1.78613632917404,0,150,150,150,0,0,24.124361038208,17.39
2026-09-01 11:30:00,2,0,0,2,24.8487586975098,24.8500003814697,25.0299987792969,23,21,30,10,24.7799987792969,25.4499988555908,0,1,1.46849489212036,0,150,150,150,0,0,24.176830291748,17.73
2026-09-01 11:45:00,2,0,0,2,24.8287687301636,24.8500003814697,25.0299987792969,23,21,30,10,24.7799987792969,25.4549989700318,0,1,2.33381587266922,0,150,150,150,0,0,24.2158870697022,18.07
2026-09-01 12:00:00,2,0,0,2,24.8044776916504,24.8599987030029,25.0299987792969,23,21,30,10,24.7799987792969,25.4499988555908,0,1,2.16228604316711,0,150,150,150,0,0,24.2408695220947,18.41
2026-09-01 12:15:00,2,0,0,2,24.7884883880615,24.8649988174439,25.024998664856,23,21,30,10,24.7549991607666,25.4449987411499,0,1,2.15904235839844,0,132,132,132,0,0,24.261552810669,18.66
2026-09-01 12:30:00,2,0,0,2,24.7749500274658,24.8500003814697,25.019998550415,23,21,30,10,24.6000003814697,25.4499988555908,0,1,2.16143703460693,0,132,132,132,0,0,24.2779121398926,18.91
2026-09-01 12:45:00,2,0,0,2,24.7621898651123,24.8500003814697,25.0100002288818,23,21,30,10,24.4349994659424,25.4449987411499,0,1,3.13399541378022,0,50,50,50,0,0,24.289514541626,19.16
2026-09-01 13:00:00,2,0,0,2,24.7479209899902,24.8500003814697,25.0100002288818,23,21,30,10,24.3799991607666,25.439998626709,0,1,3.13414239883423,0,50,50,50,0,0,24.2981777191162,19.41
2026-09-01 13:15:00,2,0,0,2,24.7353858947754,24.8149995803833,25,23,21,30,10,24.2249994277954,25.439998626709,0,1,2.16419005393982,0,50,50,50,0,0,24.3064975738526,19.66
2026-09-01 13:30:00,2,0,0,2,24.7228775024414,24.7799987792969,25,23,21,30,10,24.1000003814697,25.439998626709,0,1,2.16087627410889,0,50,50,50,0,0,24.3069076538086,19.91
2026-09-01 13:45:00,2,0,0,2,24.7136421203614,24.7649993896485,24.9949998855591,23,21,30,10,23.9399995803833,25.4349994659424,0,1,3.13314890861511,0,138,138,138,0,0,24.3095102310181,20.16
2026-09-01 14:00:00,2,0,0,2,24.7087287902832,24.7099990844727,24.9899997711182,23,21,30,10,23.8099994659424,25.4300003051758,0,1,3.1355311870575,0,138,138,138,0,0,24.3112392425537,20.41
2026-09-01 14:15:00,2,0,0,2,24.7027053833008,24.7049989700318,24.9849996566773,23,21,30,10,23.7299995422364,25.4300003051758,0,1,2.83121407032013,0,144,144,144,0,0,24.3114566802979,20.66
2026-09-01 14:30:00,2,0,0,2,24.6965103149414,24.6800003051758,24.9799995422363,23,21,30,10,23.6199989318848,25.4300003051758,0,1,3.13055992126465,0,144,144,144,0,0,24.3112487792969,20.91
2026-09-01 14:45:00,2,0,0,2,24.68288230896,24.6599998474121,24.9849996566773,23,21,30,10,23.5099992752075,25.4300003051758,0,0,1.52649068832398,0,144,144,144,0,0,24.2859706878663,21.16
2026-09-01 15:00:00,2,0,0,2,24.6779727935791,24.6399993896484,24.9899997711182,23,21,30,10,23.439998626709,25.4300003051758,0,0,1.52237784862518,0,144,144,144,0,0,24.2889461517334,21.41
2026-09-01 15:15:00,2,0,0,2,24.6893606185913,24.6049995422363,24.9849996566773,23,21,30,10,23.4499998092652,25.4300003051758,0,0,1.52274984121323,0,150,150,150,0,0,24.3009748458862,21.305
2026-09-01 15:30:00,2,0,0,2,24.6948413848877,24.5699996948242,25,23,21,30,10,23.3500003814697,25.439998626709,0,0,1.52491080760956,0,150,150,150,0,0,24.3124694824219,21.2
2026-09-01 15:45:00,2,0,0,2,24.6918716430664,24.5749998092652,24.9849996566773,23,21,30,10,23.4349994659424,25.4399995803833,0,0,1.52382814884186,0,150,150,150,0,0,24.3329486846924,21.095
2026-09-01 16:00:00,2,0,0,2,24.6976203918457,24.4899997711182,25.0100002288818,23,21,30,10,23.2899990081787,25.439998626709,0,0,1.52549195289612,0,150,150,150,0,0,24.3411083221436,20.99
2026-09-01 16:15:00,2,0,0,2,24.7013778686524,24.5199995040894,25.0050001144409,23,21,30,10,23.3199996948243,25.4449987411499,0,0,1.5238299369812,0,150,150,150,0,0,24.3531894683838,20.885
2026-09-01 16:30:00,2,0,0,2,24.7022399902344,24.519998550415,25,23,21,30,10,23.2999992370605,25.4499988555908,0,0,1.52016401290894,0,150,150,150,0,0,24.3624420166016,20.78
2026-09-01 16:45:00,2,0,0,2,24.7269840240479,24.5049991607666,25.0050001144409,23,21,30,10,23.4099998474121,25.4499988555908,0,0,1.51922899484634,0,138,138,138,0,0,24.3839025497437,20.675
2026-09-01 17:00:00,2,0,0,2,24.7489433288574,24.4899997711182,25.0100002288818,23,21,30,10,23.4200000762939,25.4599990844727,0,0,1.5194708108902,0,138,138,138,0,0,24.3964214324951,20.57
2026-09-01 17:15:00,2,0,0,2,24.757080078125,24.460000038147,25.0149993896484,23,21,30,10,23.4199991226196,25.4549989700318,0,0,1.52117985486985,0,138,138,138,0,0,24.4032220840454,20.465
2026-09-01 17:30:00,2,0,0,2,24.7745971679688,24.4899997711182,25.019998550415,23,21,30,10,23.4599990844727,25.4599990844727,0,0,1.52071583271027,0,138,138,138,0,0,24.4076404571533,20.36
2026-09-01 17:45:00,2,0,0,2,24.7784442901612,24.4449987411499,25.0199995040894,23,21,30,10,23.5099992752076,25.4549989700318,0,0,1.52033853530884,0,114,114,114,0,0,24.4251766204834,20.255
2026-09-01 18:00:00,2,0,0,2,24.769847869873,24.439998626709,25.0100002288818,23,21,30,10,23.4699993133545,25.4599990844727,0,0,1.52329874038696,0,114,114,114,0,0,24.4406661987305,20.15
2026-09-01 18:15:00,2,0,0,2,24.7674036026001,24.4349994659424,25.0349988937378,23,21,30,10,23.5799989700318,25.4699993133545,0,0,1.52400571107865,0,114,114,114,0,0,24.4458541870118,19.825
2026-09-01 18:30:00,2,0,0,2,24.777494430542,24.4499988555908,25.019998550415,23,21,30,10,23.5699996948242,25.4699993133545,0,0,1.52025508880615,0,114,114,114,0,0,24.4511318206787,19.5
2026-09-01 18:45:00,2,0,0,2,24.7803468704224,24.3949995040894,25.024998664856,23,21,30,10,23.5599994659424,25.4749994277954,0,0,1.52290463447571,0,50,50,50,0,0,24.456265449524,19.175
2026-09-01 19:00:00,2,0,0,2,24.7777042388916,24.3400001525879,25.0299987792969,23,21,30,10,23.6000003814697,25.4699993133545,0,0,1.52184402942657,0,50,50,50,0,0,24.4612941741943,18.85
2026-09-01 19:15:00,2,0,0,2,24.7766294479371,24.3999996185303,25.024998664856,23,21,30,10,23.6149997711182,25.4699993133545,0,0,1.52370381355286,0,50,50,50,0,0,24.4647960662842,18.5275
2026-09-01 19:30:00,2,0,0,2,24.7736206054688,24.3599987030029,25.0299987792969,23,21,30,10,23.6000003814697,25.4699993133545,0,0,1.52393043041229,0,50,50,50,0,0,24.4677104949951,18.205
2026-09-01 19:45:00,2,0,0,2,24.7818069458008,24.3799991607666,25.0399990081787,23,21,30,10,23.6249990463257,25.4799995422363,0,0,1.52461224794388,0,50,50,50,0,0,24.4746866226196,17.8825
2026-09-01 20:00:00,2,0,0,2,24.7852783203125,24.3400001525879,25.0299987792969,23,21,30,10,23.6299991607666,25.4799995422363,0,0,1.51635408401489,0,50,50,50,0,0,24.4766979217529,17.56
2026-09-01 20:15:00,2,0,0,2,24.7820253372192,24.3800001144409,25.0299987792969,23,21,30,10,23.7150001525879,25.4899997711182,0,0,1.48809731006623,0,50,50,50,0,0,24.4815654754639,17.235
2026-09-01 20:30:00,2,0,0,2,24.7876930236816,24.3999996185303,25.0499992370605,23,21,30,10,23.689998626709,25.4799995422363,0,0,1.44758796691895,0,50,50,50,0,0,24.4871826171875,16.91
2026-09-01 20:45:00,2,0,0,2,24.7937097549439,24.3949995040894,25.0349988937378,23,21,30,10,23.7549991607666,25.4799995422363,0,0,1.44875276088715,0,50,50,50,0,0,24.4865970611573,16.585
2026-09-01 21:00:00,2,0,0,2,24.8025341033936,24.3999996185303,25.0299987792969,23,21,30,10,23.7999992370605,25.4899997711182,0,0,1.4460780620575,0,50,50,50,0,0,24.4882202148438,16.26
2026-09-01 21:15:00,2,0,0,2,24.8142147064209,24.414999961853,25.0399990081787,23,21,30,10,23.7999992370606,25.4899997711182,0,0,1.44560116529465,0,50,50,50,0,0,24.4899339675904,16.1275
2026-09-01 21:30:00,2,0,0,2,24.8217105865479,24.3999996185303,25.0299987792969,23,21,30,10,23.8299999237061,25.4899997711182,0,0,1.44478011131287,0,50,50,50,0,0,24.492883682251,15.995
2026-09-01 21:45:00,2,0,0,2,24.8267402648926,24.4049997329712,25.0299987792969,23,21,30,10,23.8299999237061,25.4899997711182,0,0,1.4482855796814,0,50,50,50,0,0,24.4950637817383,15.8625
2026-09-01 22:00:00,2,0,0,2,24.828914642334,24.4200000762939,25.0399990081787,23,21,30,10,23.8500003814697,25.4899997711182,0,0,1.44872939586639,0,50,50,50,0,0,24.4980812072754,15.73
2026-09-01 22:15:00,2,0,0,2,24.8352699279785,24.3949995040894,25.0349988937378,23,21,30,10,23.8999996185303,25.4849996566773,0,0,1.4482097029686,0,50,50,50,0,0,24.49697971344,15.5975
2026-09-01 22:30:00,2,0,0,2,24.8445720672607,24.4499988555908,25.0499992370605,23,21,30,10,23.939998626709,25.4799995422363,0,0,1.44889533519745,0,50,50,50,0,0,24.4897327423096,15.465
2026-09-01 22:45:00,2,0,0,2,24.8409471511841,24.420000076294,25.0349988937378,23,21,30,10,23.8699989318848,25.4899997711182,0,0,1.44999593496323,0,50,50,50,0,0,24.4920339584351,15.3325
2026-09-01 23:00:00,2,0,0,2,24.8324947357178,24.3899993896484,25.0399990081787,23,21,30,10,23.939998626709,25.4799995422363,0,0,1.44896292686462,0,50,50,50,0,0,24.5008487701416,15.2
2026-09-01 23:15:00,2,0,0,2,24.8357753753662,24.414999961853,25.0399990081787,23,21,30,10,23.9499988555909,25.4899997711182,0,0,1.44763731956482,0,50,50,50,0,0,24.4965467453003,15.07
2026-09-01 23:30:00,2,0,0,2,24.8515605926514,24.4200000762939,25.0299987792969,23,21,30,10,23.9300003051758,25.5,0,0,1.44759130477905,0,50,50,50,0,0,24.4827480316162,14.94
2026-09-01 23:45:00,2,0,0,2,24.8501567840577,24.4199991226197,25.0349988937378,23,21,30,10,23.9499998092652,25.4899997711182,0,0,1.44830739498139,0,50,50,50,0,0,24.4846630096436,14.81
2026-09-02 00:00:00,2,0,0,2,24.8441677093506,24.4499988555908,25.0399990081787,23,21,30,10,24.019998550415,25.4899997711182,0,0,1.45111656188965,0,50,50,50,0,0,24.4945087432861,14.68
2026-09-02 00:15:00,2,0,0,2,24.84326171875,24.4149999618531,25.0399990081787,23,21,30,10,23.9899997711182,25.5050001144409,0,0,1.44827204942703,0,50,50,50,0,0,24.4966468811036,14.5875
2026-09-02 00:30:00,2,0,0,2,24.8340644836426,24.4099998474121,25.0399990081787,23,21,30,10,23.9899997711182,25.5,0,0,1.45154273509979,0,50,50,50,0,0,24.5042934417725,14.495
2026-09-02 00:45:00,2,0,0,2,24.8143272399902,24.4200000762939,25.0399990081787,23,21,30,10,24.0549993515015,25.4899997711182,0,0,1.45359945297242,0,50,50,50,0,0,24.5160245895386,14.4025
2026-09-02 01:00:00,2,0,0,2,24.8155994415283,24.4599990844727,25.0399990081787,23,21,30,10,24.0299987792969,25.5,0,0,1.45007658004761,0,50,50,50,0,0,24.5075721740723,14.31
2026-09-02 01:15:00,2,0,0,2,24.8392667770386,24.4499988555908,25.0399990081787,23,21,30,10,24.0950002670288,25.5,0,0,1.45046210289002,0,50,50,50,0,0,24.4986791610718,14.2175
2026-09-02 01:30:00,2,0,0,2,24.8351364135742,24.4099998474121,25.0399990081787,23,21,30,10,24.1199989318848,25.4899997711182,0,0,1.44875228404999,0,50,50,50,0,0,24.4968395233154,14.125
2026-09-02 01:45:00,2,0,0,2,24.8595132827759,24.4549989700318,25.0399990081787,23,21,30,10,24.1349992752075,25.5,0,0,1.45057684183121,0,50,50,50,0,0,24.4946899414063,14.0325
2026-09-02 02:00:00,2,0,0,2,24.8643360137939,24.4699993133545,25.0399990081787,23,21,30,10,24.1700000762939,25.5,0,0,1.45113730430603,0,50,50,50,0,0,24.4970073699951,13.94
2026-09-02 02:15:00,2,0,0,2,24.8712425231934,24.4749994277954,25.0399990081787,23,21,30,10,24.1849994659424,25.5,0,0,1.45101737976074,0,50,50,50,0,0,24.4902448654175,13.8475
2026-09-02 02:30:00,2,0,0,2,24.8853549957275,24.439998626709,25.0399990081787,23,21,30,10,24.1999988555908,25.5,0,0,1.45049726963043,0,50,50,50,0,0,24.4747867584229,13.755
2026-09-02 02:45:00,2,0,0,2,24.8749523162842,24.4749994277954,25.0399990081787,23,21,30,10,24.2149991989136,25.5100002288818,0,0,1.44932121038437,0,50,50,50,0,0,24.4863805770874,13.6625
2026-09-02 03:00:00,2,0,0,2,24.8753395080566,24.5,25.0399990081787,23,21,30,10,24.2199993133545,25.5,0,0,1.45150196552277,0,50,50,50,0,0,24.489236831665,13.57
2026-09-02 03:15:00,2,0,0,2,24.8723211288453,24.5100002288818,25.0349988937378,23,21,30,10,24.2549991607666,25.4899997711182,0,0,1.44753086566925,0,50,50,50,0,0,24.4894199371338,13.515
2026-09-02 03:30:00,2,0,0,2,24.8682250976562,24.519998550415,25.0299987792969,23,21,30,10,24.25,25.5,0,0,1.44926989078522,0,50,50,50,0,0,24.4923572540283,13.46
2026-09-02 03:45:00,2,0,0,2,24.8650302886963,24.5049991607666,25.0399990081787,23,21,30,10,24.274998664856,25.4949998855591,0,0,1.44987177848816,0,50,50,50,0,0,24.4889011383057,13.405
2026-09-02 04:00:00,2,0,0,2,24.8722820281982,24.5100002288818,25.0299987792969,23,21,30,10,24.2999992370605,25.5,0,0,1.44993817806244,0,50,50,50,0,0,24.4876575469971,13.35
2026-09-02 04:15:00,2,0,0,2,24.8744325637817,24.5299987792969,25.0349988937378,23,21,30,10,24.3049993515015,25.5,0,0,1.44837111234665,0,50,50,50,0,0,24.4817447662354,13.295
2026-09-02 04:30:00,2,0,0,2,24.8772315979004,24.519998550415,25.0299987792969,23,21,30,10,24.3400001525879,25.4899997711182,0,0,1.44697701931,0,50,50,50,0,0,24.4823513031006,13.24
2026-09-02 04:45:00,2,0,0,2,24.8728513717652,24.5299987792969,25.0399990081787,23,21,30,10,24.3450002670288,25.4799995422363,0,0,1.45060759782792,0,50,50,50,0,0,24.4823188781739,13.185
2026-09-02 05:00:00,2,0,0,2,24.8773460388184,24.5299987792969,25.0399990081787,23,21,30,10,24.3500003814697,25.4899997711182,0,0,1.45433437824249,0,50,50,50,0,0,24.4809913635254,13.13
2026-09-02 05:15:00,2,0,0,2,24.8519973754883,24.5649995803833,25.024998664856,23,21,30,10,24.3649988174439,25.4899997711182,0,0,1.4498981833458,0,50,50,50,0,0,24.4874467849732,13.075
2026-09-02 05:30:00,2,0,0,2,24.8435249328613,24.5499992370605,25.0299987792969,23,21,30,10,24.3799991607666,25.5,0,0,1.44930624961853,0,50,50,50,0,0,24.4921226501465,13.02
2026-09-02 05:45:00,2,0,0,2,24.828821182251,24.5549993515015,25.0299987792969,23,21,30,10,24.3999996185303,25.4849996566773,0,0,1.44973677396775,0,50,50,50,0,0,24.4965829849244,12.965
2026-09-02 06:00:00,2,0,0,2,24.8300952911377,24.6000003814697,25.0299987792969,23,21,30,10,24.3899993896484,25.4899997711182,0,0,1.45102274417877,0,50,50,50,0,0,24.4963264465332,12.91
2026-09-02 06:15:00,2,0,0,2,24.837574005127,24.5799999237061,25.019998550415,23,21,30,10,24.420000076294,25.4799995422364,0,0,1.45203614234925,0,50,50,50,0,0,24.4895181655884,12.96
2026-09-02 06:30:00,2,0,0,2,24.8374671936035,24.6199989318848,25.0299987792969,23,21,30,10,24.4300003051758,25.4799995422363,0,0,1.44931471347809,0,50,50,50,0,0,24.4897136688232,13.01
2026-09-02 06:45:00,2,0,0,2,24.8551206588746,24.6000003814697,25.0199995040894,23,21,30,10,24.4549989700318,25.4849996566773,0,0,1.46714490652084,0,50,50,50,0,0,24.470308303833,13.06
2026-09-02 07:00:00,2,0,0,2,24.8780574798584,24.6099987030029,25.019998550415,23,21,30,10,24.4799995422363,25.4899997711182,0,0,1.46933710575104,0,50,50,50,0,0,24.4489860534668,13.11
2026-09-02 07:15:00,2,0,0,2,24.8595876693726,24.6049995422363,25.0349988937378,23,21,30,10,24.4849996566773,25.4749994277954,0,0,2.27230054140091,0,50,50,50,0,0,24.4597826004029,13.16
2026-09-02 07:30:00,2,0,0,2,24.7854976654053,24.6299991607666,25.019998550415,23,21,30,10,24.5,25.4799995422363,0,0,3.06841421127319,0,50,50,50,0,0,24.1449317932129,13.21
2026-09-02 07:45:00,2,0,0,2,24.7650194168091,24.6299991607666,25,23,21,30,10,24.5,25.4599990844727,0,0,3.07053601741791,0,88,88,88,0,0,23.7733507156372,13.26
2026-09-02 08:00:00,2,0,0,2,24.7515716552734,24.6399993896484,24.9699993133545,23,21,30,10,24.5100002288818,25.4300003051758,0,0,3.08216118812561,0,91,91,91,0,0,23.5161437988281,
2026-09-02 08:15:00,2,0,0,2,24.7421598434448,24.6149988174439,24.9499988555909,23,21,30,10,24.5149993896484,25.4099998474121,0,0,3.07797384262085,0,99.5,99.5,99.5,0,0,23.3918828964234,
2026-09-02 08:30:00,2,0,0,2,24.7382469177246,24.6099987030029,24.9300003051758,23,21,30,10,24.519998550415,25.3799991607666,0,0,3.07596778869629,0,102,102,102,0,0,23.3491439819336,
2026-09-02 08:45:00,2,0,0,2,24.7216501235962,24.6199989318848,24.920000076294,23,21,30,10,24.524998664856,25.3649988174439,0,0,1.7868766784668,0,111,111,111,0,0,23.3641996383667,
2026-09-02 09:00:00,2,0,0,2,24.7191886901855,24.6399993896484,24.9300003051758,23,21,30,10,24.5299987792969,25.3400001525879,0,0,1.47471642494202,0,114,114,114,0,0,23.449951171875,
2026-09-02 09:15:00,2,0,0,2,24.7527151107789,24.6399993896485,24.914999961853,23,21,30,10,24.5399990081787,25.3249998092652,0,0,1.46766370534897,0,123,123,123,0,0,23.6326971054078,
2026-09-02 09:30:00,2,0,0,2,24.7627582550049,24.6499996185303,24.9200000762939,23,21,30,10,24.5399990081787,25.3199996948242,0,0,1.47828674316406,0,126,126,126,0,0,23.7005405426025,
2026-09-02 09:45:00,2,0,0,2,24.7858123779297,24.6499996185303,24.9099998474121,23,21,30,10,24.5499992370605,25.3299999237061,0,0,1.47091615200043,0,126,126,126,0,0,23.7820739746094,
